# Blender 4.4.1
# www.blender.org
mtllib enemy.mtl
o 球.001
v 0.000000 0.466869 -0.235609
v 0.000000 0.330237 -0.374280
v 0.000000 0.151719 -0.449328
v 0.000000 0.055106 -0.458985
v 0.000000 -0.041507 -0.449328
v 0.000000 -0.220025 -0.374280
v 0.018954 0.540814 -0.052543
v 0.037179 0.512633 -0.145018
v 0.053975 0.466869 -0.230244
v 0.068697 0.405282 -0.304944
v 0.080779 0.330237 -0.366250
v 0.089757 0.244620 -0.411804
v 0.095286 0.151719 -0.439856
v 0.097152 0.055106 -0.449328
v 0.095286 -0.041507 -0.439856
v 0.089757 -0.134408 -0.411804
v 0.080779 -0.220025 -0.366250
v 0.068697 -0.295069 -0.304944
v 0.053975 -0.356657 -0.230244
v 0.037179 -0.402420 -0.145018
v 0.018954 -0.430601 -0.052543
v 0.037179 0.540814 -0.046963
v 0.072929 0.512633 -0.134073
v 0.105876 0.466869 -0.214353
v 0.134754 0.405282 -0.284720
v 0.158454 0.330237 -0.342468
v 0.176065 0.244620 -0.385379
v 0.186910 0.151719 -0.411804
v 0.190571 0.055106 -0.420726
v 0.186910 -0.041507 -0.411804
v 0.176065 -0.134408 -0.385379
v 0.158454 -0.220025 -0.342468
v 0.134754 -0.295069 -0.284720
v 0.105876 -0.356657 -0.214353
v 0.072929 -0.402420 -0.134073
v 0.037179 -0.430601 -0.046963
v 0.053975 0.540814 -0.037902
v 0.105876 0.512633 -0.116299
v 0.153708 0.466869 -0.188549
v 0.195633 0.405282 -0.251877
v 0.230040 0.330237 -0.303850
v 0.255607 0.244620 -0.342468
v 0.271351 0.151719 -0.366250
v 0.276667 0.055106 -0.374280
v 0.271351 -0.041507 -0.366250
v 0.255607 -0.134408 -0.342468
v 0.230040 -0.220025 -0.303850
v 0.195633 -0.295069 -0.251877
v 0.153708 -0.356657 -0.188549
v 0.105876 -0.402420 -0.116299
v 0.053975 -0.430601 -0.037902
v 0.068697 0.540814 -0.025708
v 0.134754 0.512633 -0.092378
v 0.195633 0.466869 -0.153823
v 0.248994 0.405282 -0.207679
v 0.292785 0.330237 -0.251877
v 0.325326 0.244620 -0.284720
v 0.345364 0.151719 -0.304944
v 0.352130 0.055106 -0.311773
v 0.345364 -0.041507 -0.304944
v 0.325326 -0.134408 -0.284720
v 0.292785 -0.220025 -0.251877
v 0.248994 -0.295069 -0.207679
v 0.195633 -0.356657 -0.153823
v 0.134754 -0.402420 -0.092378
v 0.068697 -0.430601 -0.025708
v 0.080779 0.540814 -0.010849
v 0.158454 0.512633 -0.063232
v 0.230040 0.466869 -0.111508
v 0.292785 0.405282 -0.153823
v 0.344279 0.330237 -0.188549
v 0.382542 0.244620 -0.214354
v 0.406105 0.151719 -0.230244
v 0.414061 0.055106 -0.235609
v 0.406105 -0.041507 -0.230244
v 0.382542 -0.134408 -0.214354
v 0.344279 -0.220025 -0.188549
v 0.292785 -0.295069 -0.153823
v 0.230040 -0.356657 -0.111508
v 0.158454 -0.402420 -0.063232
v 0.080779 -0.430601 -0.010849
v 0.000000 0.550329 0.043628
v 0.089757 0.540814 0.006104
v 0.176065 0.512633 -0.029978
v 0.255607 0.466869 -0.063232
v 0.325326 0.405282 -0.092379
v 0.382542 0.330237 -0.116299
v 0.425058 0.244620 -0.134073
v 0.451240 0.151719 -0.145018
v 0.460080 0.055106 -0.148714
v 0.451240 -0.041507 -0.145018
v 0.425058 -0.134408 -0.134073
v 0.382542 -0.220025 -0.116299
v 0.325326 -0.295069 -0.092379
v 0.255607 -0.356657 -0.063232
v 0.176065 -0.402420 -0.029978
v 0.089757 -0.430601 0.006104
v 0.095286 0.540814 0.024498
v 0.186910 0.512633 0.006104
v 0.271351 0.466869 -0.010849
v 0.345364 0.405282 -0.025708
v 0.406105 0.330237 -0.037902
v 0.451240 0.244620 -0.046963
v 0.479033 0.151719 -0.052543
v 0.488418 0.055106 -0.054427
v 0.479033 -0.041507 -0.052543
v 0.451240 -0.134408 -0.046963
v 0.406105 -0.220025 -0.037902
v 0.345364 -0.295069 -0.025708
v 0.271351 -0.356657 -0.010849
v 0.186910 -0.402420 0.006104
v 0.095286 -0.430601 0.024498
v 0.097152 0.540814 0.043628
v 0.190571 0.512633 0.043628
v 0.276667 0.466869 0.043628
v 0.352130 0.405282 0.043627
v 0.414061 0.330237 0.043628
v 0.460080 0.244620 0.043627
v 0.488418 0.151719 0.043628
v 0.497987 0.055106 0.043628
v 0.488418 -0.041507 0.043628
v 0.460080 -0.134408 0.043627
v 0.414061 -0.220025 0.043628
v 0.352130 -0.295069 0.043627
v 0.276667 -0.356657 0.043628
v 0.190571 -0.402420 0.043628
v 0.097152 -0.430601 0.043628
v 0.095286 0.540814 0.062757
v 0.186910 0.512633 0.081151
v 0.271351 0.466869 0.098104
v 0.345364 0.405282 0.112963
v 0.406105 0.330237 0.125157
v 0.451240 0.244620 0.134218
v 0.479033 0.151719 0.139798
v 0.488418 0.055106 0.141682
v 0.479033 -0.041507 0.139798
v 0.451240 -0.134408 0.134218
v 0.406105 -0.220025 0.125157
v 0.345364 -0.295069 0.112963
v 0.271351 -0.356657 0.098104
v 0.186910 -0.402420 0.081151
v 0.095286 -0.430601 0.062757
v 0.089757 0.540814 0.081151
v 0.176065 0.512633 0.117233
v 0.255607 0.466869 0.150487
v 0.325326 0.405282 0.179633
v 0.382542 0.330237 0.203554
v 0.425058 0.244620 0.221328
v 0.451240 0.151719 0.232273
v 0.460080 0.055106 0.235969
v 0.451240 -0.041507 0.232273
v 0.425058 -0.134408 0.221328
v 0.382542 -0.220025 0.203554
v 0.325326 -0.295069 0.179633
v 0.255607 -0.356657 0.150487
v 0.176065 -0.402420 0.117233
v 0.089757 -0.430601 0.081151
v 0.080779 0.540814 0.098104
v 0.158454 0.512633 0.150487
v 0.230040 0.466869 0.198763
v 0.292785 0.405282 0.241078
v 0.344279 0.330237 0.275804
v 0.382542 0.244620 0.301608
v 0.406105 0.151719 0.317499
v 0.414061 0.055106 0.322864
v 0.406105 -0.041507 0.317499
v 0.382542 -0.134408 0.301608
v 0.344279 -0.220025 0.275804
v 0.292785 -0.295069 0.241078
v 0.230040 -0.356657 0.198763
v 0.158454 -0.402420 0.150487
v 0.080779 -0.430601 0.098104
v 0.068697 0.540814 0.112963
v 0.134754 0.512633 0.179633
v 0.195633 0.466869 0.241078
v 0.248993 0.405282 0.294934
v 0.292785 0.330237 0.339132
v 0.325326 0.244620 0.371975
v 0.345364 0.151719 0.392199
v 0.352130 0.055106 0.399028
v 0.345364 -0.041507 0.392199
v 0.325326 -0.134408 0.371975
v 0.292785 -0.220025 0.339132
v 0.248993 -0.295069 0.294934
v 0.195633 -0.356657 0.241078
v 0.134754 -0.402420 0.179633
v 0.068697 -0.430601 0.112963
v 0.053975 0.540814 0.125157
v 0.105876 0.512633 0.203554
v 0.153708 0.466869 0.275804
v 0.195633 0.405282 0.339132
v 0.230040 0.330237 0.391105
v 0.255607 0.244620 0.429723
v 0.271351 0.151719 0.453505
v 0.276666 0.055106 0.461535
v 0.271351 -0.041507 0.453505
v 0.255607 -0.134408 0.429723
v 0.230040 -0.220025 0.391105
v 0.195633 -0.295069 0.339132
v 0.153708 -0.356657 0.275804
v 0.105876 -0.402420 0.203554
v 0.053975 -0.430601 0.125157
v 0.037179 0.540814 0.134218
v 0.072928 0.512633 0.221328
v 0.105876 0.466869 0.301608
v 0.134754 0.405282 0.371975
v 0.158454 0.330237 0.429723
v 0.176065 0.244620 0.472634
v 0.186909 0.151719 0.499059
v 0.190571 0.055106 0.507981
v 0.186909 -0.041507 0.499059
v 0.176065 -0.134408 0.472634
v 0.158454 -0.220025 0.429723
v 0.134754 -0.295069 0.371975
v 0.105876 -0.356657 0.301608
v 0.072928 -0.402420 0.221328
v 0.037179 -0.430601 0.134218
v 0.018953 0.540814 0.139798
v 0.037179 0.512633 0.232273
v 0.053975 0.466869 0.317499
v 0.068697 0.405282 0.392199
v 0.080779 0.330237 0.453505
v 0.089757 0.244620 0.499059
v 0.095286 0.151719 0.527110
v 0.097152 0.055106 0.536582
v 0.095286 -0.041507 0.527110
v 0.089757 -0.134408 0.499059
v 0.080779 -0.220025 0.453505
v 0.068697 -0.295069 0.392199
v 0.053975 -0.356657 0.317499
v 0.037179 -0.402420 0.232273
v 0.018953 -0.430601 0.139798
v -0.000000 0.540814 0.141682
v -0.000000 0.512633 0.235969
v -0.000000 0.466869 0.322864
v -0.000000 0.405282 0.399028
v -0.000000 0.330237 0.461535
v 0.000000 0.244620 0.507981
v -0.000000 0.151719 0.536582
v -0.000000 0.055106 0.546240
v -0.000000 -0.041507 0.536582
v 0.000000 -0.134408 0.507981
v -0.000000 -0.220025 0.461535
v -0.000000 -0.295069 0.399028
v -0.000000 -0.356657 0.322864
v -0.000000 -0.402420 0.235969
v -0.000000 -0.430601 0.141682
v -0.018953 0.540814 0.139798
v -0.037179 0.512633 0.232273
v -0.053975 0.466869 0.317499
v -0.068697 0.405282 0.392199
v -0.080779 0.330237 0.453505
v -0.089757 0.244620 0.499059
v -0.095286 0.151719 0.527110
v -0.097153 0.055106 0.536582
v -0.095286 -0.041507 0.527110
v -0.089757 -0.134408 0.499059
v -0.080779 -0.220025 0.453505
v -0.068697 -0.295069 0.392199
v -0.053975 -0.356657 0.317499
v -0.037179 -0.402420 0.232273
v -0.018953 -0.430601 0.139798
v -0.037179 0.540814 0.134218
v -0.072929 0.512633 0.221328
v -0.105876 0.466869 0.301608
v -0.134754 0.405282 0.371975
v -0.158454 0.330237 0.429723
v -0.176065 0.244620 0.472634
v -0.186910 0.151719 0.499058
v -0.190571 0.055106 0.507981
v -0.186910 -0.041507 0.499058
v -0.176065 -0.134408 0.472634
v -0.158454 -0.220025 0.429723
v -0.134754 -0.295069 0.371975
v -0.105876 -0.356657 0.301608
v -0.072929 -0.402420 0.221328
v -0.037179 -0.430601 0.134218
v -0.053975 0.540814 0.125157
v -0.105876 0.512633 0.203554
v -0.153708 0.466869 0.275804
v -0.195633 0.405282 0.339132
v -0.230040 0.330237 0.391104
v -0.255607 0.244620 0.429723
v -0.271351 0.151719 0.453505
v -0.276667 0.055106 0.461534
v -0.271351 -0.041507 0.453505
v -0.255607 -0.134408 0.429723
v -0.230040 -0.220025 0.391104
v -0.195633 -0.295069 0.339132
v -0.153708 -0.356657 0.275804
v -0.105876 -0.402420 0.203554
v -0.053975 -0.430601 0.125157
v -0.068697 0.540814 0.112963
v -0.134754 0.512633 0.179633
v -0.195633 0.466869 0.241077
v -0.248993 0.405282 0.294934
v -0.292785 0.330237 0.339132
v -0.325326 0.244620 0.371975
v -0.345364 0.151719 0.392199
v -0.352130 0.055106 0.399028
v -0.345364 -0.041507 0.392199
v -0.325326 -0.134408 0.371975
v -0.292785 -0.220025 0.339132
v -0.248993 -0.295069 0.294934
v -0.195633 -0.356657 0.241077
v -0.134754 -0.402420 0.179633
v -0.068697 -0.430601 0.112963
v 0.000000 -0.440117 0.043628
v -0.080779 0.540814 0.098104
v -0.158454 0.512633 0.150487
v -0.230040 0.466869 0.198763
v -0.292785 0.405282 0.241078
v -0.344279 0.330237 0.275804
v -0.382542 0.244620 0.301608
v -0.406105 0.151719 0.317498
v -0.414061 0.055106 0.322864
v -0.406105 -0.041507 0.317498
v -0.382542 -0.134408 0.301608
v -0.344279 -0.220025 0.275804
v -0.292785 -0.295069 0.241078
v -0.230040 -0.356657 0.198763
v -0.158454 -0.402420 0.150487
v -0.080779 -0.430601 0.098104
v -0.089757 0.540814 0.081151
v -0.176065 0.512633 0.117233
v -0.255607 0.466869 0.150487
v -0.325326 0.405282 0.179633
v -0.382542 0.330237 0.203553
v -0.425058 0.244620 0.221328
v -0.451240 0.151719 0.232273
v -0.460080 0.055106 0.235969
v -0.451240 -0.041507 0.232273
v -0.425058 -0.134408 0.221328
v -0.382542 -0.220025 0.203553
v -0.325326 -0.295069 0.179633
v -0.255607 -0.356657 0.150487
v -0.176065 -0.402420 0.117233
v -0.089757 -0.430601 0.081151
v -0.095286 0.540814 0.062757
v -0.186910 0.512633 0.081151
v -0.271350 0.466869 0.098104
v -0.345364 0.405282 0.112963
v -0.406105 0.330237 0.125157
v -0.451240 0.244620 0.134218
v -0.479033 0.151719 0.139798
v -0.488418 0.055106 0.141682
v -0.479033 -0.041507 0.139798
v -0.451240 -0.134408 0.134218
v -0.406105 -0.220025 0.125157
v -0.345364 -0.295069 0.112963
v -0.271350 -0.356657 0.098104
v -0.186910 -0.402420 0.081151
v -0.095286 -0.430601 0.062757
v -0.097152 0.540814 0.043627
v -0.190571 0.512633 0.043627
v -0.276667 0.466869 0.043627
v -0.352130 0.405282 0.043627
v -0.414061 0.330237 0.043627
v -0.460080 0.244620 0.043627
v -0.488418 0.151719 0.043627
v -0.497986 0.055106 0.043627
v -0.488418 -0.041507 0.043627
v -0.460080 -0.134408 0.043627
v -0.414061 -0.220025 0.043627
v -0.352130 -0.295069 0.043627
v -0.276667 -0.356657 0.043627
v -0.190571 -0.402420 0.043627
v -0.097152 -0.430601 0.043627
v -0.095286 0.540814 0.024498
v -0.186910 0.512633 0.006104
v -0.271350 0.466869 -0.010849
v -0.345364 0.405282 -0.025708
v -0.406105 0.330237 -0.037902
v -0.451239 0.244620 -0.046963
v -0.479033 0.151719 -0.052543
v -0.488418 0.055106 -0.054428
v -0.479033 -0.041507 -0.052543
v -0.451239 -0.134408 -0.046963
v -0.406105 -0.220025 -0.037902
v -0.345364 -0.295069 -0.025708
v -0.271350 -0.356657 -0.010849
v -0.186910 -0.402420 0.006104
v -0.095286 -0.430601 0.024498
v -0.089757 0.540814 0.006104
v -0.176065 0.512633 -0.029978
v -0.255607 0.466869 -0.063232
v -0.325326 0.405282 -0.092378
v -0.382542 0.330237 -0.116299
v -0.425058 0.244620 -0.134073
v -0.451239 0.151719 -0.145018
v -0.460079 0.055106 -0.148714
v -0.451239 -0.041507 -0.145018
v -0.425058 -0.134408 -0.134073
v -0.382542 -0.220025 -0.116299
v -0.325326 -0.295069 -0.092378
v -0.255607 -0.356657 -0.063232
v -0.176065 -0.402420 -0.029978
v -0.089757 -0.430601 0.006104
v -0.080779 0.540814 -0.010849
v -0.158454 0.512633 -0.063232
v -0.230040 0.466869 -0.111508
v -0.292785 0.405282 -0.153823
v -0.344279 0.330237 -0.188549
v -0.382542 0.244620 -0.214353
v -0.406105 0.151719 -0.230244
v -0.414060 0.055106 -0.235609
v -0.406105 -0.041507 -0.230244
v -0.382542 -0.134408 -0.214353
v -0.344279 -0.220025 -0.188549
v -0.292785 -0.295069 -0.153823
v -0.230040 -0.356657 -0.111508
v -0.158454 -0.402420 -0.063232
v -0.080779 -0.430601 -0.010849
v -0.068697 0.540814 -0.025708
v -0.134754 0.512633 -0.092378
v -0.195633 0.466869 -0.153823
v -0.248993 0.405282 -0.207679
v -0.292785 0.330237 -0.251877
v -0.325326 0.244620 -0.284720
v -0.345364 0.151719 -0.304944
v -0.352129 0.055106 -0.311773
v -0.345364 -0.041507 -0.304944
v -0.325326 -0.134408 -0.284720
v -0.292785 -0.220025 -0.251877
v -0.248993 -0.295069 -0.207679
v -0.195633 -0.356657 -0.153823
v -0.134754 -0.402420 -0.092378
v -0.068697 -0.430601 -0.025708
v -0.053975 0.540814 -0.037902
v -0.105876 0.512633 -0.116299
v -0.153708 0.466869 -0.188549
v -0.195633 0.405282 -0.251877
v -0.230040 0.330237 -0.303849
v -0.255607 0.244620 -0.342468
v -0.271350 0.151719 -0.366250
v -0.276666 0.055106 -0.374279
v -0.271350 -0.041507 -0.366250
v -0.255607 -0.134408 -0.342468
v -0.230040 -0.220025 -0.303849
v -0.195633 -0.295069 -0.251877
v -0.153708 -0.356657 -0.188549
v -0.105876 -0.402420 -0.116299
v -0.053975 -0.430601 -0.037902
v -0.037179 0.540814 -0.046963
v -0.072928 0.512633 -0.134073
v -0.105876 0.466869 -0.214353
v -0.134754 0.405282 -0.284720
v -0.158454 0.330237 -0.342468
v -0.176065 0.244620 -0.385379
v -0.186909 0.151719 -0.411803
v -0.190571 0.055106 -0.420726
v -0.186909 -0.041507 -0.411803
v -0.176065 -0.134408 -0.385379
v -0.158454 -0.220025 -0.342468
v -0.134754 -0.295069 -0.284720
v -0.105876 -0.356657 -0.214353
v -0.072928 -0.402420 -0.134073
v -0.037179 -0.430601 -0.046963
v -0.018953 0.540814 -0.052543
v -0.037179 0.512633 -0.145018
v -0.053975 0.466869 -0.230243
v -0.068697 0.405282 -0.304944
v -0.080779 0.330237 -0.366249
v -0.089757 0.244620 -0.411803
v -0.095285 0.151719 -0.439855
v -0.097152 0.055106 -0.449327
v -0.095285 -0.041507 -0.439855
v -0.089757 -0.134408 -0.411803
v -0.080779 -0.220025 -0.366249
v -0.068697 -0.295069 -0.304944
v -0.053975 -0.356657 -0.230243
v -0.037179 -0.402420 -0.145018
v -0.018953 -0.430601 -0.052543
v 0.000000 0.540814 -0.054427
v 0.000000 0.512633 -0.148714
v 0.000000 0.405282 -0.311773
v 0.000000 0.244620 -0.420726
v 0.000000 -0.134408 -0.420726
v 0.000000 -0.295069 -0.311773
v 0.000000 -0.356657 -0.235609
v 0.000000 -0.402420 -0.148714
v 0.000000 -0.430601 -0.054427
v 0.000000 0.531447 -0.029255
v 0.016703 0.531447 -0.027901
v 0.032764 0.531447 -0.023888
v 0.047566 0.531447 -0.017373
v 0.060541 0.531447 -0.008605
v 0.071188 0.531447 0.002079
v 0.079100 0.531447 0.014269
v 0.083972 0.531447 0.027495
v 0.085617 0.531447 0.041250
v 0.083972 0.531447 0.055005
v 0.079100 0.531447 0.068232
v 0.071188 0.531447 0.080421
v 0.060541 0.531447 0.091105
v 0.047566 0.531447 0.099873
v 0.032764 0.531447 0.106389
v 0.016703 0.531447 0.110401
v 0.000000 0.531447 0.111756
v -0.016703 0.531447 0.110401
v -0.032764 0.531447 0.106389
v -0.047566 0.531447 0.099873
v -0.060541 0.531447 0.091105
v -0.071188 0.531447 0.080421
v -0.079100 0.531447 0.068232
v -0.083972 0.531447 0.055005
v -0.085617 0.531447 0.041250
v -0.083972 0.531447 0.027495
v -0.079100 0.531447 0.014269
v -0.071188 0.531447 0.002079
v -0.060541 0.531447 -0.008605
v -0.047566 0.531447 -0.017373
v -0.032764 0.531447 -0.023888
v -0.016703 0.531447 -0.027901
v 0.000000 0.842579 0.041250
v -0.364486 0.366061 -0.029255
v -0.353833 0.378927 -0.027901
v -0.343591 0.391298 -0.023888
v -0.334151 0.402700 -0.017373
v -0.325877 0.412693 -0.008605
v -0.319087 0.420895 0.002079
v -0.314041 0.426989 0.014269
v -0.310934 0.430742 0.027495
v -0.309885 0.432009 0.041250
v -0.310934 0.430742 0.055005
v -0.314041 0.426989 0.068232
v -0.319087 0.420895 0.080421
v -0.325877 0.412693 0.091105
v -0.334151 0.402700 0.099873
v -0.343591 0.391298 0.106389
v -0.353833 0.378927 0.110401
v -0.364486 0.366061 0.111756
v -0.375138 0.353196 0.110401
v -0.385380 0.340824 0.106389
v -0.394820 0.329423 0.099873
v -0.403094 0.319429 0.091105
v -0.409884 0.311228 0.080421
v -0.414930 0.305133 0.068232
v -0.418037 0.301381 0.055005
v -0.419086 0.300114 0.041250
v -0.418037 0.301381 0.027495
v -0.414930 0.305133 0.014269
v -0.409884 0.311228 0.002079
v -0.403094 0.319429 -0.008605
v -0.394820 0.329423 -0.017373
v -0.385380 0.340824 -0.023888
v -0.375138 0.353196 -0.027901
v -0.604139 0.564480 0.041250
v 0.375628 0.356360 0.116860
v 0.364937 0.369226 0.115869
v 0.354567 0.381598 0.112208
v 0.344917 0.392999 0.106019
v 0.336357 0.402993 0.097538
v 0.329217 0.411194 0.087091
v 0.323770 0.417288 0.075081
v 0.320227 0.421041 0.061968
v 0.318722 0.422308 0.048256
v 0.319315 0.421041 0.034473
v 0.321982 0.417288 0.021149
v 0.326621 0.411194 0.008794
v 0.333054 0.402993 -0.002116
v 0.341033 0.392999 -0.011161
v 0.350251 0.381598 -0.017995
v 0.360355 0.369226 -0.022354
v 0.370956 0.356360 -0.024072
v 0.381647 0.343495 -0.023081
v 0.392017 0.331123 -0.019421
v 0.401667 0.319722 -0.013231
v 0.410227 0.309728 -0.004750
v 0.417368 0.301527 0.005697
v 0.422814 0.295433 0.017707
v 0.426358 0.291680 0.030820
v 0.427862 0.290413 0.044531
v 0.427269 0.291680 0.058314
v 0.424602 0.295433 0.071639
v 0.419963 0.301527 0.083994
v 0.413530 0.309728 0.094904
v 0.405552 0.319722 0.103949
v 0.396333 0.331123 0.110783
v 0.386229 0.343495 0.115142
v 0.612810 0.554779 0.038219
v 0.077587 0.363972 -0.322776
v 0.075147 0.376837 -0.312168
v 0.070145 0.389209 -0.302250
v 0.062774 0.400610 -0.293404
v 0.053316 0.410604 -0.285969
v 0.042136 0.418805 -0.280232
v 0.029662 0.424899 -0.276413
v 0.016375 0.428652 -0.274658
v 0.002784 0.429919 -0.275036
v -0.010588 0.428652 -0.277531
v -0.023226 0.424899 -0.282047
v -0.034646 0.418805 -0.288412
v -0.044409 0.410604 -0.296380
v -0.052139 0.400610 -0.305646
v -0.057539 0.389209 -0.315852
v -0.060402 0.376837 -0.326608
v -0.060617 0.363972 -0.337499
v -0.058178 0.351106 -0.348108
v -0.053176 0.338734 -0.358026
v -0.045804 0.327333 -0.366872
v -0.036347 0.317339 -0.374306
v -0.025166 0.309138 -0.380043
v -0.012692 0.303044 -0.383862
v 0.000595 0.299291 -0.385617
v 0.014186 0.298024 -0.385240
v 0.027557 0.299291 -0.382745
v 0.040196 0.303044 -0.378228
v 0.051616 0.309138 -0.371863
v 0.061379 0.317339 -0.363895
v 0.069109 0.327333 -0.354630
v 0.074509 0.338734 -0.344423
v 0.077372 0.351106 -0.333667
v 0.033507 0.562390 -0.571992
v -0.058503 0.364749 0.408412
v -0.057324 0.377517 0.397466
v -0.053520 0.389794 0.386901
v -0.047238 0.401108 0.377123
v -0.038719 0.411024 0.368508
v -0.028290 0.419162 0.361387
v -0.016353 0.425208 0.356033
v -0.003365 0.428931 0.352653
v 0.010174 0.430187 0.351375
v 0.023743 0.428927 0.352251
v 0.036821 0.425201 0.355245
v 0.048906 0.419152 0.360242
v 0.059533 0.411011 0.367051
v 0.068294 0.401092 0.375410
v 0.074852 0.389776 0.384998
v 0.078955 0.377498 0.395446
v 0.080446 0.364730 0.406352
v 0.079267 0.351962 0.417298
v 0.075463 0.339685 0.427864
v 0.069181 0.328371 0.437642
v 0.060661 0.318455 0.446257
v 0.050233 0.310317 0.453378
v 0.038295 0.304271 0.458732
v 0.025308 0.300548 0.462112
v 0.011769 0.299292 0.463389
v -0.001800 0.300552 0.462514
v -0.014878 0.304278 0.459520
v -0.026963 0.310327 0.454523
v -0.037591 0.318468 0.447714
v -0.046352 0.328387 0.439355
v -0.052910 0.339702 0.429767
v -0.057013 0.351980 0.419319
v 0.014473 0.565335 0.648694
v -0.126812 0.465523 -0.166775
v -0.116000 0.475320 -0.158412
v -0.107170 0.485028 -0.148196
v -0.100660 0.494276 -0.136518
v -0.096721 0.502707 -0.123828
v -0.095504 0.509998 -0.110614
v -0.097056 0.515868 -0.097382
v -0.101317 0.520092 -0.084642
v -0.108124 0.522508 -0.072883
v -0.117215 0.523022 -0.062557
v -0.128240 0.521616 -0.054061
v -0.140776 0.518342 -0.047722
v -0.154341 0.513327 -0.043782
v -0.168414 0.506763 -0.042394
v -0.182453 0.498903 -0.043610
v -0.195921 0.490049 -0.047385
v -0.208298 0.480542 -0.053572
v -0.219109 0.470745 -0.061935
v -0.227940 0.461036 -0.072151
v -0.234449 0.451789 -0.083829
v -0.238388 0.443358 -0.096519
v -0.239605 0.436067 -0.109734
v -0.238053 0.430196 -0.122965
v -0.233792 0.425972 -0.135705
v -0.226985 0.423557 -0.147464
v -0.217895 0.423042 -0.157790
v -0.206870 0.424449 -0.166286
v -0.194334 0.427723 -0.172626
v -0.180769 0.432738 -0.176565
v -0.166696 0.439302 -0.177954
v -0.152656 0.447161 -0.176737
v -0.139189 0.456015 -0.172962
v -0.297459 0.724721 -0.240839
v 0.121131 0.456520 0.256460
v 0.109146 0.464974 0.248237
v 0.099116 0.473570 0.238135
v 0.091426 0.481976 0.226542
v 0.086372 0.489871 0.213904
v 0.084148 0.496951 0.200706
v 0.084839 0.502943 0.187455
v 0.088419 0.507617 0.174662
v 0.094750 0.510794 0.162816
v 0.103590 0.512352 0.152374
v 0.114597 0.512230 0.143737
v 0.127350 0.510434 0.137237
v 0.141358 0.507033 0.133123
v 0.156083 0.502156 0.131554
v 0.170959 0.495992 0.132589
v 0.185414 0.488777 0.136190
v 0.198893 0.480790 0.142218
v 0.210878 0.472335 0.150441
v 0.220908 0.463740 0.160543
v 0.228598 0.455333 0.172136
v 0.233652 0.447438 0.184774
v 0.235877 0.440359 0.197972
v 0.235186 0.434367 0.211222
v 0.231605 0.429692 0.224016
v 0.225274 0.426515 0.235862
v 0.216435 0.424957 0.246304
v 0.205427 0.425079 0.254941
v 0.192674 0.426875 0.261441
v 0.178666 0.430277 0.265555
v 0.163941 0.435154 0.267124
v 0.149065 0.441317 0.266089
v 0.134610 0.448532 0.262488
v 0.261233 0.733986 0.328322
v 0.205905 0.451738 -0.115220
v 0.199331 0.462013 -0.103563
v 0.190679 0.472173 -0.093646
v 0.180282 0.481828 -0.085851
v 0.168540 0.490607 -0.080476
v 0.155904 0.498173 -0.077730
v 0.142859 0.504234 -0.077717
v 0.129907 0.508558 -0.080438
v 0.117546 0.510979 -0.085788
v 0.106251 0.511403 -0.093561
v 0.096455 0.509815 -0.103459
v 0.088535 0.506275 -0.115102
v 0.082796 0.500919 -0.128042
v 0.079458 0.493954 -0.141782
v 0.078650 0.485647 -0.155793
v 0.080401 0.476316 -0.169538
v 0.084646 0.466322 -0.182488
v 0.091221 0.456047 -0.194145
v 0.099873 0.445887 -0.204062
v 0.110270 0.436232 -0.211857
v 0.122012 0.427453 -0.217231
v 0.134648 0.419887 -0.219978
v 0.147693 0.413826 -0.219991
v 0.160644 0.409502 -0.217270
v 0.173005 0.407081 -0.211920
v 0.184301 0.406657 -0.204147
v 0.194097 0.408245 -0.194248
v 0.202016 0.411785 -0.182606
v 0.207755 0.417141 -0.169666
v 0.211093 0.424106 -0.155926
v 0.211902 0.432413 -0.141915
v 0.210150 0.441744 -0.128170
v 0.259034 0.704181 -0.305278
v -0.233433 0.451396 0.200431
v -0.229540 0.460714 0.186862
v -0.223331 0.470245 0.174677
v -0.215044 0.479624 0.164343
v -0.204998 0.488490 0.156260
v -0.193580 0.496503 0.150735
v -0.181226 0.503355 0.147983
v -0.168414 0.508782 0.148109
v -0.155634 0.512575 0.151108
v -0.143378 0.514590 0.156865
v -0.132117 0.514748 0.165158
v -0.122284 0.513044 0.175669
v -0.114256 0.509543 0.187994
v -0.108342 0.504379 0.201660
v -0.104770 0.497751 0.216140
v -0.103676 0.489914 0.230879
v -0.105103 0.481169 0.245311
v -0.108996 0.471852 0.258880
v -0.115205 0.462321 0.271065
v -0.123491 0.452942 0.281398
v -0.133537 0.444075 0.289482
v -0.144956 0.436062 0.295006
v -0.157309 0.429211 0.297758
v -0.170122 0.423784 0.297632
v -0.182902 0.419990 0.294633
v -0.195157 0.417976 0.288877
v -0.206419 0.417817 0.280583
v -0.216252 0.419521 0.270072
v -0.224280 0.423023 0.257747
v -0.230193 0.428186 0.244082
v -0.233766 0.434814 0.229601
v -0.234859 0.442651 0.214862
v -0.277871 0.719383 0.369740
vn 0.0624 0.7761 -0.6275
vn 0.0762 -0.6381 -0.7661
vn 0.0762 0.6381 -0.7661
vn 0.0624 -0.7761 -0.6275
vn 0.0870 0.4750 -0.8757
vn 0.0463 -0.8838 -0.4655
vn 0.0946 0.2929 -0.9514
vn 0.0285 -0.9577 -0.2863
vn 0.0984 0.0990 -0.9902
vn 0.0096 0.9953 -0.0966
vn 0.0096 -0.9953 -0.0966
vn 0.0984 -0.0990 -0.9902
vn 0.0285 0.9577 -0.2863
vn 0.0946 -0.2929 -0.9514
vn 0.0463 0.8838 -0.4655
vn 0.0870 -0.4750 -0.8757
vn 0.1370 0.8837 -0.4475
vn 0.2577 -0.4748 -0.8415
vn 0.1847 0.7759 -0.6033
vn 0.2255 -0.6379 -0.7364
vn 0.2255 0.6379 -0.7364
vn 0.1847 -0.7759 -0.6033
vn 0.2577 0.4748 -0.8415
vn 0.1370 -0.8837 -0.4475
vn 0.2799 0.2927 -0.9143
vn 0.0843 -0.9577 -0.2752
vn 0.2913 0.0989 -0.9515
vn 0.0284 0.9953 -0.0929
vn 0.0284 -0.9953 -0.0929
vn 0.2913 -0.0989 -0.9515
vn 0.0843 0.9577 -0.2752
vn 0.2799 -0.2927 -0.9143
vn 0.4540 0.2924 -0.8416
vn 0.1368 -0.9576 -0.2536
vn 0.4725 0.0988 -0.8758
vn 0.0462 0.9953 -0.0856
vn 0.0462 -0.9953 -0.0856
vn 0.4725 -0.0988 -0.8758
vn 0.1368 0.9576 -0.2536
vn 0.4540 -0.2924 -0.8416
vn 0.2224 0.8835 -0.4123
vn 0.4180 -0.4743 -0.7748
vn 0.2998 0.7755 -0.5557
vn 0.3658 -0.6374 -0.6782
vn 0.3658 0.6374 -0.6782
vn 0.2998 -0.7755 -0.5557
vn 0.4180 0.4743 -0.7748
vn 0.2224 -0.8835 -0.4123
vn 0.5618 -0.4737 -0.6782
vn 0.4032 0.7749 -0.4867
vn 0.4919 -0.6368 -0.5938
vn 0.4919 0.6368 -0.5938
vn 0.4032 -0.7749 -0.4867
vn 0.5618 0.4737 -0.6782
vn 0.2992 -0.8831 -0.3613
vn 0.6101 0.2919 -0.7366
vn 0.1841 -0.9574 -0.2223
vn 0.6348 0.0986 -0.7664
vn 0.0621 0.9952 -0.0750
vn 0.0621 -0.9952 -0.0750
vn 0.6348 -0.0986 -0.7664
vn 0.1841 0.9574 -0.2223
vn 0.6101 -0.2919 -0.7366
vn 0.2992 0.8831 -0.3613
vn 0.2243 -0.9573 -0.1824
vn 0.7721 0.0984 -0.6278
vn 0.0757 0.9952 -0.0616
vn 0.0757 -0.9952 -0.0616
vn 0.7721 -0.0984 -0.6278
vn 0.2243 0.9573 -0.1824
vn 0.7422 -0.2915 -0.6035
vn 0.3645 0.8828 -0.2964
vn 0.6836 -0.4730 -0.5558
vn 0.4909 0.7744 -0.3992
vn 0.5987 -0.6361 -0.4868
vn 0.5987 0.6361 -0.4868
vn 0.4909 -0.7744 -0.3992
vn 0.6836 0.4730 -0.5558
vn 0.3645 -0.8828 -0.2964
vn 0.7422 0.2915 -0.6035
vn 0.5597 0.7739 -0.2964
vn 0.6824 -0.6354 -0.3614
vn 0.6824 0.6354 -0.3614
vn 0.5597 -0.7739 -0.2964
vn 0.7789 0.4724 -0.4125
vn 0.4157 -0.8825 -0.2201
vn 0.8455 0.2910 -0.4478
vn 0.2559 -0.9572 -0.1355
vn 0.8794 0.0983 -0.4657
vn 0.0864 0.9952 -0.0457
vn 0.0864 -0.9952 -0.0457
vn 0.8794 -0.0983 -0.4657
vn 0.2559 0.9572 -0.1355
vn 0.8455 -0.2910 -0.4478
vn 0.4157 0.8825 -0.2201
vn 0.7789 -0.4724 -0.4125
vn 0.9531 0.0982 -0.2864
vn 0.0937 0.9952 -0.0282
vn 0.0937 -0.9952 -0.0282
vn 0.9531 -0.0982 -0.2864
vn 0.2776 0.9571 -0.0834
vn 0.9163 -0.2907 -0.2754
vn 0.4509 0.8822 -0.1355
vn 0.8443 -0.4720 -0.2538
vn 0.6070 0.7735 -0.1824
vn 0.7398 -0.6350 -0.2224
vn 0.7398 0.6350 -0.2224
vn 0.6070 -0.7735 -0.1824
vn 0.8443 0.4720 -0.2538
vn 0.4509 -0.8822 -0.1355
vn 0.9163 0.2907 -0.2754
vn 0.2776 -0.9571 -0.0834
vn 0.7691 -0.6347 -0.0751
vn 0.7691 0.6347 -0.0751
vn 0.6311 -0.7733 -0.0616
vn 0.8776 0.4717 -0.0856
vn 0.4689 -0.8821 -0.0458
vn 0.9524 0.2905 -0.0929
vn 0.2887 -0.9570 -0.0282
vn 0.9905 0.0981 -0.0967
vn 0.0975 0.9952 -0.0095
vn 0.0975 -0.9952 -0.0095
vn 0.9905 -0.0981 -0.0967
vn 0.2887 0.9570 -0.0282
vn 0.9523 -0.2905 -0.0929
vn 0.4689 0.8821 -0.0458
vn 0.8776 -0.4717 -0.0856
vn 0.6311 0.7733 -0.0616
vn 0.0975 -0.9952 0.0095
vn 0.9905 -0.0981 0.0967
vn 0.2887 0.9570 0.0282
vn 0.9523 -0.2905 0.0929
vn 0.4689 0.8821 0.0458
vn 0.8776 -0.4717 0.0856
vn 0.6311 0.7733 0.0616
vn 0.7691 -0.6347 0.0751
vn 0.7691 0.6347 0.0751
vn 0.6311 -0.7733 0.0616
vn 0.8776 0.4717 0.0856
vn 0.4689 -0.8821 0.0458
vn 0.9523 0.2905 0.0929
vn 0.2887 -0.9570 0.0282
vn 0.9905 0.0981 0.0967
vn 0.0975 0.9952 0.0095
vn 0.6070 -0.7735 0.1824
vn 0.8443 0.4720 0.2538
vn 0.4509 -0.8822 0.1355
vn 0.9163 0.2907 0.2754
vn 0.2776 -0.9571 0.0834
vn 0.9531 0.0982 0.2864
vn 0.0937 0.9952 0.0282
vn 0.0937 -0.9952 0.0282
vn 0.9531 -0.0982 0.2864
vn 0.2776 0.9571 0.0834
vn 0.9163 -0.2907 0.2754
vn 0.4509 0.8822 0.1355
vn 0.8443 -0.4720 0.2538
vn 0.6070 0.7735 0.1824
vn 0.7398 -0.6350 0.2224
vn 0.7398 0.6350 0.2224
vn 0.2559 0.9572 0.1355
vn 0.8455 -0.2910 0.4478
vn 0.4157 0.8825 0.2201
vn 0.7789 -0.4724 0.4125
vn 0.5597 0.7739 0.2964
vn 0.6824 -0.6354 0.3614
vn 0.6824 0.6354 0.3614
vn 0.5597 -0.7739 0.2964
vn 0.7789 0.4724 0.4125
vn 0.4157 -0.8825 0.2201
vn 0.8455 0.2910 0.4478
vn 0.2559 -0.9572 0.1355
vn 0.8794 0.0983 0.4657
vn 0.0864 0.9952 0.0457
vn 0.0864 -0.9952 0.0457
vn 0.8794 -0.0983 0.4657
vn 0.6836 0.4730 0.5558
vn 0.3645 -0.8828 0.2964
vn 0.7422 0.2915 0.6035
vn 0.2243 -0.9573 0.1824
vn 0.7721 0.0984 0.6278
vn 0.0757 0.9952 0.0616
vn 0.0757 -0.9952 0.0616
vn 0.7721 -0.0984 0.6278
vn 0.2243 0.9573 0.1824
vn 0.7422 -0.2915 0.6035
vn 0.3645 0.8828 0.2964
vn 0.6836 -0.4730 0.5558
vn 0.4909 0.7744 0.3992
vn 0.5987 -0.6361 0.4868
vn 0.5987 0.6361 0.4868
vn 0.4909 -0.7744 0.3992
vn 0.6101 -0.2919 0.7366
vn 0.2992 0.8831 0.3613
vn 0.5618 -0.4737 0.6782
vn 0.4032 0.7749 0.4867
vn 0.4919 -0.6368 0.5938
vn 0.4919 0.6368 0.5938
vn 0.4032 -0.7749 0.4867
vn 0.5618 0.4737 0.6782
vn 0.2992 -0.8831 0.3613
vn 0.6101 0.2919 0.7366
vn 0.1841 -0.9574 0.2223
vn 0.6348 0.0986 0.7664
vn 0.0621 0.9952 0.0750
vn 0.0621 -0.9952 0.0750
vn 0.6348 -0.0986 0.7664
vn 0.1841 0.9574 0.2223
vn 0.2224 -0.8835 0.4123
vn 0.4540 0.2924 0.8416
vn 0.1368 -0.9576 0.2536
vn 0.4725 0.0988 0.8758
vn 0.0462 0.9953 0.0856
vn 0.0462 -0.9953 0.0856
vn 0.4725 -0.0988 0.8758
vn 0.1368 0.9576 0.2536
vn 0.4540 -0.2924 0.8416
vn 0.2224 0.8835 0.4123
vn 0.4180 -0.4743 0.7748
vn 0.2998 0.7755 0.5557
vn 0.3658 -0.6374 0.6782
vn 0.3658 0.6374 0.6782
vn 0.2998 -0.7755 0.5557
vn 0.4180 0.4743 0.7748
vn 0.1370 0.8837 0.4475
vn 0.2577 -0.4748 0.8415
vn 0.1847 0.7759 0.6033
vn 0.2255 -0.6379 0.7364
vn 0.2255 0.6379 0.7364
vn 0.1847 -0.7759 0.6033
vn 0.2577 0.4748 0.8415
vn 0.1370 -0.8837 0.4475
vn 0.2799 0.2927 0.9143
vn 0.0843 -0.9577 0.2752
vn 0.2913 0.0989 0.9515
vn 0.0284 0.9953 0.0929
vn 0.0284 -0.9953 0.0929
vn 0.2913 -0.0989 0.9515
vn 0.0843 0.9577 0.2752
vn 0.2799 -0.2927 0.9143
vn 0.0946 0.2929 0.9514
vn 0.0285 -0.9577 0.2863
vn 0.0984 0.0990 0.9902
vn 0.0096 0.9953 0.0966
vn 0.0096 -0.9953 0.0966
vn 0.0984 -0.0990 0.9902
vn 0.0285 0.9577 0.2863
vn 0.0946 -0.2929 0.9514
vn 0.0463 0.8838 0.4655
vn 0.0870 -0.4750 0.8757
vn 0.0624 0.7761 0.6275
vn 0.0762 -0.6381 0.7661
vn 0.0762 0.6381 0.7661
vn 0.0624 -0.7761 0.6275
vn 0.0870 0.4750 0.8757
vn 0.0463 -0.8838 0.4655
vn -0.0870 -0.4750 0.8757
vn -0.0624 0.7761 0.6275
vn -0.0762 -0.6381 0.7661
vn -0.0762 0.6381 0.7661
vn -0.0624 -0.7761 0.6275
vn -0.0870 0.4750 0.8757
vn -0.0463 -0.8838 0.4655
vn -0.0946 0.2929 0.9514
vn -0.0285 -0.9577 0.2863
vn -0.0984 0.0990 0.9902
vn -0.0096 0.9953 0.0966
vn -0.0096 -0.9953 0.0966
vn -0.0984 -0.0990 0.9902
vn -0.0285 0.9577 0.2863
vn -0.0946 -0.2929 0.9514
vn -0.0463 0.8838 0.4655
vn -0.0843 -0.9577 0.2752
vn -0.2913 0.0989 0.9515
vn -0.0284 0.9953 0.0929
vn -0.0284 -0.9953 0.0929
vn -0.2913 -0.0989 0.9515
vn -0.0843 0.9577 0.2752
vn -0.2799 -0.2927 0.9143
vn -0.1370 0.8837 0.4475
vn -0.2577 -0.4748 0.8415
vn -0.1847 0.7759 0.6033
vn -0.2255 -0.6379 0.7364
vn -0.2255 0.6379 0.7364
vn -0.1847 -0.7759 0.6033
vn -0.2577 0.4748 0.8415
vn -0.1370 -0.8837 0.4475
vn -0.2799 0.2927 0.9143
vn -0.3658 -0.6374 0.6782
vn -0.3658 0.6374 0.6782
vn -0.2998 -0.7755 0.5557
vn -0.4180 0.4743 0.7748
vn -0.2224 -0.8835 0.4123
vn -0.4540 0.2924 0.8416
vn -0.1368 -0.9576 0.2536
vn -0.4725 0.0988 0.8758
vn -0.0462 0.9953 0.0856
vn -0.0462 -0.9953 0.0856
vn -0.4725 -0.0988 0.8758
vn -0.1368 0.9576 0.2536
vn -0.4540 -0.2924 0.8416
vn -0.2224 0.8835 0.4123
vn -0.4180 -0.4743 0.7748
vn -0.2998 0.7755 0.5557
vn -0.0621 0.9952 0.0750
vn -0.0621 -0.9952 0.0750
vn -0.6348 -0.0986 0.7664
vn -0.1841 0.9574 0.2223
vn -0.6101 -0.2919 0.7366
vn -0.2992 0.8831 0.3613
vn -0.5618 -0.4737 0.6782
vn -0.4032 0.7749 0.4867
vn -0.4919 -0.6368 0.5938
vn -0.4919 0.6368 0.5938
vn -0.4032 -0.7749 0.4867
vn -0.5618 0.4737 0.6782
vn -0.2992 -0.8831 0.3613
vn -0.6101 0.2919 0.7366
vn -0.1841 -0.9574 0.2223
vn -0.6348 0.0986 0.7664
vn -0.5987 0.6361 0.4868
vn -0.4909 -0.7744 0.3992
vn -0.6836 0.4730 0.5558
vn -0.3645 -0.8828 0.2964
vn -0.7422 0.2915 0.6035
vn -0.2243 -0.9573 0.1824
vn -0.7721 0.0984 0.6278
vn -0.0757 0.9952 0.0616
vn -0.0757 -0.9952 0.0616
vn -0.7721 -0.0984 0.6278
vn -0.2243 0.9573 0.1824
vn -0.7422 -0.2915 0.6035
vn -0.3645 0.8828 0.2964
vn -0.6836 -0.4730 0.5558
vn -0.4909 0.7744 0.3992
vn -0.5987 -0.6361 0.4868
vn -0.8794 -0.0983 0.4657
vn -0.2559 0.9572 0.1355
vn -0.8455 -0.2910 0.4478
vn -0.4157 0.8825 0.2201
vn -0.7789 -0.4724 0.4125
vn -0.5597 0.7739 0.2964
vn -0.6824 -0.6354 0.3614
vn -0.6824 0.6354 0.3614
vn -0.5597 -0.7739 0.2964
vn -0.7789 0.4724 0.4125
vn -0.4157 -0.8825 0.2201
vn -0.8455 0.2910 0.4478
vn -0.2559 -0.9572 0.1355
vn -0.8794 0.0983 0.4657
vn -0.0864 0.9952 0.0457
vn -0.0864 -0.9952 0.0457
vn -0.6070 -0.7735 0.1824
vn -0.8443 0.4720 0.2538
vn -0.4509 -0.8822 0.1355
vn -0.9163 0.2907 0.2754
vn -0.2776 -0.9571 0.0834
vn -0.9531 0.0982 0.2864
vn -0.0937 0.9952 0.0282
vn -0.0937 -0.9952 0.0282
vn -0.9531 -0.0982 0.2864
vn -0.2776 0.9571 0.0834
vn -0.9163 -0.2907 0.2754
vn -0.4509 0.8822 0.1355
vn -0.8443 -0.4720 0.2538
vn -0.6070 0.7735 0.1824
vn -0.7398 -0.6350 0.2224
vn -0.7398 0.6350 0.2224
vn -0.2887 0.9570 0.0282
vn -0.9524 -0.2905 0.0929
vn -0.4689 0.8821 0.0458
vn -0.8776 -0.4717 0.0856
vn -0.6311 0.7733 0.0616
vn -0.7691 -0.6347 0.0751
vn -0.7691 0.6347 0.0751
vn -0.6311 -0.7733 0.0616
vn -0.8776 0.4717 0.0856
vn -0.4689 -0.8821 0.0458
vn -0.9524 0.2905 0.0929
vn -0.2887 -0.9570 0.0282
vn -0.9905 0.0981 0.0967
vn -0.0975 0.9952 0.0095
vn -0.0975 -0.9952 0.0095
vn -0.9905 -0.0981 0.0967
vn -0.8776 0.4717 -0.0856
vn -0.4689 -0.8821 -0.0458
vn -0.9523 0.2905 -0.0929
vn -0.2887 -0.9570 -0.0282
vn -0.9905 0.0981 -0.0967
vn -0.0975 0.9952 -0.0095
vn -0.0975 -0.9952 -0.0095
vn -0.9905 -0.0981 -0.0967
vn -0.2887 0.9570 -0.0282
vn -0.9524 -0.2905 -0.0929
vn -0.4689 0.8821 -0.0458
vn -0.8776 -0.4717 -0.0856
vn -0.6311 0.7733 -0.0616
vn -0.7691 -0.6347 -0.0751
vn -0.7691 0.6347 -0.0751
vn -0.6311 -0.7733 -0.0616
vn -0.9163 -0.2907 -0.2754
vn -0.4509 0.8822 -0.1355
vn -0.8443 -0.4720 -0.2538
vn -0.6070 0.7735 -0.1824
vn -0.7398 -0.6350 -0.2224
vn -0.7398 0.6350 -0.2224
vn -0.6070 -0.7735 -0.1824
vn -0.8443 0.4720 -0.2538
vn -0.4509 -0.8822 -0.1355
vn -0.9163 0.2907 -0.2754
vn -0.2776 -0.9571 -0.0834
vn -0.9531 0.0982 -0.2864
vn -0.0937 0.9952 -0.0282
vn -0.0937 -0.9952 -0.0282
vn -0.9531 -0.0982 -0.2864
vn -0.2776 0.9571 -0.0834
vn -0.4157 -0.8825 -0.2201
vn -0.8455 0.2910 -0.4478
vn -0.2559 -0.9572 -0.1355
vn -0.8794 0.0983 -0.4657
vn -0.0864 0.9952 -0.0457
vn -0.0864 -0.9952 -0.0457
vn -0.8794 -0.0983 -0.4657
vn -0.2559 0.9572 -0.1355
vn -0.8455 -0.2910 -0.4478
vn -0.4157 0.8825 -0.2201
vn -0.7789 -0.4724 -0.4125
vn -0.5597 0.7739 -0.2964
vn -0.6824 -0.6354 -0.3614
vn -0.6824 0.6354 -0.3614
vn -0.5597 -0.7739 -0.2964
vn -0.7789 0.4724 -0.4125
vn -0.6836 -0.4730 -0.5558
vn -0.4909 0.7744 -0.3992
vn -0.5987 -0.6361 -0.4868
vn -0.5987 0.6361 -0.4868
vn -0.4909 -0.7744 -0.3992
vn -0.6836 0.4730 -0.5558
vn -0.3645 -0.8828 -0.2964
vn -0.7422 0.2915 -0.6035
vn -0.2243 -0.9573 -0.1824
vn -0.7721 0.0984 -0.6278
vn -0.0757 0.9952 -0.0616
vn -0.0757 -0.9952 -0.0616
vn -0.7721 -0.0984 -0.6278
vn -0.2243 0.9573 -0.1824
vn -0.7422 -0.2915 -0.6035
vn -0.3645 0.8828 -0.2964
vn -0.1841 -0.9574 -0.2223
vn -0.6348 0.0986 -0.7664
vn -0.0621 0.9952 -0.0750
vn -0.0621 -0.9952 -0.0750
vn -0.6348 -0.0986 -0.7664
vn -0.1841 0.9574 -0.2223
vn -0.6101 -0.2919 -0.7366
vn -0.2992 0.8831 -0.3613
vn -0.5618 -0.4737 -0.6782
vn -0.4032 0.7749 -0.4867
vn -0.4919 -0.6368 -0.5938
vn -0.4919 0.6368 -0.5938
vn -0.4032 -0.7749 -0.4867
vn -0.5618 0.4737 -0.6782
vn -0.2992 -0.8831 -0.3613
vn -0.6101 0.2919 -0.7366
vn -0.2998 0.7755 -0.5557
vn -0.3658 -0.6374 -0.6782
vn -0.3658 0.6374 -0.6782
vn -0.2998 -0.7755 -0.5557
vn -0.4180 0.4743 -0.7748
vn -0.2224 -0.8835 -0.4123
vn -0.4540 0.2924 -0.8416
vn -0.1368 -0.9576 -0.2536
vn -0.4725 0.0988 -0.8758
vn -0.0462 0.9953 -0.0856
vn -0.0462 -0.9953 -0.0856
vn -0.4725 -0.0988 -0.8758
vn -0.1368 0.9576 -0.2536
vn -0.4540 -0.2924 -0.8416
vn -0.2224 0.8835 -0.4123
vn -0.4180 -0.4743 -0.7748
vn -0.2913 0.0989 -0.9515
vn -0.0284 0.9953 -0.0929
vn -0.0284 -0.9953 -0.0929
vn -0.2913 -0.0989 -0.9515
vn -0.0843 0.9577 -0.2752
vn -0.2799 -0.2927 -0.9143
vn -0.1370 0.8837 -0.4475
vn -0.2577 -0.4748 -0.8415
vn -0.1847 0.7759 -0.6033
vn -0.2255 -0.6379 -0.7364
vn -0.2255 0.6379 -0.7364
vn -0.1847 -0.7759 -0.6033
vn -0.2577 0.4748 -0.8415
vn -0.1370 -0.8837 -0.4475
vn -0.2799 0.2927 -0.9143
vn -0.0843 -0.9577 -0.2752
vn -0.0762 -0.6381 -0.7661
vn -0.0762 0.6381 -0.7661
vn -0.0624 -0.7761 -0.6275
vn -0.0870 0.4750 -0.8757
vn -0.0463 -0.8838 -0.4655
vn -0.0946 0.2929 -0.9514
vn -0.0285 -0.9577 -0.2863
vn -0.0984 0.0990 -0.9902
vn -0.0096 0.9953 -0.0966
vn -0.0096 -0.9953 -0.0966
vn -0.0984 -0.0990 -0.9902
vn -0.0285 0.9577 -0.2863
vn -0.0946 -0.2929 -0.9514
vn -0.0463 0.8838 -0.4655
vn -0.0870 -0.4750 -0.8757
vn -0.0624 0.7761 -0.6275
vn 0.0789 0.2203 -0.9722
vn 0.2363 0.2229 -0.9458
vn 0.3923 0.2279 -0.8912
vn 0.5443 0.2349 -0.8053
vn 0.6870 0.2434 -0.6847
vn 0.8117 0.2521 -0.5269
vn 0.9063 0.2593 -0.3338
vn 0.9578 0.2636 -0.1146
vn 0.9578 0.2636 0.1146
vn 0.9063 0.2593 0.3338
vn 0.8117 0.2521 0.5269
vn 0.6870 0.2434 0.6847
vn 0.5443 0.2349 0.8053
vn 0.3923 0.2279 0.8912
vn 0.2363 0.2229 0.9458
vn 0.0789 0.2203 0.9722
vn -0.0789 0.2203 0.9722
vn -0.2363 0.2229 0.9458
vn -0.3923 0.2279 0.8912
vn -0.5443 0.2349 0.8053
vn -0.6870 0.2434 0.6847
vn -0.8117 0.2521 0.5269
vn -0.9063 0.2593 0.3338
vn -0.9578 0.2636 0.1146
vn -0.9578 0.2636 -0.1146
vn -0.9063 0.2593 -0.3338
vn -0.8117 0.2521 -0.5269
vn -0.6870 0.2434 -0.6847
vn -0.5443 0.2349 -0.8053
vn -0.3923 0.2279 -0.8912
vn -0.0000 -1.0000 -0.0000
vn -0.2363 0.2229 -0.9458
vn -0.0789 0.2203 -0.9722
vn -0.1194 0.2012 -0.9722
vn -0.0210 0.3241 -0.9458
vn 0.0746 0.4475 -0.8912
vn 0.1661 0.5691 -0.8053
vn 0.2507 0.6844 -0.6847
vn 0.3235 0.7860 -0.5269
vn 0.3782 0.8634 -0.3338
vn 0.4078 0.9059 -0.1146
vn 0.4078 0.9059 0.1146
vn 0.3782 0.8634 0.3338
vn 0.3235 0.7860 0.5269
vn 0.2507 0.6844 0.6847
vn 0.1661 0.5691 0.8053
vn 0.0746 0.4475 0.8912
vn -0.0210 0.3241 0.9458
vn -0.1194 0.2012 0.9722
vn -0.2200 0.0798 0.9722
vn -0.3224 -0.0398 0.9458
vn -0.4257 -0.1568 0.8912
vn -0.5281 -0.2694 0.8053
vn -0.6256 -0.3740 0.6847
vn -0.7118 -0.4645 0.5269
vn -0.7777 -0.5327 0.3338
vn -0.8138 -0.5697 0.1146
vn -0.8138 -0.5697 -0.1146
vn -0.7777 -0.5327 -0.3338
vn -0.7118 -0.4645 -0.5269
vn -0.6256 -0.3740 -0.6847
vn -0.5281 -0.2694 -0.8053
vn -0.4257 -0.1568 -0.8912
vn 0.7703 -0.6377 -0.0000
vn -0.3224 -0.0398 -0.9458
vn -0.2200 0.0798 -0.9722
vn 0.1525 0.2012 0.9676
vn 0.0533 0.3241 0.9445
vn -0.0442 0.4475 0.8932
vn -0.1386 0.5691 0.8105
vn -0.2272 0.6845 0.6927
vn -0.3054 0.7861 0.5374
vn -0.3666 0.8636 0.3462
vn -0.4037 0.9059 0.1280
vn -0.4115 0.9058 -0.1010
vn -0.3893 0.8633 -0.3211
vn -0.3412 0.7858 -0.5158
vn -0.2738 0.6843 -0.6759
vn -0.1935 0.5690 -0.7993
vn -0.1050 0.4474 -0.8881
vn -0.0113 0.3241 -0.9459
vn 0.0862 0.2013 -0.9757
vn 0.1867 0.0798 -0.9792
vn 0.2900 -0.0399 -0.9562
vn 0.3952 -0.1569 -0.9051
vn 0.5005 -0.2695 -0.8227
vn 0.6021 -0.3741 -0.7053
vn 0.6937 -0.4647 -0.5504
vn 0.7661 -0.5328 -0.3595
vn 0.8096 -0.5697 -0.1415
vn 0.8172 -0.5696 0.0875
vn 0.7885 -0.5325 0.3078
vn 0.7291 -0.4643 0.5028
vn 0.6483 -0.3738 0.6633
vn 0.5550 -0.2693 0.7871
vn 0.4557 -0.1568 0.8762
vn -0.7698 -0.6377 0.0255
vn 0.3543 -0.0398 0.9343
vn 0.2530 0.0797 0.9642
vn 0.9800 0.1985 -0.0153
vn 0.9443 0.3199 0.0771
vn 0.8816 0.4425 0.1643
vn 0.7885 0.5642 0.2448
vn 0.6612 0.6807 0.3154
vn 0.4969 0.7844 0.3713
vn 0.2976 0.8641 0.4058
vn 0.0732 0.9080 0.4126
vn -0.1585 0.9077 0.3885
vn -0.3764 0.8635 0.3358
vn -0.5637 0.7836 0.2612
vn -0.7125 0.6800 0.1731
vn -0.8223 0.5637 0.0780
vn -0.8967 0.4423 -0.0197
vn -0.9401 0.3200 -0.1178
vn -0.9560 0.1986 -0.2157
vn -0.9464 0.0788 -0.3132
vn -0.9111 -0.0394 -0.4103
vn -0.8482 -0.1556 -0.5063
vn -0.7544 -0.2683 -0.5991
vn -0.6256 -0.3740 -0.6846
vn -0.4594 -0.4665 -0.7559
vn -0.2577 -0.5368 -0.8034
vn -0.0309 -0.5752 -0.8174
vn 0.2024 -0.5749 -0.7928
vn 0.4207 -0.5360 -0.7319
vn 0.6072 -0.4654 -0.6439
vn 0.7543 -0.3730 -0.5403
vn 0.8620 -0.2676 -0.4305
vn 0.9343 -0.1552 -0.3209
vn -0.0811 -0.6432 0.7614
vn 0.9759 -0.0393 -0.2145
vn 0.9905 0.0787 -0.1126
vn -0.9714 0.1997 0.1283
vn -0.9468 0.3202 0.0312
vn -0.8949 0.4417 -0.0638
vn -0.8121 0.5624 -0.1556
vn -0.6941 0.6781 -0.2417
vn -0.5379 0.7810 -0.3173
vn -0.3444 0.8604 -0.3757
vn -0.1225 0.9042 -0.4092
vn 0.1105 0.9042 -0.4126
vn 0.3334 0.8604 -0.3855
vn 0.5285 0.7810 -0.3327
vn 0.6870 0.6780 -0.2616
vn 0.8073 0.5623 -0.1789
vn 0.8928 0.4415 -0.0895
vn 0.9474 0.3200 0.0039
vn 0.9748 0.1994 0.1003
vn 0.9766 0.0806 0.1992
vn 0.9530 -0.0366 0.3006
vn 0.9021 -0.1516 0.4041
vn 0.8201 -0.2632 0.5081
vn 0.7028 -0.3678 0.6089
vn 0.5467 -0.4595 0.7000
vn 0.3526 -0.5293 0.7717
vn 0.1293 -0.5676 0.8131
vn -0.1053 -0.5676 0.8165
vn -0.3298 -0.5294 0.7817
vn -0.5260 -0.4595 0.7157
vn -0.6848 -0.3678 0.6291
vn -0.8051 -0.2630 0.5317
vn -0.8900 -0.1515 0.4300
vn -0.0114 -0.6502 -0.7597
vn -0.9440 -0.0364 0.3280
vn -0.9705 0.0808 0.2273
vn 0.5393 0.1168 -0.8340
vn 0.6306 0.2121 -0.7466
vn 0.7034 0.3115 -0.6388
vn 0.7546 0.4139 -0.5092
vn 0.7787 0.5162 -0.3565
vn 0.7689 0.6130 -0.1818
vn 0.7182 0.6957 0.0095
vn 0.6232 0.7545 0.2058
vn 0.4876 0.7809 0.3904
vn 0.3230 0.7722 0.5471
vn 0.1451 0.7325 0.6651
vn -0.0322 0.6698 0.7419
vn -0.1994 0.5926 0.7805
vn -0.3522 0.5075 0.7864
vn -0.4896 0.4187 0.7649
vn -0.6119 0.3284 0.7195
vn -0.7198 0.2375 0.6523
vn -0.8130 0.1463 0.5637
vn -0.8900 0.0549 0.4526
vn -0.9474 -0.0358 0.3179
vn -0.9795 -0.1242 0.1587
vn -0.9782 -0.2065 -0.0231
vn -0.9351 -0.2770 -0.2209
vn -0.8451 -0.3285 -0.4217
vn -0.7105 -0.3547 -0.6078
vn -0.5424 -0.3529 -0.7624
vn -0.3577 -0.3253 -0.8753
vn -0.1722 -0.2769 -0.9453
vn 0.0033 -0.2137 -0.9769
vn 0.1632 -0.1404 -0.9766
vn 0.4186 -0.8109 0.4089
vn 0.3057 -0.0600 -0.9502
vn 0.4310 0.0260 -0.9020
vn -0.5386 0.0542 0.8408
vn -0.6416 0.1381 0.7545
vn -0.7269 0.2282 0.6477
vn -0.7913 0.3237 0.5187
vn -0.8292 0.4223 0.3663
vn -0.8329 0.5192 0.1914
vn -0.7947 0.6071 -0.0006
vn -0.7097 0.6762 -0.1980
vn -0.5805 0.7179 -0.3843
vn -0.4180 0.7283 -0.5430
vn -0.2381 0.7095 -0.6632
vn -0.0558 0.6678 -0.7422
vn 0.1188 0.6106 -0.7829
vn 0.2805 0.5440 -0.7908
vn 0.4276 0.4719 -0.7710
vn 0.5602 0.3966 -0.7272
vn 0.6788 0.3190 -0.6614
vn 0.7832 0.2394 -0.5739
vn 0.8718 0.1579 -0.4638
vn 0.9411 0.0746 -0.3298
vn 0.9852 -0.0092 -0.1710
vn 0.9958 -0.0908 0.0109
vn 0.9638 -0.1655 0.2092
vn 0.8829 -0.2269 0.4111
vn 0.7546 -0.2683 0.5988
vn 0.5896 -0.2860 0.7554
vn 0.4044 -0.2799 0.8707
vn 0.2154 -0.2535 0.9431
vn 0.0342 -0.2112 0.9769
vn -0.1332 -0.1570 0.9786
vn -0.3261 -0.8549 -0.4036
vn -0.2845 -0.0938 0.9541
vn -0.4195 -0.0232 0.9074
vn 0.9055 0.1166 0.4080
vn 0.8346 0.2162 0.5066
vn 0.7405 0.3206 0.5906
vn 0.6207 0.4282 0.6567
vn 0.4729 0.5359 0.6995
vn 0.2968 0.6371 0.7113
vn 0.0974 0.7225 0.6845
vn -0.1130 0.7808 0.6144
vn -0.3164 0.8039 0.5036
vn -0.4944 0.7900 0.3625
vn -0.6350 0.7446 0.2056
vn -0.7347 0.6769 0.0457
vn -0.7960 0.5955 -0.1085
vn -0.8240 0.5070 -0.2531
vn -0.8235 0.4151 -0.3868
vn -0.7978 0.3217 -0.5098
vn -0.7487 0.2274 -0.6227
vn -0.6758 0.1323 -0.7251
vn -0.5776 0.0364 -0.8155
vn -0.4518 -0.0595 -0.8901
vn -0.2965 -0.1531 -0.9427
vn -0.1125 -0.2401 -0.9642
vn 0.0938 -0.3135 -0.9449
vn 0.3086 -0.3653 -0.8783
vn 0.5123 -0.3889 -0.7657
vn 0.6867 -0.3826 -0.6182
vn 0.8207 -0.3496 -0.4519
vn 0.9125 -0.2963 -0.2821
vn 0.9662 -0.2287 -0.1188
vn 0.9879 -0.1516 0.0329
vn -0.3669 -0.7907 0.4900
vn 0.9829 -0.0676 0.1712
vn 0.9549 0.0219 0.2961
vn -0.9630 0.0104 -0.2692
vn -0.9164 0.1023 -0.3869
vn -0.8454 0.2021 -0.4945
vn -0.7467 0.3090 -0.5890
vn -0.6169 0.4204 -0.6653
vn -0.4540 0.5312 -0.7153
vn -0.2606 0.6323 -0.7296
vn -0.0472 0.7124 -0.7002
vn 0.1688 0.7614 -0.6259
vn 0.3674 0.7753 -0.5137
vn 0.5339 0.7570 -0.3768
vn 0.6620 0.7139 -0.2283
vn 0.7522 0.6543 -0.0783
vn 0.8086 0.5844 0.0680
vn 0.8356 0.5083 0.2083
vn 0.8365 0.4280 0.3421
vn 0.8130 0.3443 0.4696
vn 0.7647 0.2571 0.5908
vn 0.6901 0.1663 0.7044
vn 0.5860 0.0719 0.8071
vn 0.4494 -0.0247 0.8930
vn 0.2790 -0.1204 0.9527
vn 0.0789 -0.2090 0.9747
vn -0.1390 -0.2822 0.9492
vn -0.3558 -0.3320 0.8736
vn -0.5514 -0.3540 0.7554
vn -0.7119 -0.3489 0.6095
vn -0.8327 -0.3211 0.4512
vn -0.9157 -0.2759 0.2920
vn -0.9661 -0.2180 0.1386
vn 0.3502 -0.8160 -0.4599
vn -0.9887 -0.1501 -0.0064
vn -0.9871 -0.0738 -0.1423
vn 0.9523 0.2905 -0.0929
vn 0.9524 -0.2905 -0.0929
vn -0.9524 0.2905 -0.0929
vn -0.9523 -0.2905 -0.0929
vn -0.0113 -0.6502 -0.7597
vn -0.0114 -0.6502 -0.7596
vn 0.4185 -0.8109 0.4089
vn 0.4185 -0.8110 0.4089
vn 0.4186 -0.8110 0.4089
vn -0.3261 -0.8548 -0.4036
vn -0.3262 -0.8548 -0.4036
vn 0.3501 -0.8160 -0.4599
vt 0.605656 0.605656
vt 0.580941 0.655088
vt 0.580941 0.605656
vt 0.605656 0.259637
vt 0.580941 0.210206
vt 0.605656 0.210206
vt 0.605656 0.556225
vt 0.580941 0.556225
vt 0.580941 0.160775
vt 0.605656 0.160775
vt 0.605656 0.506794
vt 0.580941 0.506794
vt 0.580941 0.111344
vt 0.605656 0.111344
vt 0.605656 0.457362
vt 0.580941 0.457362
vt 0.580941 0.061912
vt 0.605656 0.061912
vt 0.605656 0.407931
vt 0.580941 0.407931
vt 0.605656 0.753950
vt 0.593298 0.803382
vt 0.580941 0.753950
vt 0.593298 0.012481
vt 0.580941 0.358500
vt 0.605656 0.358500
vt 0.605656 0.704519
vt 0.580941 0.704519
vt 0.580941 0.309069
vt 0.605656 0.309069
vt 0.605656 0.655088
vt 0.580941 0.259637
vt 0.556225 0.704519
vt 0.556225 0.655088
vt 0.556225 0.259637
vt 0.556225 0.605656
vt 0.556225 0.210206
vt 0.556225 0.556225
vt 0.556225 0.160775
vt 0.556225 0.506794
vt 0.556225 0.111344
vt 0.556225 0.457362
vt 0.556225 0.061912
vt 0.556225 0.407931
vt 0.568583 0.803382
vt 0.556225 0.753950
vt 0.568583 0.012481
vt 0.556225 0.358500
vt 0.556225 0.309069
vt 0.531509 0.506794
vt 0.531509 0.457363
vt 0.531509 0.061912
vt 0.531509 0.407931
vt 0.543867 0.803382
vt 0.531509 0.753950
vt 0.543867 0.012481
vt 0.531509 0.358500
vt 0.531510 0.704519
vt 0.531509 0.309069
vt 0.531509 0.655088
vt 0.531509 0.259637
vt 0.531509 0.605656
vt 0.531509 0.210206
vt 0.531509 0.556225
vt 0.531509 0.160775
vt 0.531509 0.111344
vt 0.506794 0.259637
vt 0.506794 0.655088
vt 0.506794 0.605656
vt 0.506794 0.210206
vt 0.506794 0.556225
vt 0.506794 0.160775
vt 0.506794 0.506794
vt 0.506794 0.111344
vt 0.506794 0.457362
vt 0.506794 0.061912
vt 0.506794 0.407931
vt 0.519152 0.803382
vt 0.506794 0.753950
vt 0.519152 0.012481
vt 0.506794 0.358500
vt 0.506794 0.704519
vt 0.506794 0.309069
vt 0.482078 0.061912
vt 0.482078 0.457362
vt 0.482078 0.407931
vt 0.494436 0.803382
vt 0.482078 0.753950
vt 0.494436 0.012481
vt 0.482078 0.358500
vt 0.482078 0.704519
vt 0.482078 0.309069
vt 0.482078 0.655088
vt 0.482078 0.259637
vt 0.482078 0.605656
vt 0.482078 0.210206
vt 0.482078 0.556225
vt 0.482078 0.160775
vt 0.482078 0.506794
vt 0.482078 0.111344
vt 0.457363 0.655088
vt 0.457363 0.605656
vt 0.457363 0.210206
vt 0.457363 0.556225
vt 0.457363 0.160775
vt 0.457363 0.506794
vt 0.457363 0.111344
vt 0.457363 0.457362
vt 0.457363 0.061912
vt 0.457363 0.407931
vt 0.469720 0.803382
vt 0.457363 0.753950
vt 0.469720 0.012481
vt 0.457363 0.358500
vt 0.457363 0.704519
vt 0.457363 0.309069
vt 0.457363 0.259637
vt 0.432647 0.457362
vt 0.432647 0.407931
vt 0.445005 0.803382
vt 0.432647 0.753950
vt 0.445005 0.012481
vt 0.432647 0.061912
vt 0.432647 0.358500
vt 0.432647 0.704519
vt 0.432647 0.309069
vt 0.432647 0.655088
vt 0.432647 0.259637
vt 0.432647 0.605656
vt 0.432647 0.210206
vt 0.432647 0.556225
vt 0.432647 0.160775
vt 0.432647 0.506794
vt 0.432647 0.111344
vt 0.407931 0.210206
vt 0.407931 0.605656
vt 0.407931 0.556225
vt 0.407931 0.160775
vt 0.407931 0.506794
vt 0.407931 0.111344
vt 0.407931 0.457363
vt 0.407931 0.061912
vt 0.407931 0.407931
vt 0.420289 0.803382
vt 0.407931 0.753950
vt 0.420289 0.012481
vt 0.407931 0.358500
vt 0.407931 0.704519
vt 0.407931 0.309069
vt 0.407931 0.655088
vt 0.407931 0.259637
vt 0.395573 0.012481
vt 0.383216 0.061912
vt 0.383216 0.407931
vt 0.383216 0.358500
vt 0.383216 0.704519
vt 0.383216 0.309069
vt 0.383216 0.655088
vt 0.383216 0.259637
vt 0.383216 0.605656
vt 0.383216 0.210206
vt 0.383216 0.556225
vt 0.383216 0.160775
vt 0.383216 0.506794
vt 0.383216 0.111344
vt 0.383216 0.457363
vt 0.395573 0.803382
vt 0.383216 0.753950
vt 0.358500 0.210206
vt 0.358500 0.160775
vt 0.358500 0.506794
vt 0.358500 0.111344
vt 0.358500 0.457363
vt 0.358500 0.061912
vt 0.358500 0.407931
vt 0.370858 0.803382
vt 0.358500 0.753950
vt 0.370858 0.012481
vt 0.358500 0.358500
vt 0.358500 0.704519
vt 0.358500 0.309069
vt 0.358500 0.655088
vt 0.358500 0.259637
vt 0.358500 0.605656
vt 0.358500 0.556225
vt 0.333784 0.704519
vt 0.333784 0.358500
vt 0.333784 0.309069
vt 0.333784 0.655088
vt 0.333784 0.259637
vt 0.333784 0.605656
vt 0.333784 0.210206
vt 0.333784 0.556225
vt 0.333784 0.160775
vt 0.333784 0.506794
vt 0.333784 0.111344
vt 0.333784 0.457363
vt 0.333784 0.061912
vt 0.333784 0.407931
vt 0.346142 0.803382
vt 0.333784 0.753950
vt 0.346142 0.012481
vt 0.309069 0.506794
vt 0.309069 0.160775
vt 0.309069 0.111344
vt 0.309069 0.457363
vt 0.309069 0.061912
vt 0.309069 0.407931
vt 0.321427 0.803382
vt 0.309069 0.753950
vt 0.321426 0.012481
vt 0.309069 0.358500
vt 0.309069 0.704519
vt 0.309069 0.309069
vt 0.309069 0.655088
vt 0.309069 0.259637
vt 0.309069 0.605656
vt 0.309069 0.210206
vt 0.309069 0.556225
vt 0.284353 0.358500
vt 0.284353 0.309069
vt 0.284353 0.655088
vt 0.284353 0.259637
vt 0.284353 0.605656
vt 0.284353 0.210206
vt 0.284353 0.556225
vt 0.284353 0.160775
vt 0.284353 0.506794
vt 0.284353 0.111344
vt 0.284353 0.457363
vt 0.284353 0.061912
vt 0.284353 0.407931
vt 0.296711 0.803382
vt 0.284353 0.753950
vt 0.296711 0.012481
vt 0.284353 0.704519
vt 0.259637 0.160775
vt 0.259637 0.111344
vt 0.259637 0.457363
vt 0.259637 0.061912
vt 0.259637 0.407931
vt 0.271995 0.803382
vt 0.259638 0.753950
vt 0.271995 0.012481
vt 0.259637 0.358500
vt 0.259637 0.704519
vt 0.259637 0.309069
vt 0.259637 0.655088
vt 0.259637 0.259637
vt 0.259637 0.605656
vt 0.259637 0.210206
vt 0.259637 0.556225
vt 0.259637 0.506794
vt 0.234922 0.655088
vt 0.234922 0.309069
vt 0.234922 0.259637
vt 0.234922 0.605656
vt 0.234922 0.210206
vt 0.234922 0.556225
vt 0.234922 0.160775
vt 0.234922 0.506794
vt 0.234922 0.111344
vt 0.234922 0.457363
vt 0.234922 0.061912
vt 0.234922 0.407931
vt 0.247280 0.803382
vt 0.234922 0.753950
vt 0.247279 0.012481
vt 0.234922 0.358500
vt 0.234922 0.704519
vt 0.210206 0.457363
vt 0.210206 0.111344
vt 0.210206 0.061912
vt 0.210206 0.407931
vt 0.222564 0.803382
vt 0.210206 0.753950
vt 0.222564 0.012481
vt 0.210206 0.358500
vt 0.210206 0.704519
vt 0.210206 0.309069
vt 0.210206 0.655088
vt 0.210206 0.259637
vt 0.210206 0.605656
vt 0.210206 0.210206
vt 0.210206 0.556225
vt 0.210206 0.160775
vt 0.210206 0.506794
vt 0.185490 0.259637
vt 0.185491 0.655088
vt 0.185491 0.605656
vt 0.185490 0.210206
vt 0.185491 0.556225
vt 0.185490 0.160775
vt 0.185491 0.506794
vt 0.185490 0.111344
vt 0.185491 0.457363
vt 0.185490 0.061912
vt 0.185491 0.407931
vt 0.197848 0.803382
vt 0.185491 0.753950
vt 0.197848 0.012481
vt 0.185491 0.358500
vt 0.185491 0.704519
vt 0.185490 0.309069
vt 0.160775 0.061912
vt 0.160775 0.457363
vt 0.160775 0.407931
vt 0.173133 0.803382
vt 0.160775 0.753950
vt 0.173133 0.012481
vt 0.160775 0.358500
vt 0.160775 0.704519
vt 0.160775 0.309069
vt 0.160775 0.655088
vt 0.160775 0.259637
vt 0.160775 0.605656
vt 0.160775 0.210206
vt 0.160775 0.556225
vt 0.160775 0.160775
vt 0.160775 0.506794
vt 0.160775 0.111344
vt 0.136059 0.210206
vt 0.136059 0.605656
vt 0.136059 0.556225
vt 0.136059 0.160775
vt 0.136059 0.506794
vt 0.136059 0.111344
vt 0.136059 0.457363
vt 0.136059 0.061912
vt 0.136059 0.407931
vt 0.148417 0.803382
vt 0.136059 0.753950
vt 0.148417 0.012481
vt 0.136059 0.358500
vt 0.136059 0.704519
vt 0.136059 0.309069
vt 0.136059 0.655088
vt 0.136059 0.259637
vt 0.123702 0.803382
vt 0.111344 0.753950
vt 0.123702 0.012481
vt 0.111344 0.061912
vt 0.111344 0.358500
vt 0.111344 0.704519
vt 0.111344 0.309069
vt 0.111344 0.655088
vt 0.111344 0.259637
vt 0.111344 0.605656
vt 0.111344 0.210206
vt 0.111344 0.556225
vt 0.111344 0.160775
vt 0.111344 0.506794
vt 0.111344 0.111344
vt 0.111344 0.457363
vt 0.111344 0.407931
vt 0.086628 0.605657
vt 0.086628 0.556225
vt 0.086628 0.160775
vt 0.086628 0.506794
vt 0.086628 0.111344
vt 0.086628 0.457363
vt 0.086628 0.061912
vt 0.086628 0.407931
vt 0.098986 0.803382
vt 0.086628 0.753950
vt 0.098986 0.012481
vt 0.086628 0.358500
vt 0.086628 0.704519
vt 0.086628 0.309069
vt 0.086628 0.655088
vt 0.086628 0.259637
vt 0.086628 0.210206
vt 0.061912 0.358500
vt 0.061913 0.753950
vt 0.061913 0.704519
vt 0.061912 0.309069
vt 0.061913 0.655088
vt 0.061912 0.259637
vt 0.061913 0.605657
vt 0.061912 0.210206
vt 0.061912 0.556225
vt 0.061912 0.160775
vt 0.061912 0.506794
vt 0.061912 0.111344
vt 0.061912 0.457363
vt 0.061912 0.061912
vt 0.061912 0.407931
vt 0.074270 0.803382
vt 0.074270 0.012481
vt 0.037197 0.160775
vt 0.037197 0.556225
vt 0.037197 0.506794
vt 0.037197 0.111344
vt 0.037197 0.457363
vt 0.037197 0.061912
vt 0.037197 0.407931
vt 0.049555 0.803382
vt 0.037197 0.753950
vt 0.049554 0.012481
vt 0.037197 0.358500
vt 0.037197 0.704519
vt 0.037197 0.309069
vt 0.037197 0.655088
vt 0.037197 0.259637
vt 0.037197 0.605657
vt 0.037197 0.210206
vt 0.012481 0.753950
vt 0.012481 0.704519
vt 0.012481 0.309069
vt 0.012481 0.655088
vt 0.012481 0.259638
vt 0.012481 0.605656
vt 0.012481 0.210206
vt 0.012481 0.556225
vt 0.012481 0.160775
vt 0.012481 0.506794
vt 0.012481 0.111344
vt 0.012481 0.457363
vt 0.012481 0.061912
vt 0.012481 0.407931
vt 0.024839 0.803382
vt 0.024839 0.012481
vt 0.012481 0.358500
vt 0.803381 0.556225
vt 0.778666 0.506794
vt 0.803381 0.506794
vt 0.803381 0.111344
vt 0.778666 0.160775
vt 0.778666 0.111344
vt 0.778666 0.457362
vt 0.803381 0.457362
vt 0.803381 0.061912
vt 0.778666 0.061912
vt 0.778666 0.407931
vt 0.803381 0.407931
vt 0.803381 0.753950
vt 0.791024 0.803381
vt 0.778666 0.753950
vt 0.791023 0.012481
vt 0.803381 0.358500
vt 0.778666 0.358500
vt 0.778666 0.704519
vt 0.803381 0.704519
vt 0.803381 0.309069
vt 0.778666 0.309069
vt 0.778666 0.655088
vt 0.803381 0.655088
vt 0.803381 0.259637
vt 0.778666 0.259637
vt 0.778666 0.605656
vt 0.803381 0.605656
vt 0.803381 0.210206
vt 0.778666 0.210206
vt 0.778666 0.556225
vt 0.803381 0.160775
vt 0.753950 0.358500
vt 0.753950 0.309069
vt 0.753950 0.655088
vt 0.753950 0.259637
vt 0.753950 0.605656
vt 0.753950 0.210206
vt 0.753950 0.556225
vt 0.753950 0.160775
vt 0.753950 0.506794
vt 0.753950 0.111344
vt 0.753950 0.457362
vt 0.753950 0.061912
vt 0.753950 0.407931
vt 0.766308 0.803381
vt 0.753950 0.753950
vt 0.766308 0.012481
vt 0.753950 0.704519
vt 0.729235 0.160775
vt 0.729235 0.111344
vt 0.729235 0.457362
vt 0.729234 0.061912
vt 0.729235 0.407931
vt 0.741592 0.803381
vt 0.729234 0.753950
vt 0.741592 0.012481
vt 0.729235 0.358500
vt 0.729235 0.704519
vt 0.729235 0.309069
vt 0.729235 0.655088
vt 0.729235 0.259637
vt 0.729235 0.605656
vt 0.729235 0.210206
vt 0.729235 0.556225
vt 0.729235 0.506794
vt 0.704519 0.309069
vt 0.704519 0.259637
vt 0.704519 0.605656
vt 0.704519 0.210206
vt 0.704519 0.556225
vt 0.704519 0.160775
vt 0.704519 0.506794
vt 0.704519 0.111344
vt 0.704519 0.457362
vt 0.704519 0.061912
vt 0.704519 0.407931
vt 0.716877 0.803382
vt 0.704519 0.753950
vt 0.716876 0.012481
vt 0.704519 0.358500
vt 0.704519 0.704519
vt 0.704519 0.655088
vt 0.679803 0.111344
vt 0.679803 0.061912
vt 0.679803 0.407931
vt 0.692161 0.803382
vt 0.679803 0.753950
vt 0.692161 0.012481
vt 0.679803 0.358500
vt 0.679803 0.704519
vt 0.679803 0.309069
vt 0.679803 0.655088
vt 0.679803 0.259637
vt 0.679803 0.605656
vt 0.679803 0.210206
vt 0.679803 0.556225
vt 0.679803 0.160775
vt 0.679803 0.506794
vt 0.679803 0.457362
vt 0.655088 0.605656
vt 0.655087 0.259637
vt 0.655088 0.210206
vt 0.655088 0.556225
vt 0.655087 0.160775
vt 0.655088 0.506794
vt 0.655088 0.111344
vt 0.655088 0.457363
vt 0.655088 0.061912
vt 0.655088 0.407931
vt 0.667445 0.803382
vt 0.655088 0.753950
vt 0.667445 0.012481
vt 0.655088 0.358500
vt 0.655088 0.704519
vt 0.655088 0.309069
vt 0.655088 0.655088
vt 0.630372 0.407931
vt 0.642730 0.803382
vt 0.630372 0.753950
vt 0.642730 0.012481
vt 0.630372 0.061912
vt 0.630372 0.358500
vt 0.630372 0.704519
vt 0.630372 0.309069
vt 0.630372 0.655088
vt 0.630372 0.259637
vt 0.630372 0.605656
vt 0.630372 0.210206
vt 0.630372 0.556225
vt 0.630372 0.160775
vt 0.630372 0.506794
vt 0.630372 0.111344
vt 0.630372 0.457363
vt 0.618014 0.803382
vt 0.618014 0.012481
vt 0.903950 0.175098
vt 0.897171 0.243926
vt 0.890392 0.175098
vt 0.877095 0.177743
vt 0.864569 0.182931
vt 0.853296 0.190464
vt 0.843709 0.200051
vt 0.836177 0.211323
vt 0.830989 0.223849
vt 0.828344 0.237147
vt 0.828344 0.250704
vt 0.830989 0.264002
vt 0.836177 0.276527
vt 0.843709 0.287800
vt 0.853296 0.297387
vt 0.864569 0.304920
vt 0.877095 0.310108
vt 0.890392 0.312753
vt 0.903950 0.312753
vt 0.917247 0.310108
vt 0.929773 0.304920
vt 0.941046 0.297387
vt 0.950633 0.287800
vt 0.958165 0.276528
vt 0.963353 0.264002
vt 0.965998 0.250704
vt 0.965998 0.237147
vt 0.963354 0.223849
vt 0.958165 0.211323
vt 0.950633 0.200051
vt 0.941046 0.190464
vt 0.929773 0.182931
vt 0.512496 0.980028
vt 0.517992 0.983700
vt 0.517992 0.924231
vt 0.917247 0.177743
vt 0.264002 0.830989
vt 0.243926 0.897171
vt 0.250704 0.828344
vt 0.237147 0.828344
vt 0.223849 0.830989
vt 0.211323 0.836177
vt 0.200051 0.843709
vt 0.190464 0.853296
vt 0.182931 0.864569
vt 0.177743 0.877095
vt 0.175098 0.890392
vt 0.175098 0.903950
vt 0.177743 0.917247
vt 0.182932 0.929773
vt 0.190464 0.941046
vt 0.200051 0.950633
vt 0.211324 0.958165
vt 0.223849 0.963354
vt 0.237147 0.965998
vt 0.250705 0.965998
vt 0.264002 0.963353
vt 0.276528 0.958165
vt 0.287801 0.950633
vt 0.297387 0.941046
vt 0.304920 0.929773
vt 0.310108 0.917247
vt 0.312753 0.903950
vt 0.312753 0.890392
vt 0.310108 0.877095
vt 0.304920 0.864569
vt 0.297387 0.853296
vt 0.287800 0.843709
vt 0.979676 0.868906
vt 0.980965 0.862424
vt 0.926023 0.885182
vt 0.276527 0.836177
vt 0.917247 0.340360
vt 0.897171 0.406543
vt 0.903950 0.337715
vt 0.890392 0.337715
vt 0.877095 0.340360
vt 0.864569 0.345548
vt 0.853296 0.353080
vt 0.843709 0.362667
vt 0.836177 0.373940
vt 0.830989 0.386466
vt 0.828344 0.399763
vt 0.828344 0.413321
vt 0.830989 0.426618
vt 0.836177 0.439144
vt 0.843709 0.450417
vt 0.853296 0.460004
vt 0.864569 0.467536
vt 0.877095 0.472725
vt 0.890392 0.475370
vt 0.903950 0.475370
vt 0.917247 0.472725
vt 0.929773 0.467537
vt 0.941046 0.460004
vt 0.950633 0.450418
vt 0.958165 0.439145
vt 0.963353 0.426619
vt 0.965998 0.413322
vt 0.965998 0.399764
vt 0.963354 0.386466
vt 0.958165 0.373941
vt 0.950633 0.362668
vt 0.941046 0.353081
vt 0.655689 0.938072
vt 0.652017 0.932577
vt 0.629259 0.987519
vt 0.929773 0.345548
vt 0.542374 0.796033
vt 0.443810 0.766134
vt 0.546313 0.776230
vt 0.546313 0.756038
vt 0.542374 0.736235
vt 0.534647 0.717580
vt 0.523429 0.700792
vt 0.509152 0.686514
vt 0.492363 0.675296
vt 0.473709 0.667569
vt 0.453905 0.663630
vt 0.433713 0.663630
vt 0.413910 0.667570
vt 0.395255 0.675297
vt 0.378467 0.686514
vt 0.364189 0.700792
vt 0.352972 0.717580
vt 0.345245 0.736235
vt 0.341306 0.756039
vt 0.341306 0.776230
vt 0.345245 0.796034
vt 0.352972 0.814688
vt 0.364190 0.831477
vt 0.378467 0.845754
vt 0.395256 0.856972
vt 0.413910 0.864699
vt 0.433714 0.868638
vt 0.453905 0.868638
vt 0.473709 0.864699
vt 0.492363 0.856972
vt 0.509152 0.845754
vt 0.523429 0.831476
vt 0.882137 0.840134
vt 0.885451 0.846361
vt 0.831789 0.844158
vt 0.534647 0.814688
vt 0.061232 0.830989
vt 0.081308 0.897170
vt 0.048707 0.836177
vt 0.037434 0.843709
vt 0.027847 0.853296
vt 0.020314 0.864569
vt 0.015126 0.877095
vt 0.012481 0.890392
vt 0.012481 0.903950
vt 0.015126 0.917247
vt 0.020314 0.929773
vt 0.027847 0.941046
vt 0.037433 0.950633
vt 0.048706 0.958165
vt 0.061232 0.963353
vt 0.074529 0.965999
vt 0.088087 0.965999
vt 0.101385 0.963354
vt 0.113910 0.958165
vt 0.125183 0.950633
vt 0.134770 0.941046
vt 0.142303 0.929773
vt 0.147491 0.917247
vt 0.150136 0.903950
vt 0.150136 0.890392
vt 0.147491 0.877095
vt 0.142303 0.864569
vt 0.134770 0.853296
vt 0.125183 0.843709
vt 0.113911 0.836177
vt 0.101385 0.830989
vt 0.088087 0.828344
vt 0.727810 0.829633
vt 0.721327 0.828344
vt 0.744085 0.883286
vt 0.074530 0.828344
vt 0.337715 0.890392
vt 0.406542 0.897171
vt 0.337715 0.903950
vt 0.340360 0.917247
vt 0.345548 0.929773
vt 0.353081 0.941046
vt 0.362668 0.950633
vt 0.373941 0.958165
vt 0.386466 0.963353
vt 0.399764 0.965998
vt 0.413322 0.965998
vt 0.426619 0.963353
vt 0.439145 0.958165
vt 0.450418 0.950633
vt 0.460004 0.941046
vt 0.467537 0.929773
vt 0.472725 0.917247
vt 0.475370 0.903950
vt 0.475370 0.890392
vt 0.472725 0.877095
vt 0.467537 0.864569
vt 0.460004 0.853296
vt 0.450417 0.843709
vt 0.439144 0.836177
vt 0.426619 0.830989
vt 0.413321 0.828344
vt 0.399763 0.828344
vt 0.386466 0.830989
vt 0.373940 0.836177
vt 0.362667 0.843709
vt 0.353081 0.853296
vt 0.345548 0.864569
vt 0.507823 0.883286
vt 0.512496 0.887959
vt 0.524098 0.829633
vt 0.340360 0.877095
vt 0.877095 0.635342
vt 0.897171 0.569159
vt 0.890392 0.637987
vt 0.903950 0.637987
vt 0.917247 0.635342
vt 0.929773 0.630154
vt 0.941046 0.622621
vt 0.950633 0.613034
vt 0.958165 0.601761
vt 0.963353 0.589236
vt 0.965998 0.575938
vt 0.965998 0.562380
vt 0.963353 0.549083
vt 0.958165 0.536557
vt 0.950633 0.525284
vt 0.941046 0.515698
vt 0.929773 0.508165
vt 0.917247 0.502977
vt 0.903950 0.500332
vt 0.890392 0.500332
vt 0.877095 0.502977
vt 0.864569 0.508165
vt 0.853296 0.515698
vt 0.843709 0.525284
vt 0.836177 0.536557
vt 0.830989 0.549083
vt 0.828344 0.562380
vt 0.828344 0.575938
vt 0.830989 0.589236
vt 0.836177 0.601762
vt 0.843709 0.613034
vt 0.853296 0.622621
vt 0.641847 0.891631
vt 0.647343 0.887959
vt 0.592401 0.865202
vt 0.864569 0.630154
vt 0.877095 0.797959
vt 0.897170 0.731777
vt 0.890392 0.800604
vt 0.903950 0.800604
vt 0.917247 0.797959
vt 0.929773 0.792771
vt 0.941046 0.785238
vt 0.950633 0.775651
vt 0.958165 0.764378
vt 0.963353 0.751853
vt 0.965998 0.738555
vt 0.965998 0.724997
vt 0.963353 0.711700
vt 0.958165 0.699174
vt 0.950633 0.687901
vt 0.941046 0.678315
vt 0.929773 0.670782
vt 0.917247 0.665594
vt 0.903950 0.662949
vt 0.890392 0.662949
vt 0.877095 0.665594
vt 0.864569 0.670782
vt 0.853296 0.678315
vt 0.843709 0.687902
vt 0.836177 0.699174
vt 0.830989 0.711700
vt 0.828344 0.724998
vt 0.828344 0.738555
vt 0.830989 0.751853
vt 0.836177 0.764378
vt 0.843709 0.775651
vt 0.853296 0.785238
vt 0.727810 0.921702
vt 0.721328 0.920412
vt 0.744085 0.975355
vt 0.864569 0.792771
vt 0.929773 0.020314
vt 0.897171 0.081309
vt 0.917247 0.015126
vt 0.903950 0.012481
vt 0.890392 0.012481
vt 0.877095 0.015126
vt 0.864569 0.020315
vt 0.853296 0.027847
vt 0.843709 0.037434
vt 0.836177 0.048707
vt 0.830989 0.061232
vt 0.828344 0.074530
vt 0.828344 0.088087
vt 0.830988 0.101385
vt 0.836177 0.113911
vt 0.843709 0.125184
vt 0.853296 0.134770
vt 0.864569 0.142303
vt 0.877095 0.147491
vt 0.890392 0.150136
vt 0.903950 0.150136
vt 0.917247 0.147491
vt 0.929773 0.142303
vt 0.941046 0.134770
vt 0.950633 0.125184
vt 0.958165 0.113911
vt 0.963353 0.101385
vt 0.965998 0.088087
vt 0.965998 0.074530
vt 0.963353 0.061232
vt 0.958165 0.048707
vt 0.950633 0.037434
vt 0.979676 0.960975
vt 0.980965 0.954493
vt 0.926023 0.977250
vt 0.941046 0.027847
vt 0.524098 0.986229
vt 0.530581 0.987519
vt 0.537190 0.920412
vt 0.537190 0.987519
vt 0.543672 0.921702
vt 0.543673 0.986229
vt 0.549779 0.983700
vt 0.549779 0.924231
vt 0.555274 0.980028
vt 0.559948 0.932576
vt 0.559948 0.975354
vt 0.563620 0.938072
vt 0.563620 0.969859
vt 0.566149 0.963752
vt 0.566149 0.944178
vt 0.567439 0.957270
vt 0.567439 0.950661
vt 0.555274 0.927903
vt 0.530580 0.920412
vt 0.524098 0.921702
vt 0.512496 0.927903
vt 0.507823 0.975355
vt 0.507823 0.932577
vt 0.504151 0.969859
vt 0.504151 0.938072
vt 0.501621 0.944179
vt 0.501622 0.963753
vt 0.500332 0.950661
vt 0.500332 0.957271
vt 0.980965 0.855815
vt 0.979676 0.849332
vt 0.915148 0.868906
vt 0.977146 0.843226
vt 0.913859 0.862424
vt 0.973474 0.837730
vt 0.968801 0.833057
vt 0.913859 0.855814
vt 0.963305 0.829385
vt 0.917677 0.843226
vt 0.957199 0.826855
vt 0.921349 0.837730
vt 0.950716 0.825566
vt 0.944107 0.825566
vt 0.926023 0.833057
vt 0.937625 0.826855
vt 0.931518 0.829385
vt 0.915148 0.849332
vt 0.917677 0.875013
vt 0.921349 0.880508
vt 0.931518 0.888854
vt 0.977146 0.875013
vt 0.937625 0.891383
vt 0.973474 0.880508
vt 0.944107 0.892672
vt 0.950716 0.892672
vt 0.968801 0.885182
vt 0.957199 0.891383
vt 0.963305 0.888854
vt 0.647343 0.927903
vt 0.641847 0.924231
vt 0.610061 0.983700
vt 0.635741 0.921702
vt 0.604565 0.980028
vt 0.629259 0.920412
vt 0.622649 0.920412
vt 0.599892 0.975355
vt 0.616167 0.921702
vt 0.593690 0.963753
vt 0.610061 0.924231
vt 0.592401 0.957270
vt 0.604565 0.927903
vt 0.599891 0.932577
vt 0.592401 0.950661
vt 0.596220 0.938072
vt 0.593690 0.944178
vt 0.596220 0.969859
vt 0.616167 0.986229
vt 0.622649 0.987519
vt 0.635741 0.986229
vt 0.658218 0.944179
vt 0.641848 0.983700
vt 0.659507 0.950661
vt 0.647343 0.980028
vt 0.652017 0.975354
vt 0.659507 0.957270
vt 0.655689 0.969859
vt 0.658218 0.963753
vt 0.887733 0.853221
vt 0.888896 0.860453
vt 0.828344 0.865293
vt 0.888896 0.867778
vt 0.829507 0.872525
vt 0.887733 0.874914
vt 0.885451 0.881588
vt 0.831789 0.879386
vt 0.882137 0.887542
vt 0.839320 0.890965
vt 0.877920 0.892549
vt 0.844279 0.895237
vt 0.872961 0.896414
vt 0.867451 0.898991
vt 0.849789 0.898267
vt 0.861602 0.900180
vt 0.855638 0.899936
vt 0.835103 0.885612
vt 0.828344 0.857968
vt 0.829507 0.850832
vt 0.835103 0.838204
vt 0.877920 0.834782
vt 0.839320 0.833198
vt 0.872961 0.830509
vt 0.844279 0.829332
vt 0.849789 0.826755
vt 0.867451 0.827480
vt 0.855638 0.825566
vt 0.861602 0.825811
vt 0.714718 0.828344
vt 0.708236 0.829633
vt 0.727810 0.894161
vt 0.702129 0.832162
vt 0.721327 0.895450
vt 0.696634 0.835834
vt 0.691960 0.840508
vt 0.714718 0.895450
vt 0.688288 0.846003
vt 0.702129 0.891632
vt 0.685759 0.852110
vt 0.696634 0.887959
vt 0.684470 0.858592
vt 0.684469 0.865202
vt 0.691960 0.883286
vt 0.685759 0.871684
vt 0.688288 0.877790
vt 0.708236 0.894161
vt 0.733916 0.891632
vt 0.739412 0.887959
vt 0.747757 0.877790
vt 0.733916 0.832162
vt 0.750287 0.871684
vt 0.739412 0.835834
vt 0.751576 0.865202
vt 0.751576 0.858592
vt 0.744085 0.840508
vt 0.750287 0.852110
vt 0.747757 0.846003
vt 0.517992 0.891631
vt 0.524098 0.894161
vt 0.543673 0.829633
vt 0.530581 0.895450
vt 0.549779 0.832162
vt 0.537190 0.895450
vt 0.543672 0.894161
vt 0.555274 0.835834
vt 0.549779 0.891631
vt 0.563620 0.846004
vt 0.555274 0.887960
vt 0.566149 0.852110
vt 0.559948 0.883286
vt 0.563620 0.877790
vt 0.567439 0.858592
vt 0.566149 0.871684
vt 0.567439 0.865202
vt 0.559948 0.840508
vt 0.537190 0.828344
vt 0.530581 0.828344
vt 0.517992 0.832162
vt 0.504151 0.877790
vt 0.512496 0.835834
vt 0.501621 0.871684
vt 0.507823 0.840508
vt 0.504151 0.846003
vt 0.500332 0.865202
vt 0.501622 0.852110
vt 0.500332 0.858592
vt 0.652017 0.883286
vt 0.655689 0.877790
vt 0.596219 0.846004
vt 0.658218 0.871684
vt 0.599891 0.840508
vt 0.659507 0.865202
vt 0.659507 0.858592
vt 0.604565 0.835835
vt 0.658218 0.852110
vt 0.616167 0.829633
vt 0.655688 0.846003
vt 0.622649 0.828344
vt 0.652016 0.840508
vt 0.647343 0.835834
vt 0.629259 0.828344
vt 0.641847 0.832162
vt 0.635741 0.829633
vt 0.610060 0.832162
vt 0.593690 0.852110
vt 0.592401 0.858592
vt 0.593690 0.871684
vt 0.635741 0.894161
vt 0.596220 0.877791
vt 0.629259 0.895450
vt 0.599892 0.883286
vt 0.604565 0.887960
vt 0.622649 0.895450
vt 0.610061 0.891631
vt 0.616167 0.894161
vt 0.714718 0.920412
vt 0.708236 0.921702
vt 0.727810 0.986229
vt 0.702129 0.924231
vt 0.721328 0.987519
vt 0.696634 0.927903
vt 0.691960 0.932577
vt 0.714718 0.987519
vt 0.688288 0.938072
vt 0.702129 0.983700
vt 0.685759 0.944178
vt 0.696634 0.980028
vt 0.684469 0.950661
vt 0.684469 0.957270
vt 0.691960 0.975355
vt 0.685759 0.963753
vt 0.688288 0.969859
vt 0.708236 0.986229
vt 0.733916 0.983700
vt 0.739412 0.980028
vt 0.747757 0.969859
vt 0.733916 0.924231
vt 0.750287 0.963753
vt 0.739412 0.927903
vt 0.751576 0.957270
vt 0.751576 0.950661
vt 0.744085 0.932577
vt 0.750287 0.944179
vt 0.747757 0.938072
vt 0.980965 0.947883
vt 0.979676 0.941401
vt 0.915148 0.960975
vt 0.977146 0.935294
vt 0.913858 0.954493
vt 0.973474 0.929799
vt 0.968801 0.925125
vt 0.913858 0.947883
vt 0.963305 0.921453
vt 0.917677 0.935294
vt 0.957199 0.918924
vt 0.921349 0.929799
vt 0.950716 0.917635
vt 0.944107 0.917635
vt 0.926023 0.925125
vt 0.937625 0.918924
vt 0.931518 0.921453
vt 0.915148 0.941401
vt 0.917677 0.967081
vt 0.921349 0.972577
vt 0.931518 0.980922
vt 0.977146 0.967081
vt 0.937625 0.983452
vt 0.973474 0.972577
vt 0.944107 0.984741
vt 0.950717 0.984741
vt 0.968801 0.977250
vt 0.957199 0.983452
vt 0.963305 0.980922
s 0
usemtl マテリアル.003
f 476/1/1 9/2/1 10/3/1
f 6/4/2 18/5/2 479/6/2
f 2/7/3 10/3/3 11/8/3
f 479/6/4 19/9/4 480/10/4
f 477/11/5 11/8/5 12/12/5
f 480/10/6 20/13/6 481/14/6
f 3/15/7 12/12/7 13/16/7
f 481/14/8 21/17/8 482/18/8
f 4/19/9 13/16/9 14/20/9
f 474/21/10 82/22/10 7/23/10
f 308/24/11 482/18/11 21/17/11
f 4/19/12 15/25/12 5/26/12
f 475/27/13 7/23/13 8/28/13
f 5/26/14 16/29/14 478/30/14
f 1/31/15 8/28/15 9/2/15
f 478/30/16 17/32/16 6/4/16
f 9/2/17 23/33/17 24/34/17
f 16/29/18 32/35/18 17/32/18
f 10/3/19 24/34/19 25/36/19
f 17/32/20 33/37/20 18/5/20
f 11/8/21 25/36/21 26/38/21
f 18/5/22 34/39/22 19/9/22
f 12/12/23 26/38/23 27/40/23
f 19/9/24 35/41/24 20/13/24
f 13/16/25 27/40/25 28/42/25
f 20/13/26 36/43/26 21/17/26
f 14/20/27 28/42/27 29/44/27
f 7/23/28 82/45/28 22/46/28
f 308/47/29 21/17/29 36/43/29
f 14/20/30 30/48/30 15/25/30
f 8/28/31 22/46/31 23/33/31
f 15/25/32 31/49/32 16/29/32
f 28/42/33 42/50/33 43/51/33
f 35/41/34 51/52/34 36/43/34
f 29/44/35 43/51/35 44/53/35
f 22/46/36 82/54/36 37/55/36
f 308/56/37 36/43/37 51/52/37
f 29/44/38 45/57/38 30/48/38
f 23/33/39 37/55/39 38/58/39
f 30/48/40 46/59/40 31/49/40
f 24/34/41 38/58/41 39/60/41
f 31/49/42 47/61/42 32/35/42
f 25/36/43 39/60/43 40/62/43
f 32/35/44 48/63/44 33/37/44
f 26/38/45 40/62/45 41/64/45
f 33/37/46 49/65/46 34/39/46
f 27/40/47 41/64/47 42/50/47
f 34/39/48 50/66/48 35/41/48
f 46/59/49 62/67/49 47/61/49
f 40/62/50 54/68/50 55/69/50
f 47/61/51 63/70/51 48/63/51
f 41/64/52 55/69/52 56/71/52
f 48/63/53 64/72/53 49/65/53
f 42/50/54 56/71/54 57/73/54
f 49/65/55 65/74/55 50/66/55
f 43/51/56 57/73/56 58/75/56
f 50/66/57 66/76/57 51/52/57
f 44/53/58 58/75/58 59/77/58
f 37/55/59 82/78/59 52/79/59
f 308/80/60 51/52/60 66/76/60
f 44/53/61 60/81/61 45/57/61
f 38/58/62 52/79/62 53/82/62
f 45/57/63 61/83/63 46/59/63
f 39/60/64 53/82/64 54/68/64
f 65/74/65 81/84/65 66/76/65
f 59/77/66 73/85/66 74/86/66
f 52/79/67 82/87/67 67/88/67
f 308/89/68 66/76/68 81/84/68
f 59/77/69 75/90/69 60/81/69
f 53/82/70 67/88/70 68/91/70
f 60/81/71 76/92/71 61/83/71
f 54/68/72 68/91/72 69/93/72
f 61/83/73 77/94/73 62/67/73
f 55/69/74 69/93/74 70/95/74
f 62/67/75 78/96/75 63/70/75
f 56/71/76 70/95/76 71/97/76
f 63/70/77 79/98/77 64/72/77
f 57/73/78 71/97/78 72/99/78
f 64/72/79 80/100/79 65/74/79
f 58/75/80 72/99/80 73/85/80
f 70/95/81 85/101/81 86/102/81
f 77/94/82 94/103/82 78/96/82
f 71/97/83 86/102/83 87/104/83
f 78/96/84 95/105/84 79/98/84
f 72/99/85 87/104/85 88/106/85
f 79/98/86 96/107/86 80/100/86
f 73/85/87 88/106/87 89/108/87
f 80/100/88 97/109/88 81/84/88
f 74/86/89 89/108/89 90/110/89
f 67/88/90 82/111/90 83/112/90
f 308/113/91 81/84/91 97/109/91
f 74/86/92 91/114/92 75/90/92
f 68/91/93 83/112/93 84/115/93
f 75/90/94 92/116/94 76/92/94
f 69/93/95 84/115/95 85/101/95
f 76/92/96 93/117/96 77/94/96
f 90/110/97 104/118/97 105/119/97
f 83/112/98 82/120/98 98/121/98
f 308/122/99 97/109/99 112/123/99
f 90/110/100 106/124/100 91/114/100
f 84/115/101 98/121/101 99/125/101
f 91/114/102 107/126/102 92/116/102
f 85/101/103 99/125/103 100/127/103
f 92/116/104 108/128/104 93/117/104
f 86/102/105 100/127/105 101/129/105
f 93/117/106 109/130/106 94/103/106
f 87/104/107 101/129/107 102/131/107
f 94/103/108 110/132/108 95/105/108
f 88/106/109 102/131/109 103/133/109
f 95/105/110 111/134/110 96/107/110
f 89/108/111 103/133/111 104/118/111
f 96/107/112 112/123/112 97/109/112
f 108/128/113 124/135/113 109/130/113
f 102/131/114 116/136/114 117/137/114
f 109/130/115 125/138/115 110/132/115
f 103/133/116 117/137/116 118/139/116
f 110/132/117 126/140/117 111/134/117
f 104/118/118 118/139/118 119/141/118
f 111/134/119 127/142/119 112/123/119
f 105/119/120 119/141/120 120/143/120
f 98/121/121 82/144/121 113/145/121
f 308/146/122 112/123/122 127/142/122
f 105/119/123 121/147/123 106/124/123
f 99/125/124 113/145/124 114/148/124
f 106/124/125 122/149/125 107/126/125
f 100/127/126 114/148/126 115/150/126
f 107/126/127 123/151/127 108/128/127
f 101/129/128 115/150/128 116/136/128
f 308/152/129 127/142/129 142/153/129
f 121/147/130 135/154/130 136/155/130
f 113/145/131 129/156/131 114/148/131
f 122/149/132 136/155/132 137/157/132
f 114/148/133 130/158/133 115/150/133
f 123/151/134 137/157/134 138/159/134
f 115/150/135 131/160/135 116/136/135
f 124/135/136 138/159/136 139/161/136
f 116/136/137 132/162/137 117/137/137
f 125/138/138 139/161/138 140/163/138
f 117/137/139 133/164/139 118/139/139
f 126/140/140 140/163/140 141/165/140
f 118/139/141 134/166/141 119/141/141
f 127/142/142 141/165/142 142/153/142
f 119/141/143 135/154/143 120/143/143
f 113/145/144 82/167/144 128/168/144
f 140/163/145 154/169/145 155/170/145
f 132/162/146 148/171/146 133/164/146
f 141/165/147 155/170/147 156/172/147
f 133/164/148 149/173/148 134/166/148
f 142/153/149 156/172/149 157/174/149
f 134/166/150 150/175/150 135/154/150
f 128/168/151 82/176/151 143/177/151
f 308/178/152 142/153/152 157/174/152
f 136/155/153 150/175/153 151/179/153
f 128/168/154 144/180/154 129/156/154
f 137/157/155 151/179/155 152/181/155
f 129/156/156 145/182/156 130/158/156
f 138/159/157 152/181/157 153/183/157
f 130/158/158 146/184/158 131/160/158
f 139/161/159 153/183/159 154/169/159
f 131/160/160 147/185/160 132/162/160
f 143/177/161 159/186/161 144/180/161
f 152/181/162 166/187/162 167/188/162
f 144/180/163 160/189/163 145/182/163
f 153/183/164 167/188/164 168/190/164
f 145/182/165 161/191/165 146/184/165
f 154/169/166 168/190/166 169/192/166
f 146/184/167 162/193/167 147/185/167
f 155/170/168 169/192/168 170/194/168
f 147/185/169 163/195/169 148/171/169
f 156/172/170 170/194/170 171/196/170
f 148/171/171 164/197/171 149/173/171
f 157/174/172 171/196/172 172/198/172
f 149/173/173 165/199/173 150/175/173
f 143/177/174 82/200/174 158/201/174
f 308/202/175 157/174/175 172/198/175
f 151/179/176 165/199/176 166/187/176
f 162/193/177 178/203/177 163/195/177
f 171/196/178 185/204/178 186/205/178
f 163/195/179 179/206/179 164/197/179
f 172/198/180 186/205/180 187/207/180
f 164/197/181 180/208/181 165/199/181
f 158/201/182 82/209/182 173/210/182
f 308/211/183 172/198/183 187/207/183
f 166/187/184 180/208/184 181/212/184
f 158/201/185 174/213/185 159/186/185
f 167/188/186 181/212/186 182/214/186
f 159/186/187 175/215/187 160/189/187
f 168/190/188 182/214/188 183/216/188
f 160/189/189 176/217/189 161/191/189
f 169/192/190 183/216/190 184/218/190
f 161/191/191 177/219/191 162/193/191
f 170/194/192 184/218/192 185/204/192
f 182/214/193 196/220/193 197/221/193
f 174/213/194 190/222/194 175/215/194
f 183/216/195 197/221/195 198/223/195
f 175/215/196 191/224/196 176/217/196
f 184/218/197 198/223/197 199/225/197
f 176/217/198 192/226/198 177/219/198
f 185/204/199 199/225/199 200/227/199
f 177/219/200 193/228/200 178/203/200
f 186/205/201 200/227/201 201/229/201
f 178/203/202 194/230/202 179/206/202
f 187/207/203 201/229/203 202/231/203
f 179/206/204 195/232/204 180/208/204
f 173/210/205 82/233/205 188/234/205
f 308/235/206 187/207/206 202/231/206
f 181/212/207 195/232/207 196/220/207
f 173/210/208 189/236/208 174/213/208
f 201/229/209 215/237/209 216/238/209
f 193/228/210 209/239/210 194/230/210
f 202/231/211 216/238/211 217/240/211
f 194/230/212 210/241/212 195/232/212
f 188/234/213 82/242/213 203/243/213
f 308/244/214 202/231/214 217/240/214
f 196/220/215 210/241/215 211/245/215
f 188/234/216 204/246/216 189/236/216
f 197/221/217 211/245/217 212/247/217
f 189/236/218 205/248/218 190/222/218
f 198/223/219 212/247/219 213/249/219
f 190/222/220 206/250/220 191/224/220
f 199/225/221 213/249/221 214/251/221
f 191/224/222 207/252/222 192/226/222
f 200/227/223 214/251/223 215/237/223
f 192/226/224 208/253/224 193/228/224
f 204/246/225 220/254/225 205/248/225
f 213/249/226 227/255/226 228/256/226
f 205/248/227 221/257/227 206/250/227
f 214/251/228 228/256/228 229/258/228
f 206/250/229 222/259/229 207/252/229
f 215/237/230 229/258/230 230/260/230
f 207/252/231 223/261/231 208/253/231
f 216/238/232 230/260/232 231/262/232
f 208/253/233 224/263/233 209/239/233
f 217/240/234 231/262/234 232/264/234
f 209/239/235 225/265/235 210/241/235
f 203/243/236 82/266/236 218/267/236
f 308/268/237 217/240/237 232/264/237
f 211/245/238 225/265/238 226/269/238
f 203/243/239 219/270/239 204/246/239
f 212/247/240 226/269/240 227/255/240
f 223/261/241 239/271/241 224/263/241
f 232/264/242 246/272/242 247/273/242
f 224/263/243 240/274/243 225/265/243
f 218/267/244 82/275/244 233/276/244
f 308/277/245 232/264/245 247/273/245
f 226/269/246 240/274/246 241/278/246
f 218/267/247 234/279/247 219/270/247
f 227/255/248 241/278/248 242/280/248
f 219/270/249 235/281/249 220/254/249
f 228/256/250 242/280/250 243/282/250
f 220/254/251 236/283/251 221/257/251
f 229/258/252 243/282/252 244/284/252
f 221/257/253 237/285/253 222/259/253
f 230/260/254 244/284/254 245/286/254
f 222/259/255 238/287/255 223/261/255
f 231/262/256 245/286/256 246/272/256
f 242/280/257 258/288/257 243/282/257
f 236/283/258 250/289/258 251/290/258
f 243/282/259 259/291/259 244/284/259
f 237/285/260 251/290/260 252/292/260
f 244/284/261 260/293/261 245/286/261
f 238/287/262 252/292/262 253/294/262
f 245/286/263 261/295/263 246/272/263
f 239/271/264 253/294/264 254/296/264
f 246/272/265 262/297/265 247/273/265
f 240/274/266 254/296/266 255/298/266
f 233/276/267 82/299/267 248/300/267
f 308/301/268 247/273/268 262/297/268
f 240/274/269 256/302/269 241/278/269
f 234/279/270 248/300/270 249/303/270
f 241/278/271 257/304/271 242/280/271
f 235/281/272 249/303/272 250/289/272
f 261/295/273 277/305/273 262/297/273
f 255/298/274 269/306/274 270/307/274
f 248/300/275 82/308/275 263/309/275
f 308/310/276 262/297/276 277/305/276
f 255/298/277 271/311/277 256/302/277
f 249/303/278 263/309/278 264/312/278
f 256/302/279 272/313/279 257/304/279
f 250/289/280 264/312/280 265/314/280
f 257/304/281 273/315/281 258/288/281
f 251/290/282 265/314/282 266/316/282
f 258/288/283 274/317/283 259/291/283
f 252/292/284 266/316/284 267/318/284
f 259/291/285 275/319/285 260/293/285
f 253/294/286 267/318/286 268/320/286
f 260/293/287 276/321/287 261/295/287
f 254/296/288 268/320/288 269/306/288
f 273/315/289 289/322/289 274/317/289
f 267/318/290 281/323/290 282/324/290
f 274/317/291 290/325/291 275/319/291
f 268/320/292 282/324/292 283/326/292
f 275/319/293 291/327/293 276/321/293
f 269/306/294 283/326/294 284/328/294
f 276/321/295 292/329/295 277/305/295
f 270/307/296 284/328/296 285/330/296
f 263/309/297 82/331/297 278/332/297
f 308/333/298 277/305/298 292/329/298
f 270/307/299 286/334/299 271/311/299
f 264/312/300 278/332/300 279/335/300
f 271/311/301 287/336/301 272/313/301
f 265/314/302 279/335/302 280/337/302
f 272/313/303 288/338/303 273/315/303
f 266/316/304 280/337/304 281/323/304
f 278/332/305 82/339/305 293/340/305
f 308/341/306 292/329/306 307/342/306
f 285/330/307 301/343/307 286/334/307
f 279/335/308 293/340/308 294/344/308
f 286/334/309 302/345/309 287/336/309
f 280/337/310 294/344/310 295/346/310
f 287/336/311 303/347/311 288/338/311
f 281/323/312 295/346/312 296/348/312
f 288/338/313 304/349/313 289/322/313
f 282/324/314 296/348/314 297/350/314
f 289/322/315 305/351/315 290/325/315
f 283/326/316 297/350/316 298/352/316
f 290/325/317 306/353/317 291/327/317
f 284/328/318 298/352/318 299/354/318
f 291/327/319 307/342/319 292/329/319
f 285/330/320 299/354/320 300/355/320
f 297/350/321 312/356/321 313/357/321
f 304/349/322 321/358/322 305/351/322
f 298/352/323 313/357/323 314/359/323
f 305/351/324 322/360/324 306/353/324
f 299/354/325 314/359/325 315/361/325
f 306/353/326 323/362/326 307/342/326
f 300/355/327 315/361/327 316/363/327
f 293/340/328 82/364/328 309/365/328
f 308/366/329 307/342/329 323/362/329
f 300/355/330 317/367/330 301/343/330
f 294/344/331 309/365/331 310/368/331
f 301/343/332 318/369/332 302/345/332
f 295/346/333 310/368/333 311/370/333
f 302/345/334 319/371/334 303/347/334
f 296/348/335 311/370/335 312/356/335
f 303/347/336 320/372/336 304/349/336
f 316/363/337 332/373/337 317/367/337
f 310/368/338 324/374/338 325/375/338
f 317/367/339 333/376/339 318/369/339
f 311/370/340 325/375/340 326/377/340
f 318/369/341 334/378/341 319/371/341
f 312/356/342 326/377/342 327/379/342
f 319/371/343 335/380/343 320/372/343
f 313/357/344 327/379/344 328/381/344
f 320/372/345 336/382/345 321/358/345
f 314/359/346 328/381/346 329/383/346
f 321/358/347 337/384/347 322/360/347
f 315/361/348 329/383/348 330/385/348
f 322/360/349 338/386/349 323/362/349
f 316/363/350 330/385/350 331/387/350
f 309/365/351 82/388/351 324/374/351
f 308/389/352 323/362/352 338/386/352
f 335/380/353 351/390/353 336/382/353
f 329/383/354 343/391/354 344/392/354
f 336/382/355 352/393/355 337/384/355
f 330/385/356 344/392/356 345/394/356
f 337/384/357 353/395/357 338/386/357
f 331/387/358 345/394/358 346/396/358
f 324/374/359 82/397/359 339/398/359
f 308/399/360 338/386/360 353/395/360
f 331/387/361 347/400/361 332/373/361
f 325/375/362 339/398/362 340/401/362
f 332/373/363 348/402/363 333/376/363
f 326/377/364 340/401/364 341/403/364
f 333/376/365 349/404/365 334/378/365
f 327/379/366 341/403/366 342/405/366
f 334/378/367 350/406/367 335/380/367
f 328/381/368 342/405/368 343/391/368
f 340/401/369 354/407/369 355/408/369
f 347/400/370 363/409/370 348/402/370
f 341/403/371 355/408/371 356/410/371
f 348/402/372 364/411/372 349/404/372
f 342/405/373 356/410/373 357/412/373
f 349/404/374 365/413/374 350/406/374
f 343/391/375 357/412/375 358/414/375
f 350/406/376 366/415/376 351/390/376
f 344/392/377 358/414/377 359/416/377
f 351/390/378 367/417/378 352/393/378
f 345/394/379 359/416/379 360/418/379
f 352/393/380 368/419/380 353/395/380
f 346/396/381 360/418/381 361/420/381
f 339/398/382 82/421/382 354/407/382
f 308/422/383 353/395/383 368/419/383
f 346/396/384 362/423/384 347/400/384
f 358/424/385 374/425/385 359/426/385
f 367/427/386 381/428/386 382/429/386
f 359/426/387 375/430/387 360/431/387
f 368/432/388 382/429/388 383/433/388
f 360/431/389 376/434/389 361/435/389
f 354/436/390 82/437/390 369/438/390
f 308/439/391 368/432/391 383/433/391
f 362/440/392 376/434/392 377/441/392
f 354/436/393 370/442/393 355/443/393
f 363/444/394 377/441/394 378/445/394
f 355/443/395 371/446/395 356/447/395
f 364/448/396 378/445/396 379/449/396
f 356/447/397 372/450/397 357/451/397
f 365/452/398 379/449/398 380/453/398
f 357/451/399 373/454/399 358/424/399
f 366/455/400 380/453/400 381/428/400
f 378/445/401 392/456/401 393/457/401
f 370/442/402 386/458/402 371/446/402
f 379/449/403 393/457/403 394/459/403
f 371/446/404 387/460/404 372/450/404
f 380/453/405 394/459/405 395/461/405
f 372/450/406 388/462/406 373/454/406
f 381/428/407 395/461/407 396/463/407
f 373/454/408 389/464/408 374/425/408
f 382/429/409 396/463/409 397/465/409
f 374/425/410 390/466/410 375/430/410
f 383/433/411 397/465/411 398/467/411
f 375/430/412 391/468/412 376/434/412
f 369/438/413 82/469/413 384/470/413
f 308/471/414 383/433/414 398/467/414
f 377/441/415 391/468/415 392/456/415
f 369/438/416 385/472/416 370/442/416
f 397/465/417 411/473/417 412/474/417
f 389/464/418 405/475/418 390/466/418
f 398/467/419 412/474/419 413/476/419
f 390/466/420 406/477/420 391/468/420
f 384/470/421 82/478/421 399/479/421
f 308/480/422 398/467/422 413/476/422
f 392/456/423 406/477/423 407/481/423
f 384/470/424 400/482/424 385/472/424
f 393/457/425 407/481/425 408/483/425
f 385/472/426 401/484/426 386/458/426
f 394/459/427 408/483/427 409/485/427
f 386/458/428 402/486/428 387/460/428
f 395/461/429 409/485/429 410/487/429
f 387/460/430 403/488/430 388/462/430
f 396/463/431 410/487/431 411/473/431
f 388/462/432 404/489/432 389/464/432
f 409/485/433 423/490/433 424/491/433
f 401/484/434 417/492/434 402/486/434
f 410/487/435 424/491/435 425/493/435
f 402/486/436 418/494/436 403/488/436
f 411/473/437 425/493/437 426/495/437
f 403/488/438 419/496/438 404/489/438
f 412/474/439 426/495/439 427/497/439
f 404/489/440 420/498/440 405/475/440
f 413/476/441 427/497/441 428/499/441
f 405/475/442 421/500/442 406/477/442
f 399/479/443 82/501/443 414/502/443
f 308/503/444 413/476/444 428/499/444
f 407/481/445 421/500/445 422/504/445
f 399/479/446 415/505/446 400/482/446
f 408/483/447 422/504/447 423/490/447
f 400/482/448 416/506/448 401/484/448
f 428/499/449 442/507/449 443/508/449
f 420/498/450 436/509/450 421/500/450
f 414/502/451 82/510/451 429/511/451
f 308/512/452 428/499/452 443/508/452
f 422/504/453 436/509/453 437/513/453
f 414/502/454 430/514/454 415/505/454
f 423/490/455 437/513/455 438/515/455
f 415/505/456 431/516/456 416/506/456
f 424/491/457 438/515/457 439/517/457
f 416/506/458 432/518/458 417/492/458
f 425/493/459 439/517/459 440/519/459
f 417/492/460 433/520/460 418/494/460
f 426/495/461 440/519/461 441/521/461
f 418/494/462 434/522/462 419/496/462
f 427/497/463 441/521/463 442/507/463
f 419/496/464 435/523/464 420/498/464
f 431/516/465 447/524/465 432/518/465
f 440/519/466 454/525/466 455/526/466
f 432/518/467 448/527/467 433/520/467
f 441/521/468 455/526/468 456/528/468
f 433/520/469 449/529/469 434/522/469
f 442/507/470 456/528/470 457/530/470
f 434/522/471 450/531/471 435/523/471
f 443/508/472 457/530/472 458/532/472
f 435/523/473 451/533/473 436/509/473
f 429/511/474 82/534/474 444/535/474
f 308/536/475 443/508/475 458/532/475
f 437/513/476 451/533/476 452/537/476
f 429/511/477 445/538/477 430/514/477
f 438/515/478 452/537/478 453/539/478
f 430/514/479 446/540/479 431/516/479
f 439/517/480 453/539/480 454/525/480
f 450/531/481 466/541/481 451/533/481
f 444/535/482 82/542/482 459/543/482
f 308/544/483 458/532/483 473/545/483
f 452/537/484 466/541/484 467/546/484
f 444/535/485 460/547/485 445/538/485
f 453/539/486 467/546/486 468/548/486
f 445/538/487 461/549/487 446/540/487
f 454/525/488 468/548/488 469/550/488
f 446/540/489 462/551/489 447/524/489
f 455/526/490 469/550/490 470/552/490
f 447/524/491 463/553/491 448/527/491
f 456/528/492 470/552/492 471/554/492
f 448/527/493 464/555/493 449/529/493
f 457/530/494 471/554/494 472/556/494
f 449/529/495 465/557/495 450/531/495
f 458/532/496 472/556/496 473/545/496
f 470/552/497 6/4/497 479/6/497
f 462/551/498 2/7/498 463/553/498
f 471/554/499 479/6/499 480/10/499
f 463/553/500 477/11/500 464/555/500
f 472/556/501 480/10/501 481/14/501
f 464/555/502 3/15/502 465/557/502
f 473/545/503 481/14/503 482/18/503
f 465/557/504 4/19/504 466/541/504
f 459/543/505 82/558/505 474/21/505
f 308/559/506 473/545/506 482/18/506
f 467/546/507 4/19/507 5/26/507
f 459/543/508 475/27/508 460/547/508
f 468/548/509 5/26/509 478/30/509
f 460/547/510 1/31/510 461/549/510
f 469/550/511 478/30/511 6/4/511
f 461/549/512 476/1/512 462/551/512
f 483/560/513 515/561/513 484/562/513
f 484/562/514 515/561/514 485/563/514
f 485/563/515 515/561/515 486/564/515
f 486/564/516 515/561/516 487/565/516
f 487/565/517 515/561/517 488/566/517
f 488/566/518 515/561/518 489/567/518
f 489/567/519 515/561/519 490/568/519
f 490/568/520 515/561/520 491/569/520
f 491/569/521 515/561/521 492/570/521
f 492/570/522 515/561/522 493/571/522
f 493/571/523 515/561/523 494/572/523
f 494/572/524 515/561/524 495/573/524
f 495/573/525 515/561/525 496/574/525
f 496/574/526 515/561/526 497/575/526
f 497/575/527 515/561/527 498/576/527
f 498/576/528 515/561/528 499/577/528
f 499/577/529 515/561/529 500/578/529
f 500/578/530 515/561/530 501/579/530
f 501/579/531 515/561/531 502/580/531
f 502/580/532 515/561/532 503/581/532
f 503/581/533 515/561/533 504/582/533
f 504/582/534 515/561/534 505/583/534
f 505/583/535 515/561/535 506/584/535
f 506/584/536 515/561/536 507/585/536
f 507/585/537 515/561/537 508/586/537
f 508/586/538 515/561/538 509/587/538
f 509/587/539 515/561/539 510/588/539
f 510/588/540 515/561/540 511/589/540
f 511/589/541 515/561/541 512/590/541
f 512/590/542 515/561/542 513/591/542
f 512/592/543 513/593/543 502/594/543
f 513/591/544 515/561/544 514/595/544
f 514/595/545 515/561/545 483/560/545
f 516/596/546 548/597/546 517/598/546
f 517/598/547 548/597/547 518/599/547
f 518/599/548 548/597/548 519/600/548
f 519/600/549 548/597/549 520/601/549
f 520/601/550 548/597/550 521/602/550
f 521/602/551 548/597/551 522/603/551
f 522/603/552 548/597/552 523/604/552
f 523/604/553 548/597/553 524/605/553
f 524/605/554 548/597/554 525/606/554
f 525/606/555 548/597/555 526/607/555
f 526/607/556 548/597/556 527/608/556
f 527/608/557 548/597/557 528/609/557
f 528/609/558 548/597/558 529/610/558
f 529/610/559 548/597/559 530/611/559
f 530/611/560 548/597/560 531/612/560
f 531/612/561 548/597/561 532/613/561
f 532/613/562 548/597/562 533/614/562
f 533/614/563 548/597/563 534/615/563
f 534/615/564 548/597/564 535/616/564
f 535/616/565 548/597/565 536/617/565
f 536/617/566 548/597/566 537/618/566
f 537/618/567 548/597/567 538/619/567
f 538/619/568 548/597/568 539/620/568
f 539/620/569 548/597/569 540/621/569
f 540/621/570 548/597/570 541/622/570
f 541/622/571 548/597/571 542/623/571
f 542/623/572 548/597/572 543/624/572
f 543/624/573 548/597/573 544/625/573
f 544/625/574 548/597/574 545/626/574
f 545/626/575 548/597/575 546/627/575
f 545/628/576 546/629/576 535/630/576
f 546/627/577 548/597/577 547/631/577
f 547/631/578 548/597/578 516/596/578
f 549/632/579 581/633/579 550/634/579
f 550/634/580 581/633/580 551/635/580
f 551/635/581 581/633/581 552/636/581
f 552/636/582 581/633/582 553/637/582
f 553/637/583 581/633/583 554/638/583
f 554/638/584 581/633/584 555/639/584
f 555/639/585 581/633/585 556/640/585
f 556/640/586 581/633/586 557/641/586
f 557/641/587 581/633/587 558/642/587
f 558/642/588 581/633/588 559/643/588
f 559/643/589 581/633/589 560/644/589
f 560/644/590 581/633/590 561/645/590
f 561/645/591 581/633/591 562/646/591
f 562/646/592 581/633/592 563/647/592
f 563/647/593 581/633/593 564/648/593
f 564/648/594 581/633/594 565/649/594
f 565/649/595 581/633/595 566/650/595
f 566/650/596 581/633/596 567/651/596
f 567/651/597 581/633/597 568/652/597
f 568/652/598 581/633/598 569/653/598
f 569/653/599 581/633/599 570/654/599
f 570/654/600 581/633/600 571/655/600
f 571/655/601 581/633/601 572/656/601
f 572/656/602 581/633/602 573/657/602
f 573/657/603 581/633/603 574/658/603
f 574/658/604 581/633/604 575/659/604
f 575/659/605 581/633/605 576/660/605
f 576/660/606 581/633/606 577/661/606
f 577/661/607 581/633/607 578/662/607
f 578/662/608 581/633/608 579/663/608
f 578/664/609 579/665/609 568/666/609
f 579/663/610 581/633/610 580/667/610
f 580/667/611 581/633/611 549/632/611
f 582/668/612 614/669/612 583/670/612
f 583/670/613 614/669/613 584/671/613
f 584/671/614 614/669/614 585/672/614
f 585/672/615 614/669/615 586/673/615
f 586/673/616 614/669/616 587/674/616
f 587/674/617 614/669/617 588/675/617
f 588/675/618 614/669/618 589/676/618
f 589/676/619 614/669/619 590/677/619
f 590/677/620 614/669/620 591/678/620
f 591/678/621 614/669/621 592/679/621
f 592/679/622 614/669/622 593/680/622
f 593/680/623 614/669/623 594/681/623
f 594/681/624 614/669/624 595/682/624
f 595/682/625 614/669/625 596/683/625
f 596/683/626 614/669/626 597/684/626
f 597/684/627 614/669/627 598/685/627
f 598/685/628 614/669/628 599/686/628
f 599/686/629 614/669/629 600/687/629
f 600/687/630 614/669/630 601/688/630
f 601/688/631 614/669/631 602/689/631
f 602/689/632 614/669/632 603/690/632
f 603/690/633 614/669/633 604/691/633
f 604/691/634 614/669/634 605/692/634
f 605/692/635 614/669/635 606/693/635
f 606/693/636 614/669/636 607/694/636
f 607/694/637 614/669/637 608/695/637
f 608/695/638 614/669/638 609/696/638
f 609/696/639 614/669/639 610/697/639
f 610/697/640 614/669/640 611/698/640
f 611/698/641 614/669/641 612/699/641
f 611/700/642 612/701/642 601/702/642
f 612/699/643 614/669/643 613/703/643
f 613/703/644 614/669/644 582/668/644
f 615/704/645 647/705/645 616/706/645
f 616/706/646 647/705/646 617/707/646
f 617/707/647 647/705/647 618/708/647
f 618/708/648 647/705/648 619/709/648
f 619/709/649 647/705/649 620/710/649
f 620/710/650 647/705/650 621/711/650
f 621/711/651 647/705/651 622/712/651
f 622/712/652 647/705/652 623/713/652
f 623/713/653 647/705/653 624/714/653
f 624/714/654 647/705/654 625/715/654
f 625/715/655 647/705/655 626/716/655
f 626/716/656 647/705/656 627/717/656
f 627/717/657 647/705/657 628/718/657
f 628/718/658 647/705/658 629/719/658
f 629/719/659 647/705/659 630/720/659
f 630/720/660 647/705/660 631/721/660
f 631/721/661 647/705/661 632/722/661
f 632/722/662 647/705/662 633/723/662
f 633/723/663 647/705/663 634/724/663
f 634/724/664 647/705/664 635/725/664
f 635/725/665 647/705/665 636/726/665
f 636/726/666 647/705/666 637/727/666
f 637/727/667 647/705/667 638/728/667
f 638/728/668 647/705/668 639/729/668
f 639/729/669 647/705/669 640/730/669
f 640/730/670 647/705/670 641/731/670
f 641/731/671 647/705/671 642/732/671
f 642/732/672 647/705/672 643/733/672
f 643/733/673 647/705/673 644/734/673
f 644/734/674 647/705/674 645/735/674
f 644/736/675 645/737/675 634/738/675
f 645/735/676 647/705/676 646/739/676
f 646/739/677 647/705/677 615/704/677
f 648/740/678 680/741/678 649/742/678
f 649/742/679 680/741/679 650/743/679
f 650/743/680 680/741/680 651/744/680
f 651/744/681 680/741/681 652/745/681
f 652/745/682 680/741/682 653/746/682
f 653/746/683 680/741/683 654/747/683
f 654/747/684 680/741/684 655/748/684
f 655/748/685 680/741/685 656/749/685
f 656/749/686 680/741/686 657/750/686
f 657/750/687 680/741/687 658/751/687
f 658/751/688 680/741/688 659/752/688
f 659/752/689 680/741/689 660/753/689
f 660/753/690 680/741/690 661/754/690
f 661/754/691 680/741/691 662/755/691
f 662/755/692 680/741/692 663/756/692
f 663/756/693 680/741/693 664/757/693
f 664/757/694 680/741/694 665/758/694
f 665/758/695 680/741/695 666/759/695
f 666/759/696 680/741/696 667/760/696
f 667/760/697 680/741/697 668/761/697
f 668/761/698 680/741/698 669/762/698
f 669/762/699 680/741/699 670/763/699
f 670/763/700 680/741/700 671/764/700
f 671/764/701 680/741/701 672/765/701
f 672/765/702 680/741/702 673/766/702
f 673/766/703 680/741/703 674/767/703
f 674/767/704 680/741/704 675/768/704
f 675/768/705 680/741/705 676/769/705
f 676/769/706 680/741/706 677/770/706
f 677/770/707 680/741/707 678/771/707
f 677/772/708 678/773/708 667/774/708
f 678/771/709 680/741/709 679/775/709
f 679/775/710 680/741/710 648/740/710
f 681/776/711 713/777/711 682/778/711
f 682/778/712 713/777/712 683/779/712
f 683/779/713 713/777/713 684/780/713
f 684/780/714 713/777/714 685/781/714
f 685/781/715 713/777/715 686/782/715
f 686/782/716 713/777/716 687/783/716
f 687/783/717 713/777/717 688/784/717
f 688/784/718 713/777/718 689/785/718
f 689/785/719 713/777/719 690/786/719
f 690/786/720 713/777/720 691/787/720
f 691/787/721 713/777/721 692/788/721
f 692/788/722 713/777/722 693/789/722
f 693/789/723 713/777/723 694/790/723
f 694/790/724 713/777/724 695/791/724
f 695/791/725 713/777/725 696/792/725
f 696/792/726 713/777/726 697/793/726
f 697/793/727 713/777/727 698/794/727
f 698/794/728 713/777/728 699/795/728
f 699/795/729 713/777/729 700/796/729
f 700/796/730 713/777/730 701/797/730
f 701/797/731 713/777/731 702/798/731
f 702/798/732 713/777/732 703/799/732
f 703/799/733 713/777/733 704/800/733
f 704/800/734 713/777/734 705/801/734
f 705/801/735 713/777/735 706/802/735
f 706/802/736 713/777/736 707/803/736
f 707/803/737 713/777/737 708/804/737
f 708/804/738 713/777/738 709/805/738
f 709/805/739 713/777/739 710/806/739
f 710/806/740 713/777/740 711/807/740
f 710/808/741 711/809/741 700/810/741
f 711/807/742 713/777/742 712/811/742
f 712/811/743 713/777/743 681/776/743
f 714/812/744 746/813/744 715/814/744
f 715/814/745 746/813/745 716/815/745
f 716/815/746 746/813/746 717/816/746
f 717/816/747 746/813/747 718/817/747
f 718/817/748 746/813/748 719/818/748
f 719/818/749 746/813/749 720/819/749
f 720/819/750 746/813/750 721/820/750
f 721/820/751 746/813/751 722/821/751
f 722/821/752 746/813/752 723/822/752
f 723/822/753 746/813/753 724/823/753
f 724/823/754 746/813/754 725/824/754
f 725/824/755 746/813/755 726/825/755
f 726/825/756 746/813/756 727/826/756
f 727/826/757 746/813/757 728/827/757
f 728/827/758 746/813/758 729/828/758
f 729/828/759 746/813/759 730/829/759
f 730/829/760 746/813/760 731/830/760
f 731/830/761 746/813/761 732/831/761
f 732/831/762 746/813/762 733/832/762
f 733/832/763 746/813/763 734/833/763
f 734/833/764 746/813/764 735/834/764
f 735/834/765 746/813/765 736/835/765
f 736/835/766 746/813/766 737/836/766
f 737/836/767 746/813/767 738/837/767
f 738/837/768 746/813/768 739/838/768
f 739/838/769 746/813/769 740/839/769
f 740/839/770 746/813/770 741/840/770
f 741/840/771 746/813/771 742/841/771
f 742/841/772 746/813/772 743/842/772
f 743/842/773 746/813/773 744/843/773
f 743/844/774 744/845/774 733/846/774
f 744/843/775 746/813/775 745/847/775
f 745/847/776 746/813/776 714/812/776
f 747/848/777 779/849/777 748/850/777
f 748/850/778 779/849/778 749/851/778
f 749/851/779 779/849/779 750/852/779
f 750/852/780 779/849/780 751/853/780
f 751/853/781 779/849/781 752/854/781
f 752/854/782 779/849/782 753/855/782
f 753/855/783 779/849/783 754/856/783
f 754/856/784 779/849/784 755/857/784
f 755/857/785 779/849/785 756/858/785
f 756/858/786 779/849/786 757/859/786
f 757/859/787 779/849/787 758/860/787
f 758/860/788 779/849/788 759/861/788
f 759/861/789 779/849/789 760/862/789
f 760/862/790 779/849/790 761/863/790
f 761/863/791 779/849/791 762/864/791
f 762/864/792 779/849/792 763/865/792
f 763/865/793 779/849/793 764/866/793
f 764/866/794 779/849/794 765/867/794
f 765/867/795 779/849/795 766/868/795
f 766/868/796 779/849/796 767/869/796
f 767/869/797 779/849/797 768/870/797
f 768/870/798 779/849/798 769/871/798
f 769/871/799 779/849/799 770/872/799
f 770/872/800 779/849/800 771/873/800
f 771/873/801 779/849/801 772/874/801
f 772/874/802 779/849/802 773/875/802
f 773/875/803 779/849/803 774/876/803
f 774/876/804 779/849/804 775/877/804
f 775/877/805 779/849/805 776/878/805
f 776/878/806 779/849/806 777/879/806
f 776/880/807 777/881/807 766/882/807
f 777/879/808 779/849/808 778/883/808
f 778/883/809 779/849/809 747/848/809
f 476/1/1 1/31/1 9/2/1
f 6/4/2 17/32/2 18/5/2
f 2/7/3 476/1/3 10/3/3
f 479/6/4 18/5/4 19/9/4
f 477/11/5 2/7/5 11/8/5
f 480/10/6 19/9/6 20/13/6
f 3/15/7 477/11/7 12/12/7
f 481/14/8 20/13/8 21/17/8
f 4/19/9 3/15/9 13/16/9
f 4/19/12 14/20/12 15/25/12
f 475/27/13 474/21/13 7/23/13
f 5/26/14 15/25/14 16/29/14
f 1/31/15 475/27/15 8/28/15
f 478/30/16 16/29/16 17/32/16
f 9/2/17 8/28/17 23/33/17
f 16/29/18 31/49/18 32/35/18
f 10/3/19 9/2/19 24/34/19
f 17/32/20 32/35/20 33/37/20
f 11/8/21 10/3/21 25/36/21
f 18/5/22 33/37/22 34/39/22
f 12/12/23 11/8/23 26/38/23
f 19/9/24 34/39/24 35/41/24
f 13/16/25 12/12/25 27/40/25
f 20/13/26 35/41/26 36/43/26
f 14/20/27 13/16/27 28/42/27
f 14/20/30 29/44/30 30/48/30
f 8/28/31 7/23/31 22/46/31
f 15/25/32 30/48/32 31/49/32
f 28/42/33 27/40/33 42/50/33
f 35/41/34 50/66/34 51/52/34
f 29/44/35 28/42/35 43/51/35
f 29/44/38 44/53/38 45/57/38
f 23/33/39 22/46/39 37/55/39
f 30/48/40 45/57/40 46/59/40
f 24/34/41 23/33/41 38/58/41
f 31/49/42 46/59/42 47/61/42
f 25/36/43 24/34/43 39/60/43
f 32/35/44 47/61/44 48/63/44
f 26/38/45 25/36/45 40/62/45
f 33/37/46 48/63/46 49/65/46
f 27/40/47 26/38/47 41/64/47
f 34/39/48 49/65/48 50/66/48
f 46/59/49 61/83/49 62/67/49
f 40/62/50 39/60/50 54/68/50
f 47/61/51 62/67/51 63/70/51
f 41/64/52 40/62/52 55/69/52
f 48/63/53 63/70/53 64/72/53
f 42/50/54 41/64/54 56/71/54
f 49/65/55 64/72/55 65/74/55
f 43/51/56 42/50/56 57/73/56
f 50/66/57 65/74/57 66/76/57
f 44/53/58 43/51/58 58/75/58
f 44/53/61 59/77/61 60/81/61
f 38/58/62 37/55/62 52/79/62
f 45/57/63 60/81/63 61/83/63
f 39/60/64 38/58/64 53/82/64
f 65/74/65 80/100/65 81/84/65
f 59/77/66 58/75/66 73/85/66
f 59/77/69 74/86/69 75/90/69
f 53/82/70 52/79/70 67/88/70
f 60/81/71 75/90/71 76/92/71
f 54/68/72 53/82/72 68/91/72
f 61/83/73 76/92/73 77/94/73
f 55/69/74 54/68/74 69/93/74
f 62/67/75 77/94/75 78/96/75
f 56/71/76 55/69/76 70/95/76
f 63/70/77 78/96/77 79/98/77
f 57/73/78 56/71/78 71/97/78
f 64/72/79 79/98/79 80/100/79
f 58/75/80 57/73/80 72/99/80
f 70/95/81 69/93/81 85/101/81
f 77/94/82 93/117/82 94/103/82
f 71/97/83 70/95/83 86/102/83
f 78/96/84 94/103/84 95/105/84
f 72/99/85 71/97/85 87/104/85
f 79/98/86 95/105/86 96/107/86
f 73/85/87 72/99/87 88/106/87
f 80/100/88 96/107/88 97/109/88
f 74/86/89 73/85/89 89/108/89
f 74/86/92 90/110/92 91/114/92
f 68/91/93 67/88/93 83/112/93
f 75/90/94 91/114/94 92/116/94
f 69/93/95 68/91/95 84/115/95
f 76/92/96 92/116/96 93/117/96
f 90/110/97 89/108/97 104/118/97
f 90/110/100 105/119/100 106/124/100
f 84/115/101 83/112/101 98/121/101
f 91/114/102 106/124/102 107/126/102
f 85/101/103 84/115/103 99/125/103
f 92/116/104 107/126/104 108/128/104
f 86/102/105 85/101/105 100/127/105
f 93/117/106 108/128/106 109/130/106
f 87/104/107 86/102/107 101/129/107
f 94/103/108 109/130/108 110/132/108
f 88/106/109 87/104/109 102/131/109
f 95/105/110 110/132/110 111/134/110
f 89/108/111 88/106/111 103/133/111
f 96/107/112 111/134/112 112/123/112
f 108/128/113 123/151/113 124/135/113
f 102/131/114 101/129/114 116/136/114
f 109/130/115 124/135/115 125/138/115
f 103/133/116 102/131/116 117/137/116
f 110/132/117 125/138/117 126/140/117
f 104/118/810 103/133/810 118/139/810
f 111/134/119 126/140/119 127/142/119
f 105/119/120 104/118/120 119/141/120
f 105/119/123 120/143/123 121/147/123
f 99/125/124 98/121/124 113/145/124
f 106/124/811 121/147/811 122/149/811
f 100/127/126 99/125/126 114/148/126
f 107/126/127 122/149/127 123/151/127
f 101/129/128 100/127/128 115/150/128
f 121/147/130 120/143/130 135/154/130
f 113/145/131 128/168/131 129/156/131
f 122/149/132 121/147/132 136/155/132
f 114/148/133 129/156/133 130/158/133
f 123/151/134 122/149/134 137/157/134
f 115/150/135 130/158/135 131/160/135
f 124/135/136 123/151/136 138/159/136
f 116/136/137 131/160/137 132/162/137
f 125/138/138 124/135/138 139/161/138
f 117/137/139 132/162/139 133/164/139
f 126/140/140 125/138/140 140/163/140
f 118/139/141 133/164/141 134/166/141
f 127/142/142 126/140/142 141/165/142
f 119/141/143 134/166/143 135/154/143
f 140/163/145 139/161/145 154/169/145
f 132/162/146 147/185/146 148/171/146
f 141/165/147 140/163/147 155/170/147
f 133/164/148 148/171/148 149/173/148
f 142/153/149 141/165/149 156/172/149
f 134/166/150 149/173/150 150/175/150
f 136/155/153 135/154/153 150/175/153
f 128/168/154 143/177/154 144/180/154
f 137/157/155 136/155/155 151/179/155
f 129/156/156 144/180/156 145/182/156
f 138/159/157 137/157/157 152/181/157
f 130/158/158 145/182/158 146/184/158
f 139/161/159 138/159/159 153/183/159
f 131/160/160 146/184/160 147/185/160
f 143/177/161 158/201/161 159/186/161
f 152/181/162 151/179/162 166/187/162
f 144/180/163 159/186/163 160/189/163
f 153/183/164 152/181/164 167/188/164
f 145/182/165 160/189/165 161/191/165
f 154/169/166 153/183/166 168/190/166
f 146/184/167 161/191/167 162/193/167
f 155/170/168 154/169/168 169/192/168
f 147/185/169 162/193/169 163/195/169
f 156/172/170 155/170/170 170/194/170
f 148/171/171 163/195/171 164/197/171
f 157/174/172 156/172/172 171/196/172
f 149/173/173 164/197/173 165/199/173
f 151/179/176 150/175/176 165/199/176
f 162/193/177 177/219/177 178/203/177
f 171/196/178 170/194/178 185/204/178
f 163/195/179 178/203/179 179/206/179
f 172/198/180 171/196/180 186/205/180
f 164/197/181 179/206/181 180/208/181
f 166/187/184 165/199/184 180/208/184
f 158/201/185 173/210/185 174/213/185
f 167/188/186 166/187/186 181/212/186
f 159/186/187 174/213/187 175/215/187
f 168/190/188 167/188/188 182/214/188
f 160/189/189 175/215/189 176/217/189
f 169/192/190 168/190/190 183/216/190
f 161/191/191 176/217/191 177/219/191
f 170/194/192 169/192/192 184/218/192
f 182/214/193 181/212/193 196/220/193
f 174/213/194 189/236/194 190/222/194
f 183/216/195 182/214/195 197/221/195
f 175/215/196 190/222/196 191/224/196
f 184/218/197 183/216/197 198/223/197
f 176/217/198 191/224/198 192/226/198
f 185/204/199 184/218/199 199/225/199
f 177/219/200 192/226/200 193/228/200
f 186/205/201 185/204/201 200/227/201
f 178/203/202 193/228/202 194/230/202
f 187/207/203 186/205/203 201/229/203
f 179/206/204 194/230/204 195/232/204
f 181/212/207 180/208/207 195/232/207
f 173/210/208 188/234/208 189/236/208
f 201/229/209 200/227/209 215/237/209
f 193/228/210 208/253/210 209/239/210
f 202/231/211 201/229/211 216/238/211
f 194/230/212 209/239/212 210/241/212
f 196/220/215 195/232/215 210/241/215
f 188/234/216 203/243/216 204/246/216
f 197/221/217 196/220/217 211/245/217
f 189/236/218 204/246/218 205/248/218
f 198/223/219 197/221/219 212/247/219
f 190/222/220 205/248/220 206/250/220
f 199/225/221 198/223/221 213/249/221
f 191/224/222 206/250/222 207/252/222
f 200/227/223 199/225/223 214/251/223
f 192/226/224 207/252/224 208/253/224
f 204/246/225 219/270/225 220/254/225
f 213/249/226 212/247/226 227/255/226
f 205/248/227 220/254/227 221/257/227
f 214/251/228 213/249/228 228/256/228
f 206/250/229 221/257/229 222/259/229
f 215/237/230 214/251/230 229/258/230
f 207/252/231 222/259/231 223/261/231
f 216/238/232 215/237/232 230/260/232
f 208/253/233 223/261/233 224/263/233
f 217/240/234 216/238/234 231/262/234
f 209/239/235 224/263/235 225/265/235
f 211/245/238 210/241/238 225/265/238
f 203/243/239 218/267/239 219/270/239
f 212/247/240 211/245/240 226/269/240
f 223/261/241 238/287/241 239/271/241
f 232/264/242 231/262/242 246/272/242
f 224/263/243 239/271/243 240/274/243
f 226/269/246 225/265/246 240/274/246
f 218/267/247 233/276/247 234/279/247
f 227/255/248 226/269/248 241/278/248
f 219/270/249 234/279/249 235/281/249
f 228/256/250 227/255/250 242/280/250
f 220/254/251 235/281/251 236/283/251
f 229/258/252 228/256/252 243/282/252
f 221/257/253 236/283/253 237/285/253
f 230/260/254 229/258/254 244/284/254
f 222/259/255 237/285/255 238/287/255
f 231/262/256 230/260/256 245/286/256
f 242/280/257 257/304/257 258/288/257
f 236/283/258 235/281/258 250/289/258
f 243/282/259 258/288/259 259/291/259
f 237/285/260 236/283/260 251/290/260
f 244/284/261 259/291/261 260/293/261
f 238/287/262 237/285/262 252/292/262
f 245/286/263 260/293/263 261/295/263
f 239/271/264 238/287/264 253/294/264
f 246/272/265 261/295/265 262/297/265
f 240/274/266 239/271/266 254/296/266
f 240/274/269 255/298/269 256/302/269
f 234/279/270 233/276/270 248/300/270
f 241/278/271 256/302/271 257/304/271
f 235/281/272 234/279/272 249/303/272
f 261/295/273 276/321/273 277/305/273
f 255/298/274 254/296/274 269/306/274
f 255/298/277 270/307/277 271/311/277
f 249/303/278 248/300/278 263/309/278
f 256/302/279 271/311/279 272/313/279
f 250/289/280 249/303/280 264/312/280
f 257/304/281 272/313/281 273/315/281
f 251/290/282 250/289/282 265/314/282
f 258/288/283 273/315/283 274/317/283
f 252/292/284 251/290/284 266/316/284
f 259/291/285 274/317/285 275/319/285
f 253/294/286 252/292/286 267/318/286
f 260/293/287 275/319/287 276/321/287
f 254/296/288 253/294/288 268/320/288
f 273/315/289 288/338/289 289/322/289
f 267/318/290 266/316/290 281/323/290
f 274/317/291 289/322/291 290/325/291
f 268/320/292 267/318/292 282/324/292
f 275/319/293 290/325/293 291/327/293
f 269/306/294 268/320/294 283/326/294
f 276/321/295 291/327/295 292/329/295
f 270/307/296 269/306/296 284/328/296
f 270/307/299 285/330/299 286/334/299
f 264/312/300 263/309/300 278/332/300
f 271/311/301 286/334/301 287/336/301
f 265/314/302 264/312/302 279/335/302
f 272/313/303 287/336/303 288/338/303
f 266/316/304 265/314/304 280/337/304
f 285/330/307 300/355/307 301/343/307
f 279/335/308 278/332/308 293/340/308
f 286/334/309 301/343/309 302/345/309
f 280/337/310 279/335/310 294/344/310
f 287/336/311 302/345/311 303/347/311
f 281/323/312 280/337/312 295/346/312
f 288/338/313 303/347/313 304/349/313
f 282/324/314 281/323/314 296/348/314
f 289/322/315 304/349/315 305/351/315
f 283/326/316 282/324/316 297/350/316
f 290/325/317 305/351/317 306/353/317
f 284/328/318 283/326/318 298/352/318
f 291/327/319 306/353/319 307/342/319
f 285/330/320 284/328/320 299/354/320
f 297/350/321 296/348/321 312/356/321
f 304/349/322 320/372/322 321/358/322
f 298/352/323 297/350/323 313/357/323
f 305/351/324 321/358/324 322/360/324
f 299/354/325 298/352/325 314/359/325
f 306/353/326 322/360/326 323/362/326
f 300/355/327 299/354/327 315/361/327
f 300/355/330 316/363/330 317/367/330
f 294/344/331 293/340/331 309/365/331
f 301/343/332 317/367/332 318/369/332
f 295/346/333 294/344/333 310/368/333
f 302/345/334 318/369/334 319/371/334
f 296/348/335 295/346/335 311/370/335
f 303/347/336 319/371/336 320/372/336
f 316/363/337 331/387/337 332/373/337
f 310/368/338 309/365/338 324/374/338
f 317/367/339 332/373/339 333/376/339
f 311/370/340 310/368/340 325/375/340
f 318/369/341 333/376/341 334/378/341
f 312/356/342 311/370/342 326/377/342
f 319/371/343 334/378/343 335/380/343
f 313/357/344 312/356/344 327/379/344
f 320/372/345 335/380/345 336/382/345
f 314/359/346 313/357/346 328/381/346
f 321/358/347 336/382/347 337/384/347
f 315/361/348 314/359/348 329/383/348
f 322/360/349 337/384/349 338/386/349
f 316/363/350 315/361/350 330/385/350
f 335/380/353 350/406/353 351/390/353
f 329/383/354 328/381/354 343/391/354
f 336/382/355 351/390/355 352/393/355
f 330/385/356 329/383/356 344/392/356
f 337/384/357 352/393/357 353/395/357
f 331/387/358 330/385/358 345/394/358
f 331/387/361 346/396/361 347/400/361
f 325/375/362 324/374/362 339/398/362
f 332/373/363 347/400/363 348/402/363
f 326/377/364 325/375/364 340/401/364
f 333/376/365 348/402/365 349/404/365
f 327/379/366 326/377/366 341/403/366
f 334/378/367 349/404/367 350/406/367
f 328/381/368 327/379/368 342/405/368
f 340/401/369 339/398/369 354/407/369
f 347/400/370 362/423/370 363/409/370
f 341/403/371 340/401/371 355/408/371
f 348/402/372 363/409/372 364/411/372
f 342/405/373 341/403/373 356/410/373
f 349/404/374 364/411/374 365/413/374
f 343/391/375 342/405/375 357/412/375
f 350/406/376 365/413/376 366/415/376
f 344/392/377 343/391/377 358/414/377
f 351/390/378 366/415/378 367/417/378
f 345/394/379 344/392/379 359/416/379
f 352/393/380 367/417/380 368/419/380
f 346/396/381 345/394/381 360/418/381
f 346/396/384 361/420/384 362/423/384
f 358/424/385 373/454/385 374/425/385
f 367/427/386 366/455/386 381/428/386
f 359/426/812 374/425/812 375/430/812
f 368/432/388 367/427/388 382/429/388
f 360/431/389 375/430/389 376/434/389
f 362/440/392 361/435/392 376/434/392
f 354/436/393 369/438/393 370/442/393
f 363/444/813 362/440/813 377/441/813
f 355/443/395 370/442/395 371/446/395
f 364/448/396 363/444/396 378/445/396
f 356/447/397 371/446/397 372/450/397
f 365/452/398 364/448/398 379/449/398
f 357/451/399 372/450/399 373/454/399
f 366/455/400 365/452/400 380/453/400
f 378/445/401 377/441/401 392/456/401
f 370/442/402 385/472/402 386/458/402
f 379/449/403 378/445/403 393/457/403
f 371/446/404 386/458/404 387/460/404
f 380/453/405 379/449/405 394/459/405
f 372/450/406 387/460/406 388/462/406
f 381/428/407 380/453/407 395/461/407
f 373/454/408 388/462/408 389/464/408
f 382/429/409 381/428/409 396/463/409
f 374/425/410 389/464/410 390/466/410
f 383/433/411 382/429/411 397/465/411
f 375/430/412 390/466/412 391/468/412
f 377/441/415 376/434/415 391/468/415
f 369/438/416 384/470/416 385/472/416
f 397/465/417 396/463/417 411/473/417
f 389/464/418 404/489/418 405/475/418
f 398/467/419 397/465/419 412/474/419
f 390/466/420 405/475/420 406/477/420
f 392/456/423 391/468/423 406/477/423
f 384/470/424 399/479/424 400/482/424
f 393/457/425 392/456/425 407/481/425
f 385/472/426 400/482/426 401/484/426
f 394/459/427 393/457/427 408/483/427
f 386/458/428 401/484/428 402/486/428
f 395/461/429 394/459/429 409/485/429
f 387/460/430 402/486/430 403/488/430
f 396/463/431 395/461/431 410/487/431
f 388/462/432 403/488/432 404/489/432
f 409/485/433 408/483/433 423/490/433
f 401/484/434 416/506/434 417/492/434
f 410/487/435 409/485/435 424/491/435
f 402/486/436 417/492/436 418/494/436
f 411/473/437 410/487/437 425/493/437
f 403/488/438 418/494/438 419/496/438
f 412/474/439 411/473/439 426/495/439
f 404/489/440 419/496/440 420/498/440
f 413/476/441 412/474/441 427/497/441
f 405/475/442 420/498/442 421/500/442
f 407/481/445 406/477/445 421/500/445
f 399/479/446 414/502/446 415/505/446
f 408/483/447 407/481/447 422/504/447
f 400/482/448 415/505/448 416/506/448
f 428/499/449 427/497/449 442/507/449
f 420/498/450 435/523/450 436/509/450
f 422/504/453 421/500/453 436/509/453
f 414/502/454 429/511/454 430/514/454
f 423/490/455 422/504/455 437/513/455
f 415/505/456 430/514/456 431/516/456
f 424/491/457 423/490/457 438/515/457
f 416/506/458 431/516/458 432/518/458
f 425/493/459 424/491/459 439/517/459
f 417/492/460 432/518/460 433/520/460
f 426/495/461 425/493/461 440/519/461
f 418/494/462 433/520/462 434/522/462
f 427/497/463 426/495/463 441/521/463
f 419/496/464 434/522/464 435/523/464
f 431/516/465 446/540/465 447/524/465
f 440/519/466 439/517/466 454/525/466
f 432/518/467 447/524/467 448/527/467
f 441/521/468 440/519/468 455/526/468
f 433/520/469 448/527/469 449/529/469
f 442/507/470 441/521/470 456/528/470
f 434/522/471 449/529/471 450/531/471
f 443/508/472 442/507/472 457/530/472
f 435/523/473 450/531/473 451/533/473
f 437/513/476 436/509/476 451/533/476
f 429/511/477 444/535/477 445/538/477
f 438/515/478 437/513/478 452/537/478
f 430/514/479 445/538/479 446/540/479
f 439/517/480 438/515/480 453/539/480
f 450/531/481 465/557/481 466/541/481
f 452/537/484 451/533/484 466/541/484
f 444/535/485 459/543/485 460/547/485
f 453/539/486 452/537/486 467/546/486
f 445/538/487 460/547/487 461/549/487
f 454/525/488 453/539/488 468/548/488
f 446/540/489 461/549/489 462/551/489
f 455/526/490 454/525/490 469/550/490
f 447/524/491 462/551/491 463/553/491
f 456/528/492 455/526/492 470/552/492
f 448/527/493 463/553/493 464/555/493
f 457/530/494 456/528/494 471/554/494
f 449/529/495 464/555/495 465/557/495
f 458/532/496 457/530/496 472/556/496
f 470/552/497 469/550/497 6/4/497
f 462/551/498 476/1/498 2/7/498
f 471/554/499 470/552/499 479/6/499
f 463/553/500 2/7/500 477/11/500
f 472/556/501 471/554/501 480/10/501
f 464/555/502 477/11/502 3/15/502
f 473/545/503 472/556/503 481/14/503
f 465/557/504 3/15/504 4/19/504
f 467/546/507 466/541/507 4/19/507
f 459/543/508 474/21/508 475/27/508
f 468/548/509 467/546/509 5/26/509
f 460/547/510 475/27/510 1/31/510
f 469/550/511 468/548/511 478/30/511
f 461/549/512 1/31/512 476/1/512
f 514/884/543 483/885/543 499/886/543
f 483/885/543 484/887/543 498/888/543
f 484/887/543 485/889/543 498/888/543
f 485/889/543 486/890/543 497/891/543
f 498/888/543 485/889/543 497/891/543
f 486/890/543 487/892/543 495/893/543
f 487/892/543 488/894/543 494/895/543
f 488/894/543 489/896/543 494/895/543
f 489/896/543 490/897/543 493/898/543
f 494/895/543 489/896/543 493/898/543
f 490/897/543 491/899/543 492/900/543
f 492/900/543 493/898/543 490/897/543
f 494/895/543 495/893/543 487/892/543
f 495/893/543 496/901/543 486/890/543
f 496/901/543 497/891/543 486/890/543
f 498/888/543 499/886/543 483/885/543
f 499/886/543 500/902/543 514/884/543
f 500/902/543 501/903/543 514/884/543
f 501/903/543 502/594/543 513/593/543
f 514/884/543 501/903/543 513/593/543
f 502/594/543 503/904/543 511/905/543
f 503/904/543 504/906/543 510/907/543
f 504/906/543 505/908/543 510/907/543
f 505/908/543 506/909/543 509/910/543
f 510/907/543 505/908/543 509/910/543
f 506/909/543 507/911/543 508/912/543
f 508/912/543 509/910/543 506/909/543
f 510/907/543 511/905/543 503/904/543
f 511/905/543 512/592/543 502/594/543
f 547/913/576 516/914/576 532/915/576
f 516/914/576 517/916/576 531/917/576
f 517/916/576 518/918/576 531/917/576
f 518/918/576 519/919/576 530/920/576
f 531/917/576 518/918/576 530/920/576
f 519/919/576 520/921/576 528/922/576
f 520/921/576 521/923/576 527/924/576
f 521/923/576 522/925/576 527/924/576
f 522/925/576 523/926/576 526/927/576
f 527/924/576 522/925/576 526/927/576
f 523/926/576 524/928/576 525/929/576
f 525/929/576 526/927/576 523/926/576
f 527/924/576 528/922/576 520/921/576
f 528/922/576 529/930/576 519/919/576
f 529/930/576 530/920/576 519/919/576
f 531/917/576 532/915/576 516/914/576
f 532/915/576 533/931/576 547/913/576
f 533/931/576 534/932/576 547/913/576
f 534/932/576 535/630/576 546/629/576
f 547/913/576 534/932/576 546/629/576
f 535/630/576 536/933/576 544/934/576
f 536/933/576 537/935/576 543/936/576
f 537/935/576 538/937/576 543/936/576
f 538/937/576 539/938/576 542/939/576
f 543/936/576 538/937/576 542/939/576
f 539/938/576 540/940/576 541/941/576
f 541/941/576 542/939/576 539/938/576
f 543/936/576 544/934/576 536/933/576
f 544/934/576 545/628/576 535/630/576
f 580/942/609 549/943/609 565/944/609
f 549/943/609 550/945/609 564/946/609
f 550/945/609 551/947/609 564/946/609
f 551/947/609 552/948/609 563/949/609
f 564/946/609 551/947/609 563/949/609
f 552/948/609 553/950/609 561/951/609
f 553/950/609 554/952/609 560/953/609
f 554/952/609 555/954/609 560/953/609
f 555/954/609 556/955/609 559/956/609
f 560/953/609 555/954/609 559/956/609
f 556/955/609 557/957/609 558/958/609
f 558/958/609 559/956/609 556/955/609
f 560/953/609 561/951/609 553/950/609
f 561/951/609 562/959/609 552/948/609
f 562/959/609 563/949/609 552/948/609
f 564/946/609 565/944/609 549/943/609
f 565/944/609 566/960/609 580/942/609
f 566/960/609 567/961/609 580/942/609
f 567/961/609 568/666/609 579/665/609
f 580/942/609 567/961/609 579/665/609
f 568/666/609 569/962/609 577/963/609
f 569/962/609 570/964/609 576/965/609
f 570/964/609 571/966/609 576/965/609
f 571/966/609 572/967/609 575/968/609
f 576/965/609 571/966/609 575/968/609
f 572/967/609 573/969/609 574/970/609
f 574/970/609 575/968/609 572/967/609
f 576/965/609 577/963/609 569/962/609
f 577/963/609 578/664/609 568/666/609
f 613/971/642 582/972/642 598/973/642
f 582/972/642 583/974/642 597/975/642
f 583/974/642 584/976/642 597/975/642
f 584/976/642 585/977/642 596/978/642
f 597/975/642 584/976/642 596/978/642
f 585/977/642 586/979/642 594/980/642
f 586/979/642 587/981/642 593/982/642
f 587/981/642 588/983/642 593/982/642
f 588/983/642 589/984/642 592/985/642
f 593/982/642 588/983/642 592/985/642
f 589/984/642 590/986/642 591/987/642
f 591/987/642 592/985/642 589/984/642
f 593/982/642 594/980/642 586/979/642
f 594/980/642 595/988/642 585/977/642
f 595/988/642 596/978/642 585/977/642
f 597/975/642 598/973/642 582/972/642
f 598/973/642 599/989/642 613/971/642
f 599/989/642 600/990/642 613/971/642
f 600/990/642 601/702/642 612/701/642
f 613/971/642 600/990/642 612/701/642
f 601/702/642 602/991/642 610/992/642
f 602/991/642 603/993/642 609/994/642
f 603/993/642 604/995/642 609/994/642
f 604/995/642 605/996/642 608/997/642
f 609/994/642 604/995/642 608/997/642
f 605/996/642 606/998/642 607/999/642
f 607/999/642 608/997/642 605/996/642
f 609/994/642 610/992/642 602/991/642
f 610/992/642 611/700/642 601/702/642
f 646/1000/675 615/1001/675 631/1002/675
f 615/1001/675 616/1003/675 630/1004/675
f 616/1003/675 617/1005/675 630/1004/675
f 617/1005/675 618/1006/675 629/1007/675
f 630/1004/675 617/1005/675 629/1007/675
f 618/1006/814 619/1008/814 627/1009/814
f 619/1008/675 620/1010/675 626/1011/675
f 620/1010/675 621/1012/675 626/1011/675
f 621/1012/814 622/1013/814 625/1014/814
f 626/1011/814 621/1012/814 625/1014/814
f 622/1013/675 623/1015/675 624/1016/675
f 624/1016/814 625/1014/814 622/1013/814
f 626/1011/675 627/1009/675 619/1008/675
f 627/1009/675 628/1017/675 618/1006/675
f 628/1017/675 629/1007/675 618/1006/675
f 630/1004/675 631/1002/675 615/1001/675
f 631/1002/675 632/1018/675 646/1000/675
f 632/1018/675 633/1019/675 646/1000/675
f 633/1019/675 634/738/675 645/737/675
f 646/1000/675 633/1019/675 645/737/675
f 634/738/814 635/1020/814 643/1021/814
f 635/1020/675 636/1022/675 642/1023/675
f 636/1022/675 637/1024/675 642/1023/675
f 637/1024/815 638/1025/815 641/1026/815
f 642/1023/675 637/1024/675 641/1026/675
f 638/1025/675 639/1027/675 640/1028/675
f 640/1028/675 641/1026/675 638/1025/675
f 642/1023/814 643/1021/814 635/1020/814
f 643/1021/675 644/736/675 634/738/675
f 679/1029/708 648/1030/708 664/1031/708
f 648/1030/708 649/1032/708 663/1033/708
f 649/1032/708 650/1034/708 663/1033/708
f 650/1034/708 651/1035/708 662/1036/708
f 663/1033/708 650/1034/708 662/1036/708
f 651/1035/708 652/1037/708 660/1038/708
f 652/1037/708 653/1039/708 659/1040/708
f 653/1039/708 654/1041/708 659/1040/708
f 654/1041/816 655/1042/816 658/1043/816
f 659/1040/708 654/1041/708 658/1043/708
f 655/1042/817 656/1044/817 657/1045/817
f 657/1045/708 658/1043/708 655/1042/708
f 659/1040/708 660/1038/708 652/1037/708
f 660/1038/708 661/1046/708 651/1035/708
f 661/1046/708 662/1036/708 651/1035/708
f 663/1033/708 664/1031/708 648/1030/708
f 664/1031/708 665/1047/708 679/1029/708
f 665/1047/708 666/1048/708 679/1029/708
f 666/1048/708 667/774/708 678/773/708
f 679/1029/708 666/1048/708 678/773/708
f 667/774/708 668/1049/708 676/1050/708
f 668/1049/708 669/1051/708 675/1052/708
f 669/1051/708 670/1053/708 675/1052/708
f 670/1053/708 671/1054/708 674/1055/708
f 675/1052/708 670/1053/708 674/1055/708
f 671/1054/817 672/1056/817 673/1057/817
f 673/1057/818 674/1055/818 671/1054/818
f 675/1052/708 676/1050/708 668/1049/708
f 676/1050/708 677/772/708 667/774/708
f 712/1058/819 681/1059/819 697/1060/819
f 681/1059/819 682/1061/819 696/1062/819
f 682/1061/741 683/1063/741 696/1062/741
f 683/1063/741 684/1064/741 695/1065/741
f 696/1062/819 683/1063/819 695/1065/819
f 684/1064/741 685/1066/741 693/1067/741
f 685/1066/741 686/1068/741 692/1069/741
f 686/1068/741 687/1070/741 692/1069/741
f 687/1070/819 688/1071/819 691/1072/819
f 692/1069/819 687/1070/819 691/1072/819
f 688/1071/741 689/1073/741 690/1074/741
f 690/1074/741 691/1072/741 688/1071/741
f 692/1069/741 693/1067/741 685/1066/741
f 693/1067/819 694/1075/819 684/1064/819
f 694/1075/741 695/1065/741 684/1064/741
f 696/1062/741 697/1060/741 681/1059/741
f 697/1060/819 698/1076/819 712/1058/819
f 698/1076/741 699/1077/741 712/1058/741
f 699/1077/741 700/810/741 711/809/741
f 712/1058/741 699/1077/741 711/809/741
f 700/810/819 701/1078/819 709/1079/819
f 701/1078/819 702/1080/819 708/1081/819
f 702/1080/741 703/1082/741 708/1081/741
f 703/1082/819 704/1083/819 707/1084/819
f 708/1081/819 703/1082/819 707/1084/819
f 704/1083/820 705/1085/820 706/1086/820
f 706/1086/819 707/1084/819 704/1083/819
f 708/1081/819 709/1079/819 701/1078/819
f 709/1079/741 710/808/741 700/810/741
f 745/1087/774 714/1088/774 730/1089/774
f 714/1088/774 715/1090/774 729/1091/774
f 715/1090/774 716/1092/774 729/1091/774
f 716/1092/774 717/1093/774 728/1094/774
f 729/1091/774 716/1092/774 728/1094/774
f 717/1093/774 718/1095/774 726/1096/774
f 718/1095/774 719/1097/774 725/1098/774
f 719/1097/774 720/1099/774 725/1098/774
f 720/1099/774 721/1100/774 724/1101/774
f 725/1098/774 720/1099/774 724/1101/774
f 721/1100/774 722/1102/774 723/1103/774
f 723/1103/774 724/1101/774 721/1100/774
f 725/1098/774 726/1096/774 718/1095/774
f 726/1096/774 727/1104/774 717/1093/774
f 727/1104/774 728/1094/774 717/1093/774
f 729/1091/774 730/1089/774 714/1088/774
f 730/1089/774 731/1105/774 745/1087/774
f 731/1105/774 732/1106/774 745/1087/774
f 732/1106/774 733/846/774 744/845/774
f 745/1087/774 732/1106/774 744/845/774
f 733/846/774 734/1107/774 742/1108/774
f 734/1107/774 735/1109/774 741/1110/774
f 735/1109/774 736/1111/774 741/1110/774
f 736/1111/774 737/1112/774 740/1113/774
f 741/1110/774 736/1111/774 740/1113/774
f 737/1112/774 738/1114/774 739/1115/774
f 739/1115/774 740/1113/774 737/1112/774
f 741/1110/774 742/1108/774 734/1107/774
f 742/1108/774 743/844/774 733/846/774
f 778/1116/807 747/1117/807 763/1118/807
f 747/1117/807 748/1119/807 762/1120/807
f 748/1119/807 749/1121/807 762/1120/807
f 749/1121/807 750/1122/807 761/1123/807
f 762/1120/807 749/1121/807 761/1123/807
f 750/1122/807 751/1124/807 759/1125/807
f 751/1124/807 752/1126/807 758/1127/807
f 752/1126/807 753/1128/807 758/1127/807
f 753/1128/821 754/1129/821 757/1130/821
f 758/1127/807 753/1128/807 757/1130/807
f 754/1129/807 755/1131/807 756/1132/807
f 756/1132/807 757/1130/807 754/1129/807
f 758/1127/807 759/1125/807 751/1124/807
f 759/1125/807 760/1133/807 750/1122/807
f 760/1133/821 761/1123/821 750/1122/821
f 762/1120/807 763/1118/807 747/1117/807
f 763/1118/807 764/1134/807 778/1116/807
f 764/1134/807 765/1135/807 778/1116/807
f 765/1135/807 766/882/807 777/881/807
f 778/1116/807 765/1135/807 777/881/807
f 766/882/807 767/1136/807 775/1137/807
f 767/1136/807 768/1138/807 774/1139/807
f 768/1138/807 769/1140/807 774/1139/807
f 769/1140/807 770/1141/807 773/1142/807
f 774/1139/807 769/1140/807 773/1142/807
f 770/1141/807 771/1143/807 772/1144/807
f 772/1144/821 773/1142/821 770/1141/821
f 774/1139/807 775/1137/807 767/1136/807
f 775/1137/807 776/880/807 766/882/807
