# Blender 4.4.1
# www.blender.org
mtllib boss.mtl
o 円柱.001
v 0.000000 1.045333 -0.291331
v 0.082266 1.045333 -0.282941
v 0.000000 1.188856 -0.291331
v -0.082266 1.045333 -0.282941
v -0.161370 1.045333 -0.258094
v -0.082266 1.188856 -0.282941
v -0.161370 1.188856 -0.258094
v -0.234272 1.188856 -0.217744
v -0.298172 1.188856 -0.163442
v -0.234272 1.045333 -0.217744
v -0.298172 1.045333 -0.163442
v -0.350613 1.045333 -0.097276
v -0.389580 1.045333 -0.021787
v -0.350613 1.188856 -0.097276
v -0.389580 1.188856 -0.021787
v -0.413576 1.188856 0.060123
v -0.421678 1.188856 0.145307
v -0.413576 1.045333 0.060123
v -0.421678 1.045333 0.145307
v -0.413576 1.045333 0.230490
v -0.389580 1.045333 0.312400
v -0.413576 1.188856 0.230490
v -0.389580 1.188856 0.312400
v -0.350613 1.188856 0.387889
v -0.298172 1.188856 0.454056
v -0.350613 1.045333 0.387889
v -0.298172 1.045333 0.454056
v -0.234272 1.045333 0.508357
v -0.161370 1.045333 0.548707
v -0.234272 1.188856 0.508357
v -0.161370 1.188856 0.548707
v -0.082266 1.188856 0.573554
v 0.000000 1.188856 0.581944
v -0.082266 1.045333 0.573554
v 0.000000 1.045333 0.581944
v 0.082266 1.045333 0.573554
v 0.161370 1.045333 0.548707
v 0.082266 1.188856 0.573554
v 0.161370 1.188856 0.548707
v 0.234272 1.188856 0.508357
v 0.298172 1.188856 0.454056
v 0.234272 1.045333 0.508357
v 0.298172 1.045333 0.454056
v 0.350613 1.045333 0.387889
v 0.389580 1.045333 0.312400
v 0.350613 1.188856 0.387889
v 0.389580 1.188856 0.312400
v 0.413576 1.188856 0.230490
v 0.421678 1.188856 0.145307
v 0.413576 1.045333 0.230490
v 0.421678 1.045333 0.145307
v 0.413576 1.045333 0.060123
v 0.389580 1.045333 -0.021787
v 0.413576 1.188856 0.060123
v 0.389580 1.188856 -0.021787
v 0.350613 1.188856 -0.097276
v 0.298172 1.188856 -0.163442
v 0.350613 1.045333 -0.097276
v 0.298172 1.045333 -0.163442
v 0.234272 1.045333 -0.217744
v 0.161370 1.045333 -0.258094
v 0.234272 1.188856 -0.217744
v 0.161370 1.188856 -0.258094
v 0.082266 1.188856 -0.282941
v -0.889088 0.036823 -0.059283
v -0.850542 0.036823 -0.055351
v -0.889088 0.067103 0.004383
v -0.889088 -0.003926 -0.115086
v -0.927634 0.036823 -0.055351
v -0.915639 0.067103 0.007091
v -0.938148 -0.003926 -0.110083
v -0.964698 0.036823 -0.043709
v -0.941170 0.067103 0.015110
v -0.985322 -0.003926 -0.095265
v -0.998857 0.036823 -0.024803
v -0.964699 0.067103 0.028133
v -1.028798 -0.003926 -0.071202
v -1.028798 0.036823 0.000640
v -0.985322 0.067103 0.045659
v -1.066905 -0.003926 -0.038819
v -1.053370 0.036823 0.031643
v -1.002247 0.067103 0.067014
v -1.098179 -0.003926 0.000640
v -1.071628 0.036823 0.067014
v -1.014824 0.067103 0.091378
v -1.121418 -0.003926 0.045659
v -1.082872 0.036823 0.105393
v -1.022568 0.067103 0.117814
v -1.135728 -0.003926 0.094507
v -1.086668 0.036823 0.145307
v -1.025184 0.067103 0.145307
v -1.140560 -0.003926 0.145307
v -1.082872 0.036823 0.185220
v -1.022568 0.067103 0.172799
v -1.135728 -0.003926 0.196107
v -1.071628 0.036823 0.223600
v -1.014824 0.067103 0.199236
v -1.121418 -0.003926 0.244955
v -1.053370 0.036823 0.258971
v -1.002247 0.067103 0.223600
v -1.098179 -0.003926 0.289973
v -1.028798 0.036823 0.289973
v -0.985322 0.067103 0.244955
v -1.066905 -0.003926 0.329432
v -0.998857 0.036823 0.315417
v -0.964699 0.067103 0.262480
v -1.028798 -0.003926 0.361815
v -0.964699 0.036823 0.334323
v -0.941170 0.067103 0.275503
v -0.985322 -0.003926 0.385879
v -0.927634 0.036823 0.345965
v -0.915639 0.067103 0.283523
v -0.938148 -0.003926 0.400696
v -0.889088 0.036823 0.349896
v -0.889088 0.067103 0.286230
v -0.889088 -0.003926 0.405700
v -0.850542 0.036823 0.345965
v -0.862537 0.067103 0.283523
v -0.840028 -0.003926 0.400696
v -0.813477 0.036823 0.334323
v -0.837006 0.067103 0.275503
v -0.792854 -0.003926 0.385879
v -0.779318 0.036823 0.315417
v -0.813477 0.067103 0.262480
v -0.749378 -0.003926 0.361815
v -0.749378 0.036823 0.289973
v -0.792854 0.067103 0.244955
v -0.711271 -0.003926 0.329433
v -0.724806 0.036823 0.258971
v -0.775928 0.067103 0.223600
v -0.679997 -0.003926 0.289973
v -0.706548 0.036823 0.223600
v -0.763352 0.067103 0.199236
v -0.656758 -0.003926 0.244955
v -0.695304 0.036823 0.185220
v -0.755607 0.067103 0.172799
v -0.642448 -0.003926 0.196107
v -0.691508 0.036823 0.145307
v -0.752992 0.067103 0.145307
v -0.637616 -0.003926 0.145307
v -0.695304 0.036823 0.105393
v -0.755607 0.067103 0.117814
v -0.642448 -0.003926 0.094507
v -0.706548 0.036823 0.067014
v -0.763352 0.067103 0.091378
v -0.656758 -0.003926 0.045659
v -0.724806 0.036823 0.031643
v -0.775928 0.067103 0.067014
v -0.679997 -0.003926 0.000640
v -0.749378 0.036823 0.000640
v -0.792854 0.067103 0.045659
v -0.711271 -0.003926 -0.038819
v -0.779318 0.036823 -0.024803
v -0.813477 0.067103 0.028133
v -0.749378 -0.003926 -0.071202
v -0.813477 0.036823 -0.043709
v -0.837006 0.067103 0.015110
v -0.792854 -0.003926 -0.095265
v -0.775928 -0.053579 -0.137576
v -0.840028 -0.003926 -0.110083
v -0.831400 -0.053579 -0.154999
v -0.824988 -0.110228 -0.188376
v -0.889088 -0.053579 -0.160883
v -0.889088 -0.110228 -0.194913
v -0.946776 -0.053579 -0.154999
v -0.953187 -0.110228 -0.188376
v -1.002247 -0.053579 -0.137575
v -1.014824 -0.110228 -0.169015
v -1.053370 -0.053579 -0.109280
v -1.071628 -0.110228 -0.137576
v -1.098179 -0.053579 -0.071202
v -1.121418 -0.110228 -0.095265
v -1.134953 -0.053579 -0.024803
v -1.162279 -0.110228 -0.043709
v -1.162279 -0.053579 0.028133
v -1.192641 -0.110228 0.015110
v -1.179106 -0.053579 0.085572
v -1.211339 -0.110228 0.078933
v -1.184788 -0.053579 0.145307
v -1.217652 -0.110228 0.145307
v -1.179106 -0.053579 0.205041
v -1.211339 -0.110228 0.211680
v -1.162279 -0.053579 0.262480
v -1.192641 -0.110228 0.275503
v -1.134953 -0.053579 0.315417
v -1.162279 -0.110228 0.334323
v -1.098179 -0.053579 0.361815
v -1.121418 -0.110228 0.385879
v -1.053370 -0.053579 0.399894
v -1.071628 -0.110228 0.428189
v -1.002247 -0.053579 0.428189
v -1.014824 -0.110228 0.459629
v -0.946776 -0.053579 0.445613
v -0.953187 -0.110228 0.478989
v -0.889088 -0.053579 0.451496
v -0.889088 -0.110228 0.485527
v -0.831400 -0.053579 0.445613
v -0.824988 -0.110228 0.478989
v -0.775928 -0.053579 0.428189
v -0.763352 -0.110228 0.459629
v -0.724806 -0.053579 0.399894
v -0.706548 -0.110228 0.428189
v -0.679997 -0.053579 0.361815
v -0.656758 -0.110228 0.385879
v -0.643223 -0.053579 0.315417
v -0.615897 -0.110228 0.334323
v -0.615897 -0.053579 0.262480
v -0.585534 -0.110228 0.275503
v -0.599070 -0.053579 0.205041
v -0.566837 -0.110228 0.211680
v -0.593388 -0.053579 0.145307
v -0.560524 -0.110228 0.145307
v -0.599070 -0.053579 0.085572
v -0.566837 -0.110228 0.078933
v -0.615897 -0.053579 0.028133
v -0.585534 -0.110228 0.015110
v -0.643223 -0.053579 -0.024803
v -0.615897 -0.110228 -0.043709
v -0.679997 -0.053579 -0.071202
v -0.656758 -0.110228 -0.095265
v -0.724806 -0.053579 -0.109281
v -0.706548 -0.110228 -0.137576
v -0.695304 -0.171696 -0.154999
v -0.763352 -0.110228 -0.169015
v -0.755607 -0.171696 -0.188376
v -0.752992 -0.235621 -0.194913
v -0.821040 -0.171696 -0.208929
v -0.819707 -0.235621 -0.215868
v -0.889088 -0.171696 -0.215868
v -0.889088 -0.235621 -0.222944
v -0.957135 -0.171696 -0.208928
v -0.958469 -0.235621 -0.215868
v -1.022568 -0.171696 -0.188376
v -1.025183 -0.235621 -0.194913
v -1.082872 -0.171696 -0.154999
v -1.086668 -0.235621 -0.160883
v -1.135728 -0.171696 -0.110083
v -1.140560 -0.235621 -0.115086
v -1.179106 -0.171696 -0.055351
v -1.184788 -0.235621 -0.059282
v -1.211339 -0.171696 0.007091
v -1.217652 -0.235621 0.004383
v -1.231187 -0.171696 0.074845
v -1.237889 -0.235621 0.073464
v -1.237890 -0.171696 0.145307
v -1.244723 -0.235621 0.145307
v -1.231188 -0.171696 0.215768
v -1.237890 -0.235621 0.217149
v -1.211339 -0.171696 0.283523
v -1.217652 -0.235621 0.286230
v -1.179106 -0.171696 0.345965
v -1.184788 -0.235621 0.349896
v -1.135728 -0.171696 0.400696
v -1.140560 -0.235621 0.405699
v -1.082872 -0.171696 0.445613
v -1.086668 -0.235621 0.451496
v -1.022569 -0.171696 0.478989
v -1.025184 -0.235621 0.485526
v -0.957136 -0.171696 0.499542
v -0.958469 -0.235621 0.506482
v -0.889088 -0.171696 0.506482
v -0.889088 -0.235621 0.513558
v -0.821040 -0.171696 0.499542
v -0.819707 -0.235621 0.506482
v -0.755608 -0.171696 0.478989
v -0.752993 -0.235621 0.485527
v -0.695304 -0.171696 0.445613
v -0.691508 -0.235621 0.451496
v -0.642448 -0.171696 0.400696
v -0.637616 -0.235621 0.405700
v -0.599070 -0.171696 0.345965
v -0.593388 -0.235621 0.349896
v -0.566837 -0.171696 0.283523
v -0.560524 -0.235621 0.286230
v -0.546988 -0.171696 0.215768
v -0.540286 -0.235621 0.217149
v -0.540286 -0.171696 0.145307
v -0.533453 -0.235621 0.145307
v -0.546988 -0.171696 0.074845
v -0.540286 -0.235621 0.073465
v -0.566837 -0.171696 0.007091
v -0.560524 -0.235621 0.004383
v -0.599070 -0.171696 -0.055351
v -0.593388 -0.235621 -0.059282
v -0.642448 -0.171696 -0.110083
v -0.637616 -0.235621 -0.115086
v -0.642448 -0.299545 -0.110083
v -0.691508 -0.235621 -0.160883
v -0.695304 -0.299545 -0.154999
v -0.706548 -0.361013 -0.137576
v -0.755607 -0.299545 -0.188376
v -0.763352 -0.361013 -0.169015
v -0.821040 -0.299545 -0.208929
v -0.824988 -0.361013 -0.188376
v -0.889088 -0.299545 -0.215868
v -0.889088 -0.361013 -0.194913
v -0.957135 -0.299545 -0.208928
v -0.953187 -0.361013 -0.188376
v -1.022568 -0.299545 -0.188376
v -1.014824 -0.361013 -0.169015
v -1.082872 -0.299545 -0.154999
v -1.071628 -0.361013 -0.137576
v -1.135728 -0.299545 -0.110083
v -1.121418 -0.361013 -0.095265
v -1.179106 -0.299545 -0.055351
v -1.162279 -0.361013 -0.043709
v -1.211339 -0.299545 0.007091
v -1.192641 -0.361013 0.015110
v -1.231187 -0.299545 0.074845
v -1.211339 -0.361013 0.078933
v -1.237890 -0.299545 0.145307
v -1.217652 -0.361013 0.145307
v -1.231188 -0.299545 0.215768
v -1.211339 -0.361013 0.211680
v -1.211339 -0.299545 0.283523
v -1.192641 -0.361013 0.275503
v -1.179106 -0.299545 0.345965
v -1.162279 -0.361013 0.334323
v -1.135728 -0.299545 0.400696
v -1.121418 -0.361013 0.385879
v -1.082872 -0.299545 0.445613
v -1.071628 -0.361013 0.428189
v -1.022569 -0.299545 0.478989
v -1.014824 -0.361013 0.459629
v -0.957136 -0.299545 0.499542
v -0.953187 -0.361013 0.478989
v -0.889088 -0.299545 0.506482
v -0.889088 -0.361013 0.485527
v -0.821040 -0.299545 0.499542
v -0.824988 -0.361013 0.478989
v -0.755608 -0.299545 0.478989
v -0.763352 -0.361013 0.459629
v -0.695304 -0.299545 0.445613
v -0.706548 -0.361013 0.428189
v -0.642448 -0.299545 0.400696
v -0.656758 -0.361013 0.385879
v -0.599070 -0.299545 0.345965
v -0.615897 -0.361013 0.334323
v -0.566837 -0.299545 0.283523
v -0.585534 -0.361013 0.275503
v -0.546988 -0.299545 0.215768
v -0.566837 -0.361013 0.211680
v -0.540286 -0.299545 0.145307
v -0.560524 -0.361013 0.145307
v -0.546988 -0.299545 0.074845
v -0.566837 -0.361013 0.078933
v -0.566837 -0.299545 0.007091
v -0.585534 -0.361013 0.015110
v -0.599070 -0.299545 -0.055351
v -0.615897 -0.361013 -0.043709
v -0.643223 -0.417662 -0.024803
v -0.656758 -0.361013 -0.095265
v -0.679997 -0.417662 -0.071202
v -0.711271 -0.467315 -0.038819
v -0.724806 -0.417662 -0.109281
v -0.749378 -0.467315 -0.071202
v -0.775928 -0.417662 -0.137576
v -0.792854 -0.467315 -0.095265
v -0.831400 -0.417662 -0.154999
v -0.840028 -0.467315 -0.110083
v -0.889088 -0.417662 -0.160883
v -0.889088 -0.467315 -0.115086
v -0.946776 -0.417662 -0.154999
v -0.938148 -0.467315 -0.110083
v -1.002247 -0.417662 -0.137575
v -0.985322 -0.467315 -0.095265
v -1.053370 -0.417662 -0.109280
v -1.028798 -0.467315 -0.071202
v -1.098179 -0.417662 -0.071202
v -1.066905 -0.467315 -0.038819
v -1.134953 -0.417662 -0.024803
v -1.098179 -0.467315 0.000640
v -1.162279 -0.417662 0.028133
v -1.121418 -0.467315 0.045659
v -1.179106 -0.417662 0.085572
v -1.135728 -0.467315 0.094507
v -1.184788 -0.417662 0.145307
v -1.140560 -0.467315 0.145307
v -1.179106 -0.417662 0.205041
v -1.135728 -0.467315 0.196107
v -1.162279 -0.417662 0.262480
v -1.121418 -0.467315 0.244955
v -1.134953 -0.417662 0.315417
v -1.098179 -0.467315 0.289973
v -1.098179 -0.417662 0.361816
v -1.066905 -0.467315 0.329432
v -1.053370 -0.417662 0.399894
v -1.028798 -0.467315 0.361816
v -1.002247 -0.417662 0.428189
v -0.985322 -0.467315 0.385879
v -0.946776 -0.417662 0.445613
v -0.938148 -0.467315 0.400696
v -0.889088 -0.417662 0.451496
v -0.889088 -0.467315 0.405700
v -0.831400 -0.417662 0.445613
v -0.840028 -0.467315 0.400696
v -0.775928 -0.417662 0.428189
v -0.792854 -0.467315 0.385879
v -0.724806 -0.417662 0.399894
v -0.749378 -0.467315 0.361816
v -0.679997 -0.417662 0.361816
v -0.711271 -0.467315 0.329433
v -0.643223 -0.417662 0.315417
v -0.679997 -0.467315 0.289973
v -0.615897 -0.417662 0.262480
v -0.656758 -0.467315 0.244955
v -0.599070 -0.417662 0.205041
v -0.642448 -0.467315 0.196107
v -0.593388 -0.417662 0.145307
v -0.637616 -0.467315 0.145307
v -0.599070 -0.417662 0.085572
v -0.642448 -0.467315 0.094507
v -0.615897 -0.417662 0.028133
v -0.656758 -0.467315 0.045659
v -0.706548 -0.508064 0.067014
v -0.679997 -0.467315 0.000640
v -0.724806 -0.508064 0.031643
v -0.775928 -0.538344 0.067014
v -0.749378 -0.508064 0.000640
v -0.792854 -0.538344 0.045659
v -0.779318 -0.508064 -0.024803
v -0.813477 -0.538344 0.028133
v -0.813477 -0.508064 -0.043709
v -0.837006 -0.538344 0.015110
v -0.850542 -0.508064 -0.055351
v -0.862537 -0.538344 0.007091
v -0.889088 -0.508064 -0.059282
v -0.889088 -0.538344 0.004383
v -0.927634 -0.508064 -0.055351
v -0.915639 -0.538344 0.007091
v -0.964698 -0.508064 -0.043709
v -0.941170 -0.538344 0.015110
v -0.998857 -0.508064 -0.024803
v -0.964699 -0.538344 0.028133
v -1.028798 -0.508064 0.000640
v -0.985322 -0.538344 0.045659
v -1.053370 -0.508064 0.031643
v -1.002247 -0.538344 0.067014
v -1.071628 -0.508064 0.067014
v -1.014824 -0.538344 0.091378
v -1.082872 -0.508064 0.105393
v -1.022568 -0.538344 0.117814
v -1.086668 -0.508064 0.145307
v -1.025184 -0.538344 0.145307
v -1.082872 -0.508064 0.185220
v -1.022568 -0.538344 0.172799
v -1.071628 -0.508064 0.223600
v -1.014824 -0.538344 0.199236
v -1.053370 -0.508064 0.258971
v -1.002247 -0.538344 0.223600
v -1.028798 -0.508064 0.289973
v -0.985322 -0.538344 0.244955
v -0.998857 -0.508064 0.315417
v -0.964699 -0.538344 0.262480
v -0.964699 -0.508064 0.334323
v -0.941170 -0.538344 0.275503
v -0.927634 -0.508064 0.345965
v -0.915639 -0.538344 0.283523
v -0.889088 -0.508064 0.349896
v -0.889088 -0.538344 0.286230
v -0.850542 -0.508064 0.345965
v -0.862537 -0.538344 0.283523
v -0.813477 -0.508064 0.334323
v -0.837006 -0.538344 0.275503
v -0.779318 -0.508064 0.315417
v -0.813477 -0.538344 0.262480
v -0.749378 -0.508064 0.289973
v -0.792854 -0.538344 0.244955
v -0.724806 -0.508064 0.258971
v -0.775928 -0.538344 0.223600
v -0.706548 -0.508064 0.223600
v -0.763352 -0.538344 0.199236
v -0.695304 -0.508064 0.185220
v -0.755607 -0.538344 0.172799
v -0.691508 -0.508064 0.145307
v -0.752992 -0.538344 0.145307
v -0.695304 -0.508064 0.105393
v -0.755607 -0.538344 0.117814
v -0.821040 -0.556990 0.131291
v -0.763352 -0.538344 0.091378
v -0.824988 -0.556990 0.117814
v -0.831400 -0.556990 0.105393
v -0.889088 -0.563286 0.145307
v -0.938148 -0.556990 0.196107
v -0.889088 -0.556990 0.073465
v -0.875552 -0.556990 0.074845
v -0.862537 -0.556990 0.078933
v -0.850542 -0.556990 0.085572
v -0.840028 -0.556990 0.094507
v -0.819707 -0.556990 0.145307
v -0.821040 -0.556990 0.159323
v -0.824988 -0.556990 0.172799
v -0.831400 -0.556990 0.185220
v -0.840028 -0.556990 0.196107
v -0.850542 -0.556990 0.205041
v -0.862537 -0.556990 0.211680
v -0.875552 -0.556990 0.215768
v -0.889088 -0.556990 0.217149
v -0.902623 -0.556990 0.215768
v -0.915639 -0.556990 0.211680
v -0.927634 -0.556990 0.205041
v -0.946776 -0.556990 0.185220
v -0.953187 -0.556990 0.172799
v -0.957136 -0.556990 0.159323
v -0.958469 -0.556990 0.145307
v -0.957136 -0.556990 0.131291
v -0.953187 -0.556990 0.117814
v -0.946776 -0.556990 0.105393
v -0.938148 -0.556990 0.094507
v -0.927634 -0.556990 0.085572
v -0.915639 -0.556990 0.078933
v -0.902623 -0.556990 0.074845
v -0.862537 0.085749 0.078933
v -0.862537 0.067103 0.007091
v -0.875552 0.085749 0.074845
v -0.889088 0.092045 0.145307
v -0.889088 0.085749 0.073465
v -0.902623 0.085749 0.074845
v -0.915639 0.085749 0.078933
v -0.927634 0.085749 0.085572
v -0.938148 0.085749 0.094507
v -0.946776 0.085749 0.105393
v -0.953187 0.085749 0.117814
v -0.957136 0.085749 0.131291
v -0.958469 0.085749 0.145307
v -0.957136 0.085749 0.159323
v -0.953187 0.085749 0.172799
v -0.946776 0.085749 0.185220
v -0.938148 0.085749 0.196107
v -0.927634 0.085749 0.205041
v -0.915639 0.085749 0.211680
v -0.902623 0.085749 0.215768
v -0.889088 0.085749 0.217149
v -0.875552 0.085749 0.215768
v -0.862537 0.085749 0.211680
v -0.850542 0.085749 0.205041
v -0.840028 0.085749 0.196107
v -0.831400 0.085749 0.185220
v -0.824988 0.085749 0.172799
v -0.821040 0.085749 0.159323
v -0.819707 0.085749 0.145307
v -0.821040 0.085749 0.131291
v -0.824988 0.085749 0.117814
v -0.831400 0.085749 0.105393
v -0.840028 0.085749 0.094507
v -0.850542 0.085749 0.085572
v 0.889088 0.036823 -0.059283
v 0.927634 0.036823 -0.055351
v 0.889088 0.067103 0.004383
v 0.889088 -0.003926 -0.115086
v 0.850542 0.036823 -0.055351
v 0.862537 0.067103 0.007091
v 0.840028 -0.003926 -0.110083
v 0.813477 0.036823 -0.043709
v 0.837006 0.067103 0.015110
v 0.792854 -0.003926 -0.095265
v 0.779319 0.036823 -0.024803
v 0.813477 0.067103 0.028133
v 0.749378 -0.003926 -0.071202
v 0.749378 0.036823 0.000640
v 0.792854 0.067103 0.045659
v 0.711271 -0.003926 -0.038819
v 0.724806 0.036823 0.031643
v 0.775928 0.067103 0.067014
v 0.679997 -0.003926 0.000640
v 0.706548 0.036823 0.067014
v 0.763352 0.067103 0.091378
v 0.656758 -0.003926 0.045659
v 0.695304 0.036823 0.105393
v 0.755608 0.067103 0.117814
v 0.642448 -0.003926 0.094507
v 0.691508 0.036823 0.145307
v 0.752992 0.067103 0.145307
v 0.637616 -0.003926 0.145307
v 0.695304 0.036823 0.185220
v 0.755608 0.067103 0.172799
v 0.642448 -0.003926 0.196107
v 0.706548 0.036823 0.223600
v 0.763352 0.067103 0.199236
v 0.656758 -0.003926 0.244955
v 0.724806 0.036823 0.258971
v 0.775928 0.067103 0.223600
v 0.679997 -0.003926 0.289973
v 0.749378 0.036823 0.289973
v 0.792854 0.067103 0.244955
v 0.711271 -0.003926 0.329432
v 0.779318 0.036823 0.315417
v 0.813477 0.067103 0.262480
v 0.749378 -0.003926 0.361815
v 0.813477 0.036823 0.334323
v 0.837006 0.067103 0.275503
v 0.792854 -0.003926 0.385879
v 0.850542 0.036823 0.345965
v 0.862537 0.067103 0.283523
v 0.840028 -0.003926 0.400696
v 0.889088 0.036823 0.349896
v 0.889088 0.067103 0.286230
v 0.889088 -0.003926 0.405700
v 0.927634 0.036823 0.345965
v 0.915639 0.067103 0.283523
v 0.938148 -0.003926 0.400696
v 0.964699 0.036823 0.334323
v 0.941170 0.067103 0.275503
v 0.985322 -0.003926 0.385879
v 0.998857 0.036823 0.315417
v 0.964699 0.067103 0.262480
v 1.028798 -0.003926 0.361815
v 1.028798 0.036823 0.289973
v 0.985322 0.067103 0.244955
v 1.066905 -0.003926 0.329433
v 1.053370 0.036823 0.258971
v 1.002247 0.067103 0.223600
v 1.098179 -0.003926 0.289973
v 1.071628 0.036823 0.223600
v 1.014824 0.067103 0.199236
v 1.121418 -0.003926 0.244955
v 1.082872 0.036823 0.185220
v 1.022569 0.067103 0.172799
v 1.135728 -0.003926 0.196107
v 1.086668 0.036823 0.145307
v 1.025184 0.067103 0.145307
v 1.140560 -0.003926 0.145307
v 1.082872 0.036823 0.105393
v 1.022569 0.067103 0.117814
v 1.135728 -0.003926 0.094507
v 1.071628 0.036823 0.067014
v 1.014824 0.067103 0.091378
v 1.121418 -0.003926 0.045659
v 1.053370 0.036823 0.031643
v 1.002247 0.067103 0.067014
v 1.098179 -0.003926 0.000640
v 1.028798 0.036823 0.000640
v 0.985322 0.067103 0.045659
v 1.066905 -0.003926 -0.038819
v 0.998858 0.036823 -0.024803
v 0.964699 0.067103 0.028133
v 1.028798 -0.003926 -0.071202
v 0.964699 0.036823 -0.043709
v 0.941170 0.067103 0.015110
v 0.985322 -0.003926 -0.095265
v 1.002247 -0.053579 -0.137576
v 0.938148 -0.003926 -0.110083
v 0.946776 -0.053579 -0.154999
v 0.953187 -0.110228 -0.188376
v 0.889088 -0.053579 -0.160883
v 0.889088 -0.110228 -0.194913
v 0.831400 -0.053579 -0.154999
v 0.824988 -0.110228 -0.188376
v 0.775928 -0.053579 -0.137575
v 0.763352 -0.110228 -0.169015
v 0.724806 -0.053579 -0.109280
v 0.706548 -0.110228 -0.137576
v 0.679997 -0.053579 -0.071202
v 0.656758 -0.110228 -0.095265
v 0.643223 -0.053579 -0.024803
v 0.615897 -0.110228 -0.043709
v 0.615897 -0.053579 0.028133
v 0.585535 -0.110228 0.015110
v 0.599070 -0.053579 0.085572
v 0.566837 -0.110228 0.078933
v 0.593388 -0.053579 0.145307
v 0.560524 -0.110228 0.145307
v 0.599070 -0.053579 0.205041
v 0.566837 -0.110228 0.211680
v 0.615897 -0.053579 0.262480
v 0.585534 -0.110228 0.275503
v 0.643223 -0.053579 0.315417
v 0.615897 -0.110228 0.334323
v 0.679997 -0.053579 0.361815
v 0.656758 -0.110228 0.385879
v 0.724806 -0.053579 0.399894
v 0.706548 -0.110228 0.428189
v 0.775928 -0.053579 0.428189
v 0.763352 -0.110228 0.459629
v 0.831400 -0.053579 0.445613
v 0.824988 -0.110228 0.478989
v 0.889088 -0.053579 0.451496
v 0.889088 -0.110228 0.485527
v 0.946776 -0.053579 0.445613
v 0.953187 -0.110228 0.478989
v 1.002247 -0.053579 0.428189
v 1.014824 -0.110228 0.459629
v 1.053370 -0.053579 0.399894
v 1.071628 -0.110228 0.428189
v 1.098179 -0.053579 0.361815
v 1.121418 -0.110228 0.385879
v 1.134953 -0.053579 0.315417
v 1.162279 -0.110228 0.334323
v 1.162279 -0.053579 0.262480
v 1.192642 -0.110228 0.275503
v 1.179106 -0.053579 0.205041
v 1.211339 -0.110228 0.211680
v 1.184788 -0.053579 0.145307
v 1.217652 -0.110228 0.145307
v 1.179106 -0.053579 0.085572
v 1.211339 -0.110228 0.078933
v 1.162279 -0.053579 0.028133
v 1.192642 -0.110228 0.015110
v 1.134953 -0.053579 -0.024803
v 1.162279 -0.110228 -0.043709
v 1.098179 -0.053579 -0.071202
v 1.121418 -0.110228 -0.095265
v 1.053370 -0.053579 -0.109281
v 1.071628 -0.110228 -0.137576
v 1.082872 -0.171696 -0.154999
v 1.014824 -0.110228 -0.169015
v 1.022569 -0.171696 -0.188376
v 1.025184 -0.235621 -0.194913
v 0.957136 -0.171696 -0.208929
v 0.958469 -0.235621 -0.215868
v 0.889088 -0.171696 -0.215868
v 0.889088 -0.235621 -0.222944
v 0.821040 -0.171696 -0.208928
v 0.819707 -0.235621 -0.215868
v 0.755608 -0.171696 -0.188376
v 0.752993 -0.235621 -0.194913
v 0.695304 -0.171696 -0.154999
v 0.691508 -0.235621 -0.160883
v 0.642448 -0.171696 -0.110083
v 0.637616 -0.235621 -0.115086
v 0.599070 -0.171696 -0.055351
v 0.593388 -0.235621 -0.059282
v 0.566837 -0.171696 0.007091
v 0.560524 -0.235621 0.004383
v 0.546988 -0.171696 0.074845
v 0.540286 -0.235621 0.073464
v 0.540286 -0.171696 0.145307
v 0.533453 -0.235621 0.145307
v 0.546988 -0.171696 0.215768
v 0.540286 -0.235621 0.217149
v 0.566837 -0.171696 0.283523
v 0.560524 -0.235621 0.286230
v 0.599070 -0.171696 0.345965
v 0.593388 -0.235621 0.349896
v 0.642448 -0.171696 0.400696
v 0.637616 -0.235621 0.405699
v 0.695304 -0.171696 0.445613
v 0.691508 -0.235621 0.451496
v 0.755607 -0.171696 0.478989
v 0.752992 -0.235621 0.485526
v 0.821040 -0.171696 0.499542
v 0.819707 -0.235621 0.506482
v 0.889088 -0.171696 0.506482
v 0.889088 -0.235621 0.513558
v 0.957136 -0.171696 0.499542
v 0.958469 -0.235621 0.506482
v 1.022568 -0.171696 0.478989
v 1.025183 -0.235621 0.485527
v 1.082872 -0.171696 0.445613
v 1.086668 -0.235621 0.451496
v 1.135728 -0.171696 0.400696
v 1.140560 -0.235621 0.405700
v 1.179106 -0.171696 0.345965
v 1.184788 -0.235621 0.349896
v 1.211339 -0.171696 0.283523
v 1.217652 -0.235621 0.286230
v 1.231188 -0.171696 0.215768
v 1.237890 -0.235621 0.217149
v 1.237890 -0.171696 0.145307
v 1.244723 -0.235621 0.145307
v 1.231188 -0.171696 0.074845
v 1.237890 -0.235621 0.073465
v 1.211339 -0.171696 0.007091
v 1.217652 -0.235621 0.004383
v 1.179106 -0.171696 -0.055351
v 1.184788 -0.235621 -0.059282
v 1.135728 -0.171696 -0.110083
v 1.140560 -0.235621 -0.115086
v 1.135728 -0.299545 -0.110083
v 1.086668 -0.235621 -0.160883
v 1.082872 -0.299545 -0.154999
v 1.071628 -0.361013 -0.137576
v 1.022569 -0.299545 -0.188376
v 1.014824 -0.361013 -0.169015
v 0.957136 -0.299545 -0.208929
v 0.953187 -0.361013 -0.188376
v 0.889088 -0.299545 -0.215868
v 0.889088 -0.361013 -0.194913
v 0.821040 -0.299545 -0.208928
v 0.824988 -0.361013 -0.188376
v 0.755608 -0.299545 -0.188376
v 0.763352 -0.361013 -0.169015
v 0.695304 -0.299545 -0.154999
v 0.706548 -0.361013 -0.137576
v 0.642448 -0.299545 -0.110083
v 0.656758 -0.361013 -0.095265
v 0.599070 -0.299545 -0.055351
v 0.615897 -0.361013 -0.043709
v 0.566837 -0.299545 0.007091
v 0.585535 -0.361013 0.015110
v 0.546988 -0.299545 0.074845
v 0.566837 -0.361013 0.078933
v 0.540286 -0.299545 0.145307
v 0.560524 -0.361013 0.145307
v 0.546988 -0.299545 0.215768
v 0.566837 -0.361013 0.211680
v 0.566837 -0.299545 0.283523
v 0.585534 -0.361013 0.275503
v 0.599070 -0.299545 0.345965
v 0.615897 -0.361013 0.334323
v 0.642448 -0.299545 0.400696
v 0.656758 -0.361013 0.385879
v 0.695304 -0.299545 0.445613
v 0.706548 -0.361013 0.428189
v 0.755607 -0.299545 0.478989
v 0.763352 -0.361013 0.459629
v 0.821040 -0.299545 0.499542
v 0.824988 -0.361013 0.478989
v 0.889088 -0.299545 0.506482
v 0.889088 -0.361013 0.485527
v 0.957136 -0.299545 0.499542
v 0.953187 -0.361013 0.478989
v 1.022568 -0.299545 0.478989
v 1.014824 -0.361013 0.459629
v 1.082872 -0.299545 0.445613
v 1.071628 -0.361013 0.428189
v 1.135728 -0.299545 0.400696
v 1.121418 -0.361013 0.385879
v 1.179106 -0.299545 0.345965
v 1.162279 -0.361013 0.334323
v 1.211339 -0.299545 0.283523
v 1.192642 -0.361013 0.275503
v 1.231188 -0.299545 0.215768
v 1.211339 -0.361013 0.211680
v 1.237890 -0.299545 0.145307
v 1.217652 -0.361013 0.145307
v 1.231188 -0.299545 0.074845
v 1.211339 -0.361013 0.078933
v 1.211339 -0.299545 0.007091
v 1.192642 -0.361013 0.015110
v 1.179106 -0.299545 -0.055351
v 1.162279 -0.361013 -0.043709
v 1.134953 -0.417662 -0.024803
v 1.121418 -0.361013 -0.095265
v 1.098179 -0.417662 -0.071202
v 1.066905 -0.467315 -0.038819
v 1.053370 -0.417662 -0.109281
v 1.028798 -0.467315 -0.071202
v 1.002247 -0.417662 -0.137576
v 0.985322 -0.467315 -0.095265
v 0.946776 -0.417662 -0.154999
v 0.938148 -0.467315 -0.110083
v 0.889088 -0.417662 -0.160883
v 0.889088 -0.467315 -0.115086
v 0.831400 -0.417662 -0.154999
v 0.840028 -0.467315 -0.110083
v 0.775928 -0.417662 -0.137575
v 0.792854 -0.467315 -0.095265
v 0.724806 -0.417662 -0.109280
v 0.749378 -0.467315 -0.071202
v 0.679997 -0.417662 -0.071202
v 0.711271 -0.467315 -0.038819
v 0.643223 -0.417662 -0.024803
v 0.679997 -0.467315 0.000640
v 0.615897 -0.417662 0.028133
v 0.656758 -0.467315 0.045659
v 0.599070 -0.417662 0.085572
v 0.642448 -0.467315 0.094507
v 0.593388 -0.417662 0.145307
v 0.637616 -0.467315 0.145307
v 0.599070 -0.417662 0.205041
v 0.642448 -0.467315 0.196107
v 0.615897 -0.417662 0.262480
v 0.656758 -0.467315 0.244955
v 0.643223 -0.417662 0.315417
v 0.679997 -0.467315 0.289973
v 0.679997 -0.417662 0.361816
v 0.711271 -0.467315 0.329432
v 0.724806 -0.417662 0.399894
v 0.749378 -0.467315 0.361816
v 0.775928 -0.417662 0.428189
v 0.792854 -0.467315 0.385879
v 0.831400 -0.417662 0.445613
v 0.840028 -0.467315 0.400696
v 0.889088 -0.417662 0.451496
v 0.889088 -0.467315 0.405700
v 0.946776 -0.417662 0.445613
v 0.938148 -0.467315 0.400696
v 1.002247 -0.417662 0.428189
v 0.985322 -0.467315 0.385879
v 1.053370 -0.417662 0.399894
v 1.028798 -0.467315 0.361816
v 1.098179 -0.417662 0.361816
v 1.066905 -0.467315 0.329433
v 1.134953 -0.417662 0.315417
v 1.098179 -0.467315 0.289973
v 1.162279 -0.417662 0.262480
v 1.121418 -0.467315 0.244955
v 1.179106 -0.417662 0.205041
v 1.135728 -0.467315 0.196107
v 1.184788 -0.417662 0.145307
v 1.140560 -0.467315 0.145307
v 1.179106 -0.417662 0.085572
v 1.135728 -0.467315 0.094507
v 1.162279 -0.417662 0.028133
v 1.121418 -0.467315 0.045659
v 1.071628 -0.508064 0.067014
v 1.098179 -0.467315 0.000640
v 1.053370 -0.508064 0.031643
v 1.002247 -0.538344 0.067014
v 1.028798 -0.508064 0.000640
v 0.985322 -0.538344 0.045659
v 0.998858 -0.508064 -0.024803
v 0.964699 -0.538344 0.028133
v 0.964699 -0.508064 -0.043709
v 0.941170 -0.538344 0.015110
v 0.927634 -0.508064 -0.055351
v 0.915639 -0.538344 0.007091
v 0.889088 -0.508064 -0.059282
v 0.889088 -0.538344 0.004383
v 0.850542 -0.508064 -0.055351
v 0.862537 -0.538344 0.007091
v 0.813477 -0.508064 -0.043709
v 0.837006 -0.538344 0.015110
v 0.779319 -0.508064 -0.024803
v 0.813477 -0.538344 0.028133
v 0.749378 -0.508064 0.000640
v 0.792854 -0.538344 0.045659
v 0.724806 -0.508064 0.031643
v 0.775928 -0.538344 0.067014
v 0.706548 -0.508064 0.067014
v 0.763352 -0.538344 0.091378
v 0.695304 -0.508064 0.105393
v 0.755608 -0.538344 0.117814
v 0.691508 -0.508064 0.145307
v 0.752992 -0.538344 0.145307
v 0.695304 -0.508064 0.185220
v 0.755608 -0.538344 0.172799
v 0.706548 -0.508064 0.223600
v 0.763352 -0.538344 0.199236
v 0.724806 -0.508064 0.258971
v 0.775928 -0.538344 0.223600
v 0.749378 -0.508064 0.289973
v 0.792854 -0.538344 0.244955
v 0.779318 -0.508064 0.315417
v 0.813477 -0.538344 0.262480
v 0.813477 -0.508064 0.334323
v 0.837006 -0.538344 0.275503
v 0.850542 -0.508064 0.345965
v 0.862537 -0.538344 0.283523
v 0.889088 -0.508064 0.349896
v 0.889088 -0.538344 0.286230
v 0.927634 -0.508064 0.345965
v 0.915639 -0.538344 0.283523
v 0.964699 -0.508064 0.334323
v 0.941170 -0.538344 0.275503
v 0.998857 -0.508064 0.315417
v 0.964699 -0.538344 0.262480
v 1.028798 -0.508064 0.289973
v 0.985322 -0.538344 0.244955
v 1.053370 -0.508064 0.258971
v 1.002247 -0.538344 0.223600
v 1.071628 -0.508064 0.223600
v 1.014824 -0.538344 0.199236
v 1.082872 -0.508064 0.185220
v 1.022569 -0.538344 0.172799
v 1.086668 -0.508064 0.145307
v 1.025184 -0.538344 0.145307
v 1.082872 -0.508064 0.105393
v 1.022569 -0.538344 0.117814
v 0.957136 -0.556990 0.131291
v 1.014824 -0.538344 0.091378
v 0.953187 -0.556990 0.117814
v 0.946776 -0.556990 0.105393
v 0.889088 -0.563286 0.145307
v 0.840028 -0.556990 0.196107
v 0.889088 -0.556990 0.073465
v 0.902623 -0.556990 0.074845
v 0.915639 -0.556990 0.078933
v 0.927634 -0.556990 0.085572
v 0.938148 -0.556990 0.094507
v 0.958469 -0.556990 0.145307
v 0.957136 -0.556990 0.159323
v 0.953187 -0.556990 0.172799
v 0.946776 -0.556990 0.185220
v 0.938148 -0.556990 0.196107
v 0.927634 -0.556990 0.205041
v 0.915639 -0.556990 0.211680
v 0.902623 -0.556990 0.215768
v 0.889088 -0.556990 0.217149
v 0.875552 -0.556990 0.215768
v 0.862537 -0.556990 0.211680
v 0.850542 -0.556990 0.205041
v 0.831400 -0.556990 0.185220
v 0.824988 -0.556990 0.172799
v 0.821040 -0.556990 0.159323
v 0.819707 -0.556990 0.145307
v 0.821040 -0.556990 0.131291
v 0.824988 -0.556990 0.117814
v 0.831400 -0.556990 0.105393
v 0.840028 -0.556990 0.094507
v 0.850542 -0.556990 0.085572
v 0.862537 -0.556990 0.078933
v 0.875552 -0.556990 0.074845
v 0.915639 0.085749 0.078933
v 0.915639 0.067103 0.007091
v 0.902623 0.085749 0.074845
v 0.889088 0.092045 0.145307
v 0.889088 0.085749 0.073465
v 0.875552 0.085749 0.074845
v 0.862537 0.085749 0.078933
v 0.850542 0.085749 0.085572
v 0.840028 0.085749 0.094507
v 0.831400 0.085749 0.105393
v 0.824988 0.085749 0.117814
v 0.821040 0.085749 0.131291
v 0.819707 0.085749 0.145307
v 0.821040 0.085749 0.159323
v 0.824988 0.085749 0.172799
v 0.831400 0.085749 0.185220
v 0.840028 0.085749 0.196107
v 0.850542 0.085749 0.205041
v 0.862537 0.085749 0.211680
v 0.875552 0.085749 0.215768
v 0.889088 0.085749 0.217149
v 0.902623 0.085749 0.215768
v 0.915639 0.085749 0.211680
v 0.927634 0.085749 0.205041
v 0.938148 0.085749 0.196107
v 0.946776 0.085749 0.185220
v 0.953187 0.085749 0.172799
v 0.957136 0.085749 0.159323
v 0.958469 0.085749 0.145307
v 0.957136 0.085749 0.131291
v 0.953187 0.085749 0.117814
v 0.946776 0.085749 0.105393
v 0.938148 0.085749 0.094507
v 0.927634 0.085749 0.085572
v 0.000000 1.062785 -0.366167
v 0.096365 1.062785 -0.356339
v 0.000000 1.003074 -0.505676
v -0.096365 1.062785 -0.356339
v -0.189027 1.062785 -0.327233
v -0.122649 1.003074 -0.493167
v -0.240585 1.003074 -0.456123
v -0.144220 0.878940 -0.605459
v -0.282898 0.878940 -0.561899
v -0.160249 0.737318 -0.688900
v 0.000000 0.878940 -0.620168
v 0.144220 0.878940 -0.605459
v 0.000000 0.737318 -0.705243
v 0.160249 0.737318 -0.688900
v 0.000000 0.583648 -0.757632
v 0.000000 0.423837 -0.775321
v 0.170120 0.583648 -0.740282
v -0.170119 0.583648 -0.740282
v -0.333701 0.583648 -0.688900
v -0.173452 0.423837 -0.757631
v -0.340239 0.423837 -0.705242
v -0.170119 0.264026 -0.740282
v -0.333701 0.264026 -0.688900
v -0.160249 0.110357 -0.688900
v 0.000000 0.264026 -0.757632
v 0.170120 0.264026 -0.740282
v 0.000000 0.110357 -0.705242
v 0.160249 0.110357 -0.688900
v 0.000000 -0.031266 -0.620168
v 0.144220 -0.031266 -0.605459
v 0.000000 -0.155399 -0.505676
v -0.144220 -0.031266 -0.605459
v -0.282898 -0.031266 -0.561899
v -0.122649 -0.155399 -0.493167
v -0.240585 -0.155399 -0.456123
v -0.096365 -0.257272 -0.356339
v -0.189027 -0.257272 -0.327233
v -0.066377 -0.332971 -0.200233
v 0.000000 -0.257272 -0.366166
v 0.096365 -0.257272 -0.356339
v 0.000000 -0.332971 -0.207002
v 0.000000 -0.379586 -0.034299
v 0.066378 -0.332971 -0.200233
v 0.033839 -0.379586 -0.030848
v 0.130204 -0.332971 -0.180185
v 0.189027 -0.257272 -0.327233
v 0.066378 -0.379586 -0.020627
v 0.189027 -0.332971 -0.147628
v 0.274425 -0.257272 -0.279968
v 0.096365 -0.379586 -0.004030
v 0.240585 -0.332971 -0.103813
v 0.349276 -0.257272 -0.216360
v 0.122649 -0.379586 0.018307
v 0.282899 -0.332971 -0.050426
v 0.410705 -0.257272 -0.138853
v 0.144220 -0.379586 0.045523
v 0.314340 -0.332971 0.010484
v 0.160249 -0.379586 0.076575
v 0.456351 -0.257272 -0.050426
v 0.333702 -0.332971 0.076575
v 0.484460 -0.257272 0.045523
v 0.170120 -0.379586 0.110267
v 0.340239 -0.332971 0.145307
v 0.493951 -0.257272 0.145307
v 0.173453 -0.379586 0.145307
v 0.333702 -0.332971 0.214039
v 0.484460 -0.257272 0.245090
v 0.170120 -0.379586 0.180346
v 0.314340 -0.332971 0.280130
v 0.456351 -0.257272 0.341039
v 0.160249 -0.379586 0.214039
v 0.282899 -0.332971 0.341039
v 0.410705 -0.257272 0.429466
v 0.144220 -0.379586 0.245090
v 0.240585 -0.332971 0.394427
v 0.349276 -0.257272 0.506973
v 0.122649 -0.379586 0.272307
v 0.189027 -0.332971 0.438241
v 0.274424 -0.257272 0.570582
v 0.096365 -0.379586 0.294644
v 0.130204 -0.332971 0.470798
v 0.189027 -0.257272 0.617847
v 0.066377 -0.379586 0.311241
v 0.066377 -0.332971 0.490846
v 0.089457 -0.274710 0.610994
v 0.033839 -0.379586 0.321461
v 0.000000 -0.332971 0.497616
v 0.000000 -0.280646 0.607635
v 0.000000 -0.379586 0.324912
v -0.066378 -0.332971 0.490846
v -0.033839 -0.379586 0.321461
v -0.089458 -0.274709 0.610994
v -0.130204 -0.332971 0.470798
v -0.189027 -0.257272 0.617847
v -0.066377 -0.379586 0.311241
v -0.189027 -0.332971 0.438241
v -0.096365 -0.379586 0.294644
v -0.274425 -0.257272 0.570581
v -0.240585 -0.332971 0.394427
v -0.349276 -0.257272 0.506973
v -0.122649 -0.379586 0.272307
v -0.282899 -0.332971 0.341039
v -0.410705 -0.257272 0.429466
v -0.144220 -0.379586 0.245090
v -0.314340 -0.332971 0.280130
v -0.456351 -0.257272 0.341039
v -0.160249 -0.379586 0.214039
v -0.333702 -0.332971 0.214039
v -0.484459 -0.257272 0.245090
v -0.170120 -0.379586 0.180346
v -0.340239 -0.332971 0.145307
v -0.493951 -0.257272 0.145307
v -0.173452 -0.379586 0.145307
v -0.333701 -0.332971 0.076575
v -0.484459 -0.257272 0.045523
v -0.170120 -0.379586 0.110267
v -0.314340 -0.332971 0.010484
v -0.456351 -0.257272 -0.050426
v -0.160249 -0.379586 0.076575
v -0.282899 -0.332971 -0.050426
v -0.410705 -0.257272 -0.138853
v -0.144220 -0.379586 0.045523
v -0.240585 -0.332971 -0.103813
v -0.349276 -0.257272 -0.216359
v -0.122649 -0.379586 0.018307
v -0.189027 -0.332971 -0.147627
v -0.274424 -0.257272 -0.279968
v -0.096365 -0.379586 -0.004030
v -0.130204 -0.332971 -0.180184
v -0.066377 -0.379586 -0.020627
v 0.000000 -0.395326 0.145307
v -0.033839 -0.379586 -0.030848
v -0.349276 -0.155399 -0.395965
v -0.444544 -0.155399 -0.315007
v -0.410705 -0.031266 -0.491162
v -0.522728 -0.031266 -0.395965
v -0.456351 0.110357 -0.561899
v -0.580825 0.110357 -0.456122
v -0.484459 0.264026 -0.605459
v -0.314340 0.110357 -0.640498
v -0.616600 0.264026 -0.493167
v -0.493950 0.423837 -0.620167
v -0.628680 0.423837 -0.505675
v -0.484459 0.583648 -0.605459
v -0.616600 0.583648 -0.493167
v -0.456351 0.737318 -0.561899
v -0.580825 0.737318 -0.456122
v -0.410705 0.878940 -0.491162
v -0.314340 0.737318 -0.640498
v -0.522728 0.878940 -0.395965
v -0.349276 1.003074 -0.395965
v -0.444544 1.003074 -0.315007
v -0.274424 1.062785 -0.279968
v -0.349276 1.062785 -0.216359
v -0.410705 1.062785 -0.138853
v -0.456351 1.062785 -0.050426
v -0.522728 1.003074 -0.216360
v -0.580825 1.003074 -0.103813
v -0.614663 0.878940 -0.279968
v -0.682977 0.878940 -0.147628
v -0.682978 0.737318 -0.327233
v -0.758884 0.737318 -0.180184
v -0.725045 0.583648 -0.356339
v -0.805627 0.583648 -0.200233
v -0.739249 0.423837 -0.366167
v -0.821410 0.423837 -0.207003
v -0.725045 0.264026 -0.356339
v -0.805627 0.264026 -0.200233
v -0.682978 0.110357 -0.327233
v -0.758884 0.110357 -0.180184
v -0.614663 -0.031266 -0.279968
v -0.682977 -0.031266 -0.147627
v -0.522728 -0.155399 -0.216360
v -0.580825 -0.155399 -0.103813
v -0.616600 -0.155399 0.018306
v -0.628680 -0.155399 0.145307
v -0.725045 -0.031266 -0.004030
v -0.739249 -0.031266 0.145307
v -0.805627 0.110357 -0.020627
v -0.821410 0.110357 0.145307
v -0.855249 0.264026 -0.030848
v -0.872004 0.264026 0.145307
v -0.872004 0.423837 -0.034299
v -0.889087 0.423837 0.145306
v -0.855249 0.583648 -0.030848
v -0.872004 0.583648 0.145306
v -0.805627 0.737318 -0.020627
v -0.821410 0.737318 0.145307
v -0.725045 0.878940 -0.004030
v -0.739249 0.878940 0.145306
v -0.616600 1.003074 0.018306
v -0.628680 1.003074 0.145307
v -0.484459 1.062785 0.045523
v -0.493951 1.062785 0.145306
v -0.484459 1.062785 0.245090
v -0.456351 1.062785 0.341039
v -0.616600 1.003074 0.272307
v -0.580825 1.003074 0.394427
v -0.725045 0.878940 0.294643
v -0.682978 0.878940 0.438241
v -0.805627 0.737318 0.311240
v -0.758884 0.737318 0.470798
v -0.855249 0.583648 0.321461
v -0.805627 0.583648 0.490846
v -0.872004 0.423837 0.324912
v -0.821410 0.423837 0.497615
v -0.855249 0.264026 0.321461
v -0.805627 0.264026 0.490846
v -0.805627 0.110357 0.311241
v -0.758884 0.110357 0.470798
v -0.725045 -0.031266 0.294643
v -0.682978 -0.031266 0.438241
v -0.616600 -0.155399 0.272307
v -0.580825 -0.155399 0.394427
v -0.522728 -0.155399 0.506973
v -0.444544 -0.155399 0.605621
v -0.614664 -0.031266 0.570581
v -0.522728 -0.031266 0.686579
v -0.682978 0.110357 0.617847
v -0.580825 0.110357 0.746736
v -0.725045 0.264026 0.646952
v -0.616600 0.264026 0.783781
v -0.739249 0.423837 0.656780
v -0.628680 0.423837 0.796289
v -0.725045 0.583648 0.646952
v -0.616600 0.583648 0.783781
v -0.682978 0.737318 0.617847
v -0.580825 0.737318 0.746736
v -0.614664 0.878940 0.570581
v -0.522728 0.878940 0.686578
v -0.522728 1.003074 0.506973
v -0.444544 1.003074 0.605621
v -0.410705 1.062785 0.429466
v -0.349276 1.062785 0.506973
v -0.274425 1.062785 0.570581
v -0.189027 1.062785 0.617847
v -0.349276 1.003074 0.686579
v -0.240585 1.003074 0.746736
v -0.410705 0.878940 0.781775
v -0.282899 0.878940 0.852513
v -0.456351 0.737318 0.852513
v -0.314340 0.737318 0.931112
v -0.484460 0.583648 0.896073
v -0.333702 0.583648 0.979513
v -0.493951 0.423837 0.910780
v -0.340239 0.423837 0.995856
v -0.484460 0.264026 0.896073
v -0.460568 0.264026 0.909296
v -0.477298 0.224874 0.884974
v -0.472907 0.241310 0.893727
v -0.482606 0.208246 0.873165
v -0.491738 0.151778 0.840621
v -0.479140 0.241310 0.872451
v -0.451340 0.327401 0.866725
v -0.488527 0.241310 0.773763
v -0.460182 0.327401 0.773764
v -0.498097 0.151778 0.773763
v -0.479140 0.241310 0.675075
v -0.488527 0.151778 0.673142
v -0.451340 0.327401 0.680801
v -0.451340 0.241310 0.580180
v -0.425153 0.327401 0.591412
v -0.460182 0.151778 0.576388
v -0.406195 0.241310 0.492724
v -0.382628 0.327401 0.509030
v -0.414153 0.151778 0.487218
v -0.345441 0.241310 0.416068
v -0.325398 0.327401 0.436822
v -0.352208 0.151778 0.409061
v -0.271411 0.241310 0.353159
v -0.255663 0.327401 0.377562
v -0.276728 0.151778 0.344919
v -0.186951 0.241310 0.306412
v -0.176104 0.327401 0.333528
v -0.190613 0.151778 0.297257
v -0.095307 0.241310 0.277626
v -0.089777 0.327401 0.306412
v -0.097174 0.151778 0.267907
v 0.000000 0.241310 0.267906
v 0.000000 0.327401 0.297257
v 0.095307 0.241310 0.277626
v 0.000000 0.151778 0.257996
v 0.097174 0.151778 0.267906
v 0.000000 0.062247 0.267906
v 0.095307 0.062247 0.277626
v 0.000000 -0.023844 0.297257
v -0.095307 0.062247 0.277626
v -0.089777 -0.023844 0.306412
v -0.186951 0.062247 0.306412
v -0.271411 0.062247 0.353159
v -0.176104 -0.023844 0.333528
v -0.255663 -0.023844 0.377562
v -0.158489 -0.103186 0.377562
v -0.230091 -0.103186 0.417192
v -0.134784 -0.172730 0.436822
v -0.080797 -0.103186 0.353159
v -0.068712 -0.172730 0.416068
v 0.000000 -0.103186 0.344918
v 0.080797 -0.103186 0.353159
v 0.000000 -0.172730 0.409061
v 0.068712 -0.172730 0.416068
v 0.000000 -0.229803 0.487219
v 0.000000 -0.272212 0.576388
v 0.053987 -0.229803 0.492724
v -0.053987 -0.229803 0.492724
v -0.105899 -0.229803 0.509031
v -0.037187 -0.272212 0.580180
v -0.072945 -0.272212 0.591412
v -0.032086 -0.279519 0.606732
v -0.066203 -0.277135 0.608264
v -0.105899 -0.272212 0.609652
v -0.107308 -0.272212 0.610848
v -0.153742 -0.229803 0.535510
v -0.105198 -0.272565 0.610739
v -0.195676 -0.172730 0.470524
v -0.195676 -0.229803 0.571145
v -0.249049 -0.172730 0.515880
v -0.230091 -0.229803 0.614567
v -0.149034 -0.262287 0.619443
v -0.166490 -0.257272 0.624926
v -0.193606 -0.248224 0.629295
v -0.208262 -0.242731 0.629670
v -0.239325 -0.229803 0.632457
v -0.291354 -0.200592 0.648799
v -0.335183 -0.172730 0.667598
v -0.325398 -0.172730 0.634198
v -0.382627 -0.103186 0.609652
v -0.292850 -0.172730 0.571145
v -0.344356 -0.103186 0.535510
v -0.382628 -0.023844 0.509030
v -0.292850 -0.103186 0.470524
v -0.325398 -0.023844 0.436822
v -0.345441 0.062247 0.416068
v -0.406195 0.062247 0.492724
v -0.451340 0.062247 0.580180
v -0.479140 0.062247 0.675075
v -0.425153 -0.023844 0.591412
v -0.451340 -0.023844 0.680801
v -0.457692 -0.023844 0.747586
v -0.406195 -0.103186 0.690100
v -0.407085 -0.103186 0.699452
v -0.392065 -0.119360 0.693010
v -0.355298 -0.155399 0.681461
v -0.338753 -0.169721 0.670271
v -0.453203 -0.031266 0.745660
v -0.479055 0.033478 0.773763
v -0.487057 0.062247 0.789212
v -0.488527 0.062247 0.773763
v -0.488802 0.110357 0.824936
v 0.037187 -0.272212 0.580180
v 0.105899 -0.229803 0.509030
v 0.134784 -0.172730 0.436822
v 0.072945 -0.272212 0.591412
v 0.153742 -0.229803 0.535510
v 0.195677 -0.172730 0.470524
v 0.105899 -0.272212 0.609652
v 0.195677 -0.229803 0.571145
v 0.249049 -0.172730 0.515880
v 0.149034 -0.262288 0.619443
v 0.230091 -0.229803 0.614567
v 0.292850 -0.172730 0.571145
v 0.208263 -0.242731 0.629670
v 0.239325 -0.229803 0.632457
v 0.291354 -0.200592 0.648799
v 0.335183 -0.172730 0.667598
v 0.325398 -0.172730 0.634198
v 0.382628 -0.103186 0.609652
v 0.344356 -0.103186 0.535510
v 0.425153 -0.023844 0.591412
v 0.406195 -0.103186 0.690100
v 0.451340 -0.023844 0.680801
v 0.392065 -0.119360 0.693010
v 0.407085 -0.103186 0.699452
v 0.453203 -0.031266 0.745660
v 0.522728 -0.031266 0.686579
v 0.457692 -0.023844 0.747586
v 0.479055 0.033478 0.773764
v 0.487057 0.062247 0.789212
v 0.488527 0.062247 0.773764
v 0.498098 0.151778 0.773764
v 0.479140 0.062247 0.675075
v 0.451340 0.062247 0.580180
v 0.488527 0.151778 0.673142
v 0.460182 0.151778 0.576388
v 0.479140 0.241310 0.675075
v 0.451340 0.241310 0.580180
v 0.451340 0.327401 0.680801
v 0.488527 0.241310 0.773764
v 0.460182 0.327401 0.773764
v 0.479140 0.241310 0.872451
v 0.451340 0.327401 0.866725
v 0.482606 0.208246 0.873166
v 0.472907 0.241310 0.893727
v 0.460568 0.264026 0.909296
v 0.477298 0.224875 0.884975
v 0.484459 0.264026 0.896073
v 0.616600 0.264026 0.783781
v 0.493950 0.423837 0.910781
v 0.628680 0.423837 0.796289
v 0.484459 0.583648 0.896073
v 0.340239 0.423837 0.995856
v 0.333701 0.583648 0.979513
v 0.340063 0.419539 0.995416
v 0.334602 0.423837 0.997627
v 0.326148 0.431327 0.999420
v 0.262963 0.476287 1.014091
v 0.292850 0.476287 0.976382
v 0.325398 0.476287 0.913329
v 0.230091 0.533360 0.932959
v 0.255663 0.533360 0.883419
v 0.158490 0.575769 0.883419
v 0.195676 0.533360 0.976382
v 0.134784 0.575769 0.913329
v 0.238298 0.487783 1.020515
v 0.153742 0.533360 1.012017
v 0.105899 0.575769 0.937875
v 0.171140 0.509681 1.038979
v 0.105899 0.533360 1.038496
v 0.072945 0.575769 0.956115
v 0.107794 0.529617 1.043232
v 0.084615 0.533360 1.045182
v 0.052695 0.536621 1.048076
v 0.000000 0.536621 1.053450
v 0.037187 0.575769 0.967347
v 0.018958 0.601884 0.872451
v 0.000000 0.575769 0.971139
v 0.000000 0.601884 0.874384
v -0.037187 0.575769 0.967347
v -0.018958 0.601884 0.872451
v -0.052695 0.536621 1.048076
v -0.072945 0.575769 0.956115
v -0.037187 0.601884 0.866725
v -0.105899 0.533360 1.038496
v -0.105899 0.575769 0.937875
v -0.053987 0.601884 0.857427
v -0.153742 0.533360 1.012017
v -0.134784 0.575769 0.913329
v -0.195676 0.533360 0.976381
v -0.068712 0.601884 0.844913
v -0.158490 0.575769 0.883419
v -0.080797 0.601884 0.829665
v -0.230091 0.533360 0.932959
v -0.176104 0.575769 0.849296
v -0.089777 0.601884 0.812270
v -0.255663 0.533360 0.883419
v -0.186951 0.575769 0.812270
v -0.095307 0.601884 0.793393
v -0.271411 0.533360 0.829665
v -0.190614 0.575769 0.773764
v -0.097174 0.601884 0.773764
v -0.276728 0.533360 0.773764
v -0.186951 0.575769 0.735257
v -0.095307 0.601884 0.754133
v -0.271411 0.533360 0.717861
v -0.176104 0.575769 0.698231
v -0.089777 0.601884 0.735257
v -0.255663 0.533360 0.664108
v -0.158490 0.575769 0.664108
v -0.080797 0.601884 0.717861
v -0.230091 0.533360 0.614567
v -0.134784 0.575769 0.634198
v -0.068712 0.601884 0.702614
v -0.195676 0.533360 0.571145
v -0.105899 0.575769 0.609652
v -0.053987 0.601884 0.690100
v -0.153742 0.533360 0.535510
v -0.072945 0.575769 0.591412
v -0.037187 0.601884 0.680801
v -0.105899 0.533360 0.509031
v -0.037187 0.575769 0.580180
v -0.053987 0.533360 0.492724
v -0.018958 0.601884 0.675075
v 0.000000 0.575769 0.576388
v 0.000000 0.601884 0.673142
v 0.037187 0.575769 0.580180
v 0.000000 0.533360 0.487218
v 0.053987 0.533360 0.492724
v 0.000000 0.476287 0.409061
v 0.068712 0.476287 0.416068
v 0.000000 0.406743 0.344918
v -0.068712 0.476287 0.416068
v -0.134784 0.476287 0.436822
v -0.080797 0.406743 0.353159
v -0.158489 0.406743 0.377562
v -0.230091 0.406743 0.417192
v -0.292850 0.406743 0.470524
v -0.195676 0.476287 0.470524
v -0.249049 0.476287 0.515880
v -0.292850 0.476287 0.571145
v -0.325398 0.476287 0.634198
v -0.344356 0.406743 0.535510
v -0.382627 0.406743 0.609652
v -0.406195 0.406743 0.690100
v -0.414153 0.406743 0.773763
v -0.345441 0.476287 0.702613
v -0.352208 0.476287 0.773764
v -0.345441 0.476287 0.844913
v -0.325398 0.476287 0.913329
v -0.406195 0.406743 0.857427
v -0.382628 0.406743 0.937875
v -0.359224 0.406743 0.983213
v -0.409272 0.357030 0.949303
v -0.431902 0.327401 0.933078
v -0.340063 0.419539 0.995416
v -0.334602 0.423837 0.997626
v -0.326148 0.431327 0.999420
v -0.262963 0.476287 1.014091
v -0.292850 0.476287 0.976382
v -0.238298 0.487783 1.020515
v -0.171667 0.509442 1.038951
v -0.170120 0.583648 1.030895
v -0.171140 0.509681 1.038978
v -0.107794 0.529617 1.043232
v -0.084615 0.533360 1.045182
v 0.000000 0.583648 1.048245
v -0.160249 0.737318 0.979513
v 0.000000 0.737318 0.995856
v -0.144220 0.878940 0.896073
v 0.000000 0.878940 0.910781
v -0.122649 1.003074 0.783781
v 0.000000 1.003074 0.796289
v -0.096365 1.062785 0.646952
v 0.000000 1.062785 0.656780
v 0.096365 1.062785 0.646952
v 0.189027 1.062785 0.617847
v 0.122649 1.003074 0.783781
v 0.240585 1.003074 0.746736
v 0.144220 0.878940 0.896073
v 0.282899 0.878940 0.852513
v 0.160249 0.737318 0.979513
v 0.314340 0.737318 0.931112
v 0.170120 0.583648 1.030895
v 0.171667 0.509443 1.038951
v 0.456351 0.737318 0.852513
v 0.580825 0.737318 0.746736
v 0.410705 0.878940 0.781775
v 0.522728 0.878940 0.686579
v 0.349276 1.003074 0.686579
v 0.444544 1.003074 0.605621
v 0.274424 1.062785 0.570581
v 0.349276 1.062785 0.506973
v 0.410705 1.062785 0.429466
v 0.456351 1.062785 0.341039
v 0.522728 1.003074 0.506973
v 0.580825 1.003074 0.394427
v 0.614664 0.878940 0.570581
v 0.682978 0.878940 0.438241
v 0.682978 0.737318 0.617847
v 0.758884 0.737318 0.470798
v 0.725045 0.583648 0.646952
v 0.805627 0.583648 0.490846
v 0.739249 0.423837 0.656780
v 0.616600 0.583648 0.783781
v 0.821410 0.423837 0.497616
v 0.725045 0.264026 0.646952
v 0.805627 0.264026 0.490846
v 0.682978 0.110357 0.617847
v 0.758884 0.110357 0.470798
v 0.614664 -0.031266 0.570582
v 0.580825 0.110357 0.746736
v 0.488802 0.110357 0.824936
v 0.491738 0.151778 0.840621
v 0.682978 -0.031266 0.438241
v 0.522728 -0.155399 0.506973
v 0.580825 -0.155399 0.394427
v 0.444544 -0.155399 0.605621
v 0.355298 -0.155399 0.681461
v 0.338753 -0.169721 0.670271
v 0.616600 -0.155399 0.272307
v 0.628680 -0.155399 0.145307
v 0.725045 -0.031266 0.294644
v 0.739250 -0.031266 0.145307
v 0.805627 0.110357 0.311241
v 0.821410 0.110357 0.145307
v 0.855249 0.264026 0.321461
v 0.872004 0.264026 0.145307
v 0.872004 0.423837 0.324913
v 0.889088 0.423837 0.145307
v 0.855249 0.583648 0.321461
v 0.872004 0.583648 0.145307
v 0.805627 0.737318 0.311240
v 0.821410 0.737318 0.145307
v 0.725045 0.878940 0.294643
v 0.739250 0.878940 0.145307
v 0.616600 1.003074 0.272307
v 0.628680 1.003074 0.145307
v 0.484460 1.062785 0.245090
v 0.493951 1.062785 0.145307
v 0.484460 1.062785 0.045523
v 0.456351 1.062785 -0.050426
v 0.616600 1.003074 0.018306
v 0.580825 1.003074 -0.103813
v 0.725045 0.878940 -0.004030
v 0.682978 0.878940 -0.147628
v 0.805627 0.737318 -0.020627
v 0.758884 0.737318 -0.180185
v 0.855249 0.583648 -0.030848
v 0.805627 0.583648 -0.200233
v 0.872004 0.423837 -0.034299
v 0.821410 0.423837 -0.207002
v 0.855249 0.264026 -0.030848
v 0.805627 0.264026 -0.200233
v 0.805627 0.110357 -0.020627
v 0.758884 0.110357 -0.180185
v 0.725045 -0.031266 -0.004030
v 0.682978 -0.031266 -0.147627
v 0.616600 -0.155399 0.018306
v 0.580825 -0.155399 -0.103813
v 0.522729 -0.155399 -0.216360
v 0.444544 -0.155399 -0.315007
v 0.614664 -0.031266 -0.279968
v 0.522728 -0.031266 -0.395965
v 0.682978 0.110357 -0.327233
v 0.580825 0.110357 -0.456123
v 0.725045 0.264026 -0.356339
v 0.616600 0.264026 -0.493167
v 0.739250 0.423837 -0.366167
v 0.628680 0.423837 -0.505676
v 0.725045 0.583648 -0.356339
v 0.616600 0.583648 -0.493167
v 0.682978 0.737318 -0.327233
v 0.580825 0.737318 -0.456123
v 0.614664 0.878940 -0.279968
v 0.522728 0.878940 -0.395965
v 0.522729 1.003074 -0.216360
v 0.444544 1.003074 -0.315007
v 0.410705 1.062785 -0.138853
v 0.349276 1.062785 -0.216360
v 0.274425 1.062785 -0.279968
v 0.189027 1.062785 -0.327233
v 0.349276 1.003074 -0.395966
v 0.240585 1.003074 -0.456123
v 0.410705 0.878940 -0.491162
v 0.282899 0.878940 -0.561899
v 0.456351 0.737318 -0.561900
v 0.314340 0.737318 -0.640499
v 0.484460 0.583648 -0.605459
v 0.333702 0.583648 -0.688900
v 0.493951 0.423837 -0.620168
v 0.340239 0.423837 -0.705243
v 0.484460 0.264026 -0.605459
v 0.333702 0.264026 -0.688900
v 0.456351 0.110357 -0.561900
v 0.314340 0.110357 -0.640499
v 0.410705 -0.031266 -0.491162
v 0.282899 -0.031266 -0.561899
v 0.349276 -0.155399 -0.395965
v 0.240585 -0.155399 -0.456123
v 0.122649 -0.155399 -0.493167
v 0.173453 0.423837 -0.757632
v 0.122649 1.003074 -0.493167
v 0.000000 0.536621 1.053450
v 0.080797 0.406743 0.353159
v 0.089777 0.327401 0.306412
v 0.158490 0.406743 0.377562
v 0.134784 0.476287 0.436822
v 0.176104 0.327401 0.333528
v 0.230091 0.406743 0.417192
v 0.195677 0.476287 0.470524
v 0.255664 0.327401 0.377562
v 0.292850 0.406743 0.470524
v 0.325398 0.327401 0.436822
v 0.249049 0.476287 0.515880
v 0.344356 0.406743 0.535510
v 0.292850 0.476287 0.571145
v 0.382628 0.327401 0.509030
v 0.382628 0.406743 0.609652
v 0.425153 0.327401 0.591412
v 0.325398 0.476287 0.634198
v 0.406195 0.406743 0.690100
v 0.345441 0.476287 0.702613
v 0.414153 0.406743 0.773764
v 0.352208 0.476287 0.773764
v 0.406195 0.406743 0.857427
v 0.345441 0.476287 0.844913
v 0.382628 0.406743 0.937875
v 0.409272 0.357030 0.949303
v 0.359224 0.406743 0.983213
v 0.431902 0.327401 0.933078
v 0.271411 0.533360 0.829665
v 0.276728 0.533360 0.773764
v 0.186951 0.575769 0.812270
v 0.190614 0.575769 0.773764
v 0.095307 0.601884 0.793393
v 0.176104 0.575769 0.849296
v 0.089777 0.601884 0.812270
v 0.000000 0.610702 0.773764
v 0.080797 0.601884 0.829665
v 0.068712 0.601884 0.844913
v 0.053987 0.601884 0.857427
v 0.037187 0.601884 0.866725
v 0.018958 0.601884 0.675075
v 0.037187 0.601884 0.680801
v 0.053987 0.601884 0.690100
v 0.068712 0.601884 0.702613
v 0.080797 0.601884 0.717861
v 0.089777 0.601884 0.735257
v 0.095307 0.601884 0.754133
v 0.097174 0.601884 0.773764
v 0.186951 0.575769 0.735257
v 0.271411 0.533360 0.717861
v 0.176104 0.575769 0.698231
v 0.158490 0.575769 0.664108
v 0.255664 0.533360 0.664108
v 0.230091 0.533360 0.614567
v 0.195677 0.533360 0.571145
v 0.153742 0.533360 0.535510
v 0.134784 0.575769 0.634198
v 0.105899 0.575769 0.609652
v 0.072945 0.575769 0.591412
v 0.105899 0.533360 0.509030
v 0.406195 0.241310 0.492724
v 0.345441 0.241310 0.416068
v 0.414153 0.151778 0.487218
v 0.352208 0.151778 0.409061
v 0.406195 0.062247 0.492724
v 0.382628 -0.023844 0.509030
v 0.345441 0.062247 0.416068
v 0.271411 0.062247 0.353159
v 0.325398 -0.023844 0.436822
v 0.255664 -0.023844 0.377562
v 0.292850 -0.103186 0.470524
v 0.230091 -0.103186 0.417192
v 0.158490 -0.103186 0.377562
v 0.176104 -0.023844 0.333528
v 0.089777 -0.023844 0.306412
v 0.186951 0.062247 0.306412
v 0.190614 0.151778 0.297256
v 0.186951 0.241310 0.306412
v 0.276728 0.151778 0.344918
v 0.271411 0.241310 0.353159
v 0.193606 -0.248224 0.629295
v 0.166490 -0.257272 0.624926
v 0.107308 -0.272212 0.610848
v 0.105198 -0.272565 0.610739
v 0.066203 -0.277135 0.608264
v 0.032086 -0.279519 0.606732
v 0.000000 -0.280646 0.607635
v 0.355635 0.651654 0.880868
v 0.365272 0.651654 0.881851
v 0.355635 0.659224 0.896785
v 0.355635 0.641467 0.866917
v 0.345999 0.651654 0.881851
v 0.348997 0.659224 0.897462
v 0.343370 0.641467 0.868168
v 0.336733 0.651654 0.884762
v 0.342615 0.659224 0.899466
v 0.331577 0.641467 0.871873
v 0.328193 0.651654 0.889488
v 0.336733 0.659224 0.902722
v 0.320708 0.641467 0.877888
v 0.320708 0.651654 0.895849
v 0.331577 0.659224 0.907104
v 0.311181 0.641467 0.885984
v 0.314565 0.651654 0.903600
v 0.327345 0.659224 0.912443
v 0.303362 0.641467 0.895849
v 0.310000 0.651654 0.912443
v 0.324201 0.659224 0.918533
v 0.297553 0.641467 0.907104
v 0.307189 0.651654 0.922037
v 0.322265 0.659224 0.925142
v 0.293975 0.641467 0.919316
v 0.306240 0.651654 0.932016
v 0.321611 0.659224 0.932016
v 0.292767 0.641467 0.932016
v 0.307189 0.651654 0.941994
v 0.322265 0.659224 0.938889
v 0.293975 0.641467 0.944716
v 0.310000 0.651654 0.951589
v 0.324201 0.659224 0.945498
v 0.297553 0.641467 0.956928
v 0.314565 0.651654 0.960432
v 0.327345 0.659224 0.951589
v 0.303362 0.641467 0.968183
v 0.320708 0.651654 0.968183
v 0.331577 0.659224 0.956928
v 0.311181 0.641467 0.978047
v 0.328193 0.651654 0.974543
v 0.336733 0.659224 0.961309
v 0.320708 0.641467 0.986143
v 0.336733 0.651654 0.979270
v 0.342615 0.659224 0.964565
v 0.331577 0.641467 0.992158
v 0.345999 0.651654 0.982180
v 0.348997 0.659224 0.966569
v 0.343370 0.641467 0.995863
v 0.355635 0.651654 0.983163
v 0.355635 0.659224 0.967247
v 0.355635 0.641467 0.997114
v 0.365272 0.651654 0.982180
v 0.362273 0.659224 0.966569
v 0.367900 0.641467 0.995863
v 0.374538 0.651654 0.979270
v 0.368655 0.659224 0.964565
v 0.379694 0.641467 0.992158
v 0.383078 0.651654 0.974543
v 0.374538 0.659224 0.961309
v 0.390563 0.641467 0.986143
v 0.390563 0.651654 0.968183
v 0.379694 0.659224 0.956928
v 0.400090 0.641467 0.978047
v 0.396706 0.651654 0.960432
v 0.383925 0.659224 0.951589
v 0.407908 0.641467 0.968183
v 0.401270 0.651654 0.951589
v 0.387069 0.659224 0.945498
v 0.413718 0.641467 0.956928
v 0.404081 0.651654 0.941994
v 0.389005 0.659224 0.938889
v 0.417295 0.641467 0.944716
v 0.405030 0.651654 0.932016
v 0.389659 0.659224 0.932016
v 0.418503 0.641467 0.932016
v 0.404081 0.651654 0.922037
v 0.389005 0.659224 0.925142
v 0.417295 0.641467 0.919316
v 0.401270 0.651654 0.912443
v 0.387069 0.659224 0.918533
v 0.413718 0.641467 0.907104
v 0.396706 0.651654 0.903600
v 0.383925 0.659224 0.912443
v 0.407908 0.641467 0.895849
v 0.390563 0.651654 0.895849
v 0.379694 0.659224 0.907104
v 0.400090 0.641467 0.885984
v 0.383078 0.651654 0.889488
v 0.374538 0.659224 0.902722
v 0.390563 0.641467 0.877888
v 0.374538 0.651654 0.884762
v 0.368655 0.659224 0.899466
v 0.379694 0.641467 0.871873
v 0.383925 0.629054 0.861295
v 0.367900 0.641467 0.868168
v 0.370057 0.629054 0.856939
v 0.371660 0.614891 0.848595
v 0.355635 0.629054 0.855468
v 0.355635 0.614891 0.846961
v 0.341213 0.629054 0.856939
v 0.339610 0.614891 0.848595
v 0.327345 0.629054 0.861295
v 0.324201 0.614891 0.853435
v 0.314565 0.629054 0.868369
v 0.310000 0.614891 0.861295
v 0.303362 0.629054 0.877888
v 0.297553 0.614891 0.871873
v 0.294169 0.629054 0.889488
v 0.287337 0.614891 0.884762
v 0.287337 0.629054 0.902722
v 0.279747 0.614891 0.899466
v 0.283130 0.629054 0.917082
v 0.275072 0.614891 0.915422
v 0.281710 0.629054 0.932016
v 0.273494 0.614891 0.932016
v 0.283130 0.629054 0.946949
v 0.275072 0.614891 0.948609
v 0.287337 0.629054 0.961309
v 0.279747 0.614891 0.964565
v 0.294169 0.629054 0.974543
v 0.287337 0.614891 0.979270
v 0.303362 0.629054 0.986143
v 0.297553 0.614891 0.992158
v 0.314565 0.629054 0.995662
v 0.310000 0.614891 1.002736
v 0.327345 0.629054 1.002736
v 0.324201 0.614891 1.010596
v 0.341213 0.629054 1.007092
v 0.339610 0.614891 1.015436
v 0.355635 0.629054 1.008563
v 0.355635 0.614891 1.017071
v 0.370057 0.629054 1.007092
v 0.371660 0.614891 1.015436
v 0.383925 0.629054 1.002736
v 0.387069 0.614891 1.010596
v 0.396706 0.629054 0.995662
v 0.401270 0.614891 1.002736
v 0.407908 0.629054 0.986143
v 0.413718 0.614891 0.992158
v 0.417101 0.629054 0.974543
v 0.423933 0.614891 0.979270
v 0.423933 0.629054 0.961309
v 0.431524 0.614891 0.964565
v 0.428140 0.629054 0.946949
v 0.436198 0.614891 0.948609
v 0.429560 0.629054 0.932016
v 0.437776 0.614891 0.932016
v 0.428140 0.629054 0.917082
v 0.436198 0.614891 0.915422
v 0.423933 0.629054 0.902722
v 0.431524 0.614891 0.899466
v 0.417101 0.629054 0.889488
v 0.423933 0.614891 0.884762
v 0.407908 0.629054 0.877888
v 0.413718 0.614891 0.871873
v 0.396706 0.629054 0.868369
v 0.401270 0.614891 0.861295
v 0.404081 0.599524 0.856939
v 0.387069 0.614891 0.853435
v 0.389005 0.599524 0.848595
v 0.389659 0.583543 0.846961
v 0.372647 0.599524 0.843457
v 0.372980 0.583543 0.841722
v 0.355635 0.599524 0.841722
v 0.355635 0.583543 0.839953
v 0.338623 0.599524 0.843457
v 0.338290 0.583543 0.841722
v 0.322265 0.599524 0.848595
v 0.321611 0.583543 0.846961
v 0.307189 0.599524 0.856939
v 0.306240 0.583543 0.855468
v 0.293975 0.599524 0.868168
v 0.292767 0.583543 0.866917
v 0.283131 0.599524 0.881851
v 0.281710 0.583543 0.880868
v 0.275072 0.599524 0.897462
v 0.273494 0.583543 0.896785
v 0.270110 0.599524 0.914400
v 0.268435 0.583543 0.914055
v 0.268435 0.599524 0.932016
v 0.266726 0.583543 0.932015
v 0.270110 0.599524 0.949631
v 0.268435 0.583543 0.949976
v 0.275072 0.599524 0.966569
v 0.273494 0.583543 0.967247
v 0.283130 0.599524 0.982180
v 0.281710 0.583543 0.983163
v 0.293975 0.599524 0.995863
v 0.292767 0.583543 0.997114
v 0.307189 0.599524 1.007092
v 0.306240 0.583543 1.008563
v 0.322265 0.599524 1.015436
v 0.321611 0.583543 1.017070
v 0.338623 0.599524 1.020574
v 0.338290 0.583543 1.022309
v 0.355635 0.599524 1.022309
v 0.355635 0.583543 1.024078
v 0.372647 0.599524 1.020574
v 0.372980 0.583543 1.022309
v 0.389005 0.599524 1.015436
v 0.389659 0.583543 1.017070
v 0.404081 0.599524 1.007092
v 0.405030 0.583543 1.008563
v 0.417295 0.599524 0.995863
v 0.418503 0.583543 0.997114
v 0.428140 0.599524 0.982180
v 0.429560 0.583543 0.983163
v 0.436198 0.599524 0.966569
v 0.437776 0.583543 0.967247
v 0.441160 0.599524 0.949631
v 0.442836 0.583543 0.949976
v 0.442836 0.599524 0.932016
v 0.444544 0.583543 0.932016
v 0.441160 0.599524 0.914400
v 0.442836 0.583543 0.914055
v 0.436198 0.599524 0.897462
v 0.437776 0.583543 0.896785
v 0.428140 0.599524 0.881851
v 0.429560 0.583543 0.880868
v 0.417295 0.599524 0.868168
v 0.418503 0.583543 0.866917
v 0.417295 0.567562 0.868168
v 0.405030 0.583543 0.855468
v 0.404081 0.567562 0.856939
v 0.401270 0.552195 0.861295
v 0.389005 0.567562 0.848595
v 0.387069 0.552195 0.853435
v 0.372647 0.567562 0.843457
v 0.371660 0.552195 0.848595
v 0.355635 0.567562 0.841722
v 0.355635 0.552195 0.846961
v 0.338623 0.567562 0.843457
v 0.339610 0.552195 0.848595
v 0.322265 0.567562 0.848595
v 0.324201 0.552195 0.853435
v 0.307189 0.567562 0.856939
v 0.310000 0.552195 0.861295
v 0.293975 0.567562 0.868168
v 0.297553 0.552195 0.871873
v 0.283131 0.567562 0.881851
v 0.287337 0.552195 0.884762
v 0.275072 0.567562 0.897462
v 0.279747 0.552195 0.899466
v 0.270110 0.567562 0.914400
v 0.275072 0.552195 0.915422
v 0.268435 0.567562 0.932016
v 0.273494 0.552195 0.932016
v 0.270110 0.567562 0.949631
v 0.275072 0.552195 0.948609
v 0.275072 0.567562 0.966569
v 0.279747 0.552195 0.964565
v 0.283130 0.567562 0.982180
v 0.287337 0.552195 0.979270
v 0.293975 0.567562 0.995863
v 0.297553 0.552195 0.992158
v 0.307189 0.567562 1.007092
v 0.310000 0.552195 1.002736
v 0.322265 0.567562 1.015436
v 0.324201 0.552195 1.010596
v 0.338623 0.567562 1.020574
v 0.339610 0.552195 1.015436
v 0.355635 0.567562 1.022309
v 0.355635 0.552195 1.017071
v 0.372647 0.567562 1.020574
v 0.371660 0.552195 1.015436
v 0.389005 0.567562 1.015436
v 0.387069 0.552195 1.010596
v 0.404081 0.567562 1.007092
v 0.401270 0.552195 1.002736
v 0.417295 0.567562 0.995863
v 0.413718 0.552195 0.992158
v 0.428140 0.567562 0.982180
v 0.423933 0.552195 0.979270
v 0.436198 0.567562 0.966569
v 0.431524 0.552195 0.964565
v 0.441160 0.567562 0.949631
v 0.436198 0.552195 0.948609
v 0.442836 0.567562 0.932016
v 0.437776 0.552195 0.932016
v 0.441160 0.567562 0.914400
v 0.436198 0.552195 0.915422
v 0.436198 0.567562 0.897462
v 0.431524 0.552195 0.899466
v 0.428140 0.567562 0.881851
v 0.423933 0.552195 0.884762
v 0.417101 0.538033 0.889488
v 0.413718 0.552195 0.871873
v 0.407908 0.538033 0.877888
v 0.400090 0.525620 0.885984
v 0.396706 0.538033 0.868369
v 0.390563 0.525620 0.877888
v 0.383925 0.538033 0.861295
v 0.379694 0.525620 0.871873
v 0.370057 0.538033 0.856939
v 0.367900 0.525620 0.868168
v 0.355635 0.538033 0.855468
v 0.355635 0.525620 0.866917
v 0.341213 0.538033 0.856939
v 0.343370 0.525620 0.868168
v 0.327345 0.538033 0.861295
v 0.331577 0.525620 0.871873
v 0.314565 0.538033 0.868369
v 0.320708 0.525620 0.877888
v 0.303362 0.538033 0.877888
v 0.311181 0.525620 0.885984
v 0.294169 0.538033 0.889488
v 0.303362 0.525620 0.895849
v 0.287337 0.538033 0.902722
v 0.297553 0.525620 0.907104
v 0.283130 0.538033 0.917082
v 0.293975 0.525620 0.919316
v 0.281710 0.538033 0.932016
v 0.292767 0.525620 0.932016
v 0.283130 0.538033 0.946949
v 0.293975 0.525620 0.944716
v 0.287337 0.538033 0.961309
v 0.297553 0.525620 0.956928
v 0.294169 0.538033 0.974543
v 0.303362 0.525620 0.968183
v 0.303362 0.538033 0.986143
v 0.311181 0.525620 0.978047
v 0.314565 0.538033 0.995662
v 0.320708 0.525620 0.986143
v 0.327345 0.538033 1.002736
v 0.331577 0.525620 0.992158
v 0.341213 0.538033 1.007092
v 0.343370 0.525620 0.995863
v 0.355635 0.538033 1.008563
v 0.355635 0.525620 0.997114
v 0.370057 0.538033 1.007092
v 0.367900 0.525620 0.995863
v 0.383925 0.538033 1.002736
v 0.379694 0.525620 0.992158
v 0.396706 0.538033 0.995662
v 0.390563 0.525620 0.986143
v 0.407908 0.538033 0.986143
v 0.400090 0.525620 0.978047
v 0.417101 0.538033 0.974543
v 0.407908 0.525620 0.968183
v 0.423933 0.538033 0.961309
v 0.413718 0.525620 0.956928
v 0.428140 0.538033 0.946949
v 0.417295 0.525620 0.944716
v 0.429560 0.538033 0.932016
v 0.418503 0.525620 0.932016
v 0.428140 0.538033 0.917082
v 0.417295 0.525620 0.919316
v 0.423933 0.538033 0.902722
v 0.413718 0.525620 0.907104
v 0.401270 0.515432 0.912443
v 0.407908 0.525620 0.895849
v 0.396706 0.515432 0.903600
v 0.383925 0.507862 0.912443
v 0.390563 0.515432 0.895849
v 0.379694 0.507862 0.907104
v 0.383078 0.515432 0.889488
v 0.374538 0.507862 0.902722
v 0.374538 0.515432 0.884762
v 0.368655 0.507862 0.899466
v 0.365272 0.515432 0.881851
v 0.362273 0.507862 0.897462
v 0.355635 0.515432 0.880868
v 0.355635 0.507862 0.896785
v 0.345999 0.515432 0.881851
v 0.348997 0.507862 0.897462
v 0.336733 0.515432 0.884762
v 0.342615 0.507862 0.899466
v 0.328193 0.515432 0.889488
v 0.336733 0.507862 0.902722
v 0.320708 0.515432 0.895849
v 0.331577 0.507862 0.907104
v 0.314565 0.515432 0.903600
v 0.327345 0.507862 0.912443
v 0.310000 0.515432 0.912443
v 0.324201 0.507862 0.918533
v 0.307189 0.515432 0.922037
v 0.322265 0.507862 0.925142
v 0.306240 0.515432 0.932016
v 0.321611 0.507862 0.932016
v 0.307189 0.515432 0.941994
v 0.322265 0.507862 0.938889
v 0.310000 0.515432 0.951589
v 0.324201 0.507862 0.945498
v 0.314565 0.515432 0.960432
v 0.327345 0.507862 0.951589
v 0.320708 0.515432 0.968183
v 0.331577 0.507862 0.956928
v 0.328193 0.515432 0.974543
v 0.336733 0.507862 0.961309
v 0.336733 0.515432 0.979270
v 0.342615 0.507862 0.964565
v 0.345999 0.515432 0.982180
v 0.348997 0.507862 0.966569
v 0.355635 0.515432 0.983163
v 0.355635 0.507862 0.967247
v 0.365272 0.515432 0.982180
v 0.362273 0.507862 0.966569
v 0.374538 0.515432 0.979270
v 0.368655 0.507862 0.964565
v 0.383078 0.515432 0.974543
v 0.374538 0.507862 0.961309
v 0.390563 0.515432 0.968183
v 0.379694 0.507862 0.956928
v 0.396706 0.515432 0.960432
v 0.383925 0.507862 0.951589
v 0.401270 0.515432 0.951589
v 0.387069 0.507862 0.945498
v 0.404081 0.515432 0.941994
v 0.389005 0.507862 0.938889
v 0.405030 0.515432 0.932016
v 0.389659 0.507862 0.932016
v 0.404081 0.515432 0.922037
v 0.389005 0.507862 0.925142
v 0.372647 0.503201 0.928512
v 0.387069 0.507862 0.918533
v 0.371660 0.503201 0.925142
v 0.370057 0.503201 0.922037
v 0.355635 0.501627 0.932016
v 0.343370 0.503201 0.944716
v 0.355635 0.503201 0.914055
v 0.359019 0.503201 0.914400
v 0.362273 0.503201 0.915422
v 0.365272 0.503201 0.917082
v 0.367900 0.503201 0.919316
v 0.372980 0.503201 0.932016
v 0.372647 0.503201 0.935520
v 0.371660 0.503201 0.938889
v 0.370057 0.503201 0.941994
v 0.367900 0.503201 0.944716
v 0.365272 0.503201 0.946949
v 0.362273 0.503201 0.948609
v 0.359019 0.503201 0.949631
v 0.355635 0.503201 0.949976
v 0.352251 0.503201 0.949631
v 0.348997 0.503201 0.948609
v 0.345999 0.503201 0.946949
v 0.341213 0.503201 0.941994
v 0.339610 0.503201 0.938889
v 0.338623 0.503201 0.935520
v 0.338290 0.503201 0.932016
v 0.338623 0.503201 0.928512
v 0.339610 0.503201 0.925142
v 0.341213 0.503201 0.922037
v 0.343370 0.503201 0.919316
v 0.345999 0.503201 0.917082
v 0.348997 0.503201 0.915422
v 0.352251 0.503201 0.914400
v 0.362273 0.663885 0.915422
v 0.362273 0.659224 0.897462
v 0.359019 0.663885 0.914400
v 0.355635 0.665460 0.932016
v 0.355635 0.663885 0.914055
v 0.352251 0.663885 0.914400
v 0.348997 0.663885 0.915422
v 0.345999 0.663885 0.917082
v 0.343370 0.663885 0.919316
v 0.341213 0.663885 0.922037
v 0.339610 0.663885 0.925142
v 0.338623 0.663885 0.928512
v 0.338290 0.663885 0.932016
v 0.338623 0.663885 0.935520
v 0.339610 0.663885 0.938889
v 0.341213 0.663885 0.941994
v 0.343370 0.663885 0.944716
v 0.345999 0.663885 0.946949
v 0.348997 0.663885 0.948609
v 0.352251 0.663885 0.949631
v 0.355635 0.663885 0.949976
v 0.359019 0.663885 0.949631
v 0.362273 0.663885 0.948609
v 0.365272 0.663885 0.946949
v 0.367900 0.663885 0.944716
v 0.370057 0.663885 0.941994
v 0.371660 0.663885 0.938889
v 0.372647 0.663885 0.935520
v 0.372980 0.663885 0.932016
v 0.372647 0.663885 0.928512
v 0.371660 0.663885 0.925142
v 0.370057 0.663885 0.922037
v 0.367900 0.663885 0.919316
v 0.365272 0.663885 0.917082
v 0.100359 -0.604265 -1.790512
v 0.118026 -0.604265 -1.790512
v 0.100359 -0.598466 -1.833869
v 0.100359 -0.604264 -1.443206
v 0.100359 -0.580731 -1.790512
v 0.100359 -0.580382 -1.789222
v 0.100359 -0.581314 -1.792673
v 0.100359 -0.581628 -1.796262
v 0.118026 -0.581314 -1.792673
v 0.118026 -0.581628 -1.796262
v 0.118026 -0.580731 -1.790512
v 0.118026 -0.580382 -1.789222
v 0.118026 -0.578869 -1.786041
v 0.118026 -0.576834 -1.783253
v 0.100359 -0.578869 -1.786041
v 0.100359 -0.576834 -1.783253
v 0.100359 -0.574353 -1.780966
v 0.100359 -0.571523 -1.779265
v 0.118026 -0.574353 -1.780966
v 0.118026 -0.571523 -1.779265
v 0.118026 -0.568452 -1.778219
v 0.118026 -0.565259 -1.777865
v 0.100359 -0.568452 -1.778219
v 0.100359 -0.565259 -1.777865
v 0.100359 -0.562065 -1.778219
v 0.100359 -0.558995 -1.779265
v 0.118026 -0.562065 -1.778219
v 0.118026 -0.558995 -1.779265
v 0.118026 -0.556165 -1.780966
v 0.118026 -0.553684 -1.783253
v 0.100359 -0.556165 -1.780966
v 0.100359 -0.553684 -1.783253
v 0.100359 -0.551648 -1.786041
v 0.100359 -0.550135 -1.789222
v 0.118026 -0.551648 -1.786041
v 0.118026 -0.550135 -1.789222
v 0.118026 -0.549787 -1.790512
v 0.118026 -0.521303 -1.790512
v 0.118026 -0.549204 -1.792673
v 0.118026 -0.548889 -1.796262
v 0.100359 -0.549204 -1.792673
v 0.100359 -0.549787 -1.790512
v 0.100359 -0.548889 -1.796262
v 0.100359 -0.549204 -1.799851
v 0.100359 -0.550135 -1.803302
v 0.118026 -0.549204 -1.799851
v 0.118026 -0.550135 -1.803302
v 0.118026 -0.551648 -1.806483
v 0.118026 -0.553684 -1.809271
v 0.100359 -0.551648 -1.806483
v 0.100359 -0.553684 -1.809271
v 0.100359 -0.556165 -1.811559
v 0.100359 -0.558995 -1.813259
v 0.118026 -0.556165 -1.811559
v 0.118026 -0.558995 -1.813259
v 0.118026 -0.562065 -1.814306
v 0.118026 -0.562784 -1.814385
v 0.100359 -0.562065 -1.814306
v 0.100359 -0.562784 -1.814385
v 0.100359 -0.565259 -1.814659
v 0.100359 -0.562784 -1.833869
v 0.100359 -0.527101 -1.833869
v 0.100359 -0.562784 -1.855604
v 0.100359 -0.592108 -1.855604
v 0.100359 -0.533459 -1.856166
v 0.100359 -0.562784 -1.877339
v 0.100359 -0.546061 -1.877339
v 0.100359 -0.579506 -1.877339
v 0.118026 -0.562784 -1.877339
v 0.118026 -0.562784 -1.855604
v 0.118026 -0.546061 -1.877339
v 0.118026 -0.579506 -1.877339
v 0.118026 -0.592108 -1.855604
v 0.118026 -0.598466 -1.833869
v 0.118026 -0.562784 -1.833869
v 0.118026 -0.527101 -1.833869
v 0.118026 -0.533459 -1.856166
v 0.100359 -0.521303 -1.790512
v 0.100359 -0.521303 -1.443206
v 0.118026 -0.521303 -1.443206
v 0.118026 -0.604264 -1.443206
v 0.100359 -0.568452 -1.814306
v 0.118026 -0.565259 -1.814659
v 0.118026 -0.568452 -1.814306
v 0.118026 -0.571523 -1.813259
v 0.118026 -0.574353 -1.811559
v 0.100359 -0.571523 -1.813259
v 0.100359 -0.574353 -1.811559
v 0.100359 -0.576834 -1.809271
v 0.100359 -0.578869 -1.806483
v 0.118026 -0.576834 -1.809271
v 0.118026 -0.578869 -1.806483
v 0.118026 -0.580382 -1.803302
v 0.118026 -0.581314 -1.799851
v 0.100359 -0.580382 -1.803302
v 0.100359 -0.581314 -1.799851
v 0.088909 -0.563286 -1.205543
v 0.086526 -0.563286 -1.196336
v 0.088148 -0.552594 -1.205543
v 0.086526 -0.563286 -1.214749
v 0.088148 -0.573978 -1.205543
v 0.085879 -0.584488 -1.205543
v 0.085786 -0.573692 -1.196336
v 0.085786 -0.573692 -1.214749
v 0.079333 -0.572909 -1.221488
v 0.083578 -0.583920 -1.214749
v 0.077291 -0.582368 -1.221488
v 0.079940 -0.593794 -1.214749
v 0.073927 -0.591500 -1.221488
v 0.074934 -0.603147 -1.214749
v 0.082141 -0.594634 -1.205543
v 0.076997 -0.604245 -1.205543
v 0.079940 -0.593794 -1.196336
v 0.074934 -0.603147 -1.196336
v 0.073927 -0.591500 -1.189597
v 0.083578 -0.583920 -1.196336
v 0.077291 -0.582368 -1.189597
v 0.068703 -0.580248 -1.187130
v 0.079333 -0.572909 -1.189597
v 0.070519 -0.571840 -1.187130
v 0.080018 -0.563286 -1.189597
v 0.079333 -0.553663 -1.189597
v 0.071127 -0.563286 -1.187130
v 0.070519 -0.554733 -1.187130
v 0.062236 -0.563286 -1.189597
v 0.061704 -0.555802 -1.189597
v 0.055728 -0.563286 -1.196336
v 0.061704 -0.570771 -1.189597
v 0.060116 -0.578127 -1.189597
v 0.055251 -0.569988 -1.196336
v 0.053829 -0.576575 -1.196336
v 0.052889 -0.569702 -1.205543
v 0.051528 -0.576007 -1.205543
v 0.055251 -0.569988 -1.214749
v 0.053345 -0.563286 -1.205543
v 0.052889 -0.556871 -1.205543
v 0.055728 -0.563286 -1.214749
v 0.055251 -0.556585 -1.214749
v 0.062236 -0.563286 -1.221488
v 0.061704 -0.555802 -1.221488
v 0.071127 -0.563286 -1.223955
v 0.061704 -0.570771 -1.221488
v 0.060116 -0.578127 -1.221488
v 0.070519 -0.571840 -1.223955
v 0.068703 -0.580248 -1.223955
v 0.065713 -0.588365 -1.223955
v 0.057499 -0.585230 -1.221488
v 0.061598 -0.596053 -1.223955
v 0.053898 -0.591957 -1.221488
v 0.056429 -0.603180 -1.223955
v 0.069298 -0.600149 -1.221488
v 0.063482 -0.608167 -1.221488
v 0.056581 -0.615418 -1.221488
v 0.068646 -0.611818 -1.214749
v 0.061183 -0.619658 -1.214749
v 0.070536 -0.613154 -1.205543
v 0.062868 -0.621210 -1.205543
v 0.068646 -0.611818 -1.196336
v 0.061183 -0.619658 -1.196336
v 0.063482 -0.608167 -1.189597
v 0.056581 -0.615418 -1.189597
v 0.056429 -0.603180 -1.187130
v 0.069298 -0.600149 -1.189597
v 0.061598 -0.596053 -1.187130
v 0.053898 -0.591957 -1.189597
v 0.065713 -0.588365 -1.187130
v 0.057499 -0.585230 -1.189597
v 0.051486 -0.582935 -1.196336
v 0.048261 -0.588959 -1.196336
v 0.049285 -0.582095 -1.205543
v 0.046198 -0.587861 -1.205543
v 0.051486 -0.582935 -1.214749
v 0.048261 -0.588959 -1.214749
v 0.053829 -0.576575 -1.214749
v 0.044212 -0.594543 -1.214749
v 0.042322 -0.593207 -1.205543
v 0.039405 -0.599593 -1.214749
v 0.049375 -0.598194 -1.221488
v 0.044008 -0.603833 -1.221488
v 0.037887 -0.608778 -1.221488
v 0.050294 -0.609625 -1.223955
v 0.043299 -0.615277 -1.223955
v 0.035564 -0.620040 -1.223955
v 0.048712 -0.621776 -1.221488
v 0.040009 -0.627134 -1.221488
v 0.052674 -0.626534 -1.214749
v 0.043263 -0.632327 -1.214749
v 0.054124 -0.628275 -1.205543
v 0.044454 -0.634228 -1.205543
v 0.052674 -0.626534 -1.196336
v 0.043263 -0.632327 -1.196336
v 0.048712 -0.621776 -1.189597
v 0.040009 -0.627134 -1.189597
v 0.043299 -0.615277 -1.187130
v 0.035564 -0.620040 -1.187130
v 0.037887 -0.608778 -1.189597
v 0.050294 -0.609625 -1.187130
v 0.044008 -0.603833 -1.189597
v 0.039405 -0.599593 -1.196336
v 0.049375 -0.598194 -1.189597
v 0.044212 -0.594543 -1.196336
v 0.033925 -0.604021 -1.196336
v 0.037721 -0.598041 -1.205543
v 0.032474 -0.602279 -1.205543
v 0.026673 -0.605851 -1.205543
v 0.033925 -0.604021 -1.214749
v 0.027864 -0.607752 -1.214749
v 0.021326 -0.610723 -1.214749
v 0.031118 -0.612946 -1.221488
v 0.023817 -0.616263 -1.221488
v 0.016108 -0.618674 -1.221488
v 0.027219 -0.623831 -1.223955
v 0.018409 -0.626586 -1.223955
v 0.030622 -0.631399 -1.221488
v 0.020710 -0.634499 -1.221488
v 0.033112 -0.636939 -1.214749
v 0.022395 -0.640291 -1.214749
v 0.034024 -0.638967 -1.205543
v 0.023011 -0.642411 -1.205543
v 0.033112 -0.636939 -1.196336
v 0.022395 -0.640291 -1.196336
v 0.030622 -0.631399 -1.189597
v 0.020710 -0.634499 -1.189597
v 0.027219 -0.623831 -1.187130
v 0.018409 -0.626586 -1.187130
v 0.023817 -0.616263 -1.189597
v 0.016108 -0.618674 -1.189597
v 0.021326 -0.610723 -1.196336
v 0.031118 -0.612946 -1.189597
v 0.027864 -0.607752 -1.196336
v 0.014423 -0.612882 -1.196336
v 0.020415 -0.608695 -1.205543
v 0.013807 -0.610761 -1.205543
v 0.006963 -0.612016 -1.205543
v 0.014423 -0.612882 -1.214749
v 0.007274 -0.614192 -1.214749
v 0.000000 -0.614631 -1.214749
v 0.008123 -0.620137 -1.221488
v 0.000000 -0.620628 -1.221488
v 0.009284 -0.628259 -1.223955
v 0.000000 -0.628819 -1.223955
v 0.010444 -0.636380 -1.221488
v 0.000000 -0.637011 -1.221488
v 0.011294 -0.642326 -1.214749
v 0.000000 -0.643008 -1.214749
v 0.011605 -0.644502 -1.205543
v 0.000000 -0.645203 -1.205543
v 0.011294 -0.642326 -1.196336
v 0.000000 -0.643008 -1.196336
v 0.010444 -0.636380 -1.189597
v 0.000000 -0.637011 -1.189597
v 0.009284 -0.628259 -1.187130
v 0.000000 -0.628819 -1.187130
v 0.008123 -0.620137 -1.189597
v 0.000000 -0.620628 -1.189597
v 0.007274 -0.614192 -1.196336
v 0.000000 -0.614631 -1.196336
v -0.007274 -0.614192 -1.196336
v 0.000000 -0.612436 -1.205543
v -0.006963 -0.612015 -1.205543
v -0.013807 -0.610761 -1.205543
v -0.007274 -0.614192 -1.214749
v -0.014423 -0.612882 -1.214749
v -0.008123 -0.620137 -1.221488
v -0.016108 -0.618674 -1.221488
v -0.009284 -0.628259 -1.223955
v -0.018409 -0.626586 -1.223955
v -0.010445 -0.636380 -1.221488
v -0.020710 -0.634499 -1.221488
v -0.011294 -0.642326 -1.214749
v -0.022395 -0.640291 -1.214749
v -0.011605 -0.644502 -1.205543
v -0.023011 -0.642411 -1.205543
v -0.011294 -0.642326 -1.196336
v -0.022395 -0.640291 -1.196336
v -0.010445 -0.636380 -1.189597
v -0.020710 -0.634499 -1.189597
v -0.009284 -0.628259 -1.187130
v -0.018409 -0.626586 -1.187130
v -0.008123 -0.620137 -1.189597
v -0.016108 -0.618674 -1.189597
v -0.023817 -0.616263 -1.189597
v -0.014423 -0.612882 -1.196336
v -0.021326 -0.610723 -1.196336
v -0.027864 -0.607752 -1.196336
v -0.020415 -0.608695 -1.205543
v -0.026673 -0.605851 -1.205543
v -0.021326 -0.610723 -1.214749
v -0.027864 -0.607752 -1.214749
v -0.023817 -0.616263 -1.221488
v -0.031118 -0.612946 -1.221488
v -0.027219 -0.623831 -1.223955
v -0.035564 -0.620040 -1.223955
v -0.030622 -0.631399 -1.221488
v -0.040009 -0.627134 -1.221488
v -0.033112 -0.636939 -1.214749
v -0.043263 -0.632327 -1.214749
v -0.034024 -0.638967 -1.205543
v -0.044454 -0.634228 -1.205543
v -0.033112 -0.636939 -1.196336
v -0.043263 -0.632327 -1.196336
v -0.030622 -0.631399 -1.189597
v -0.040009 -0.627134 -1.189597
v -0.027219 -0.623831 -1.187130
v -0.035564 -0.620040 -1.187130
v -0.043299 -0.615277 -1.187130
v -0.031118 -0.612946 -1.189597
v -0.037887 -0.608778 -1.189597
v -0.044008 -0.603833 -1.189597
v -0.033925 -0.604021 -1.196336
v -0.039405 -0.599593 -1.196336
v -0.032474 -0.602279 -1.205543
v -0.037721 -0.598041 -1.205543
v -0.033925 -0.604021 -1.214749
v -0.039405 -0.599593 -1.214749
v -0.037887 -0.608778 -1.221488
v -0.044008 -0.603833 -1.221488
v -0.043299 -0.615277 -1.223955
v -0.050294 -0.609625 -1.223955
v -0.048712 -0.621776 -1.221488
v -0.056581 -0.615418 -1.221488
v -0.052674 -0.626534 -1.214749
v -0.061183 -0.619658 -1.214749
v -0.054124 -0.628275 -1.205543
v -0.062868 -0.621210 -1.205543
v -0.052674 -0.626534 -1.196336
v -0.061183 -0.619658 -1.196336
v -0.048712 -0.621776 -1.189597
v -0.056581 -0.615418 -1.189597
v -0.063482 -0.608167 -1.189597
v -0.050294 -0.609625 -1.187130
v -0.056429 -0.603180 -1.187130
v -0.061598 -0.596053 -1.187130
v -0.049375 -0.598194 -1.189597
v -0.053898 -0.591957 -1.189597
v -0.044212 -0.594543 -1.196336
v -0.048261 -0.588959 -1.196336
v -0.042322 -0.593207 -1.205543
v -0.046198 -0.587861 -1.205543
v -0.044212 -0.594543 -1.214749
v -0.048261 -0.588959 -1.214749
v -0.049375 -0.598194 -1.221488
v -0.053898 -0.591957 -1.221488
v -0.056429 -0.603180 -1.223955
v -0.061598 -0.596053 -1.223955
v -0.063482 -0.608167 -1.221488
v -0.069298 -0.600149 -1.221488
v -0.068646 -0.611818 -1.214749
v -0.074934 -0.603147 -1.214749
v -0.070536 -0.613154 -1.205543
v -0.076997 -0.604245 -1.205543
v -0.068646 -0.611818 -1.196336
v -0.074934 -0.603147 -1.196336
v -0.079940 -0.593794 -1.196336
v -0.069298 -0.600149 -1.189597
v -0.073927 -0.591500 -1.189597
v -0.077291 -0.582368 -1.189597
v -0.065713 -0.588365 -1.187130
v -0.068703 -0.580248 -1.187130
v -0.057499 -0.585230 -1.189597
v -0.060116 -0.578127 -1.189597
v -0.051486 -0.582935 -1.196336
v -0.053829 -0.576575 -1.196336
v -0.049285 -0.582095 -1.205543
v -0.051528 -0.576007 -1.205543
v -0.051486 -0.582935 -1.214749
v -0.053829 -0.576575 -1.214749
v -0.057499 -0.585230 -1.221488
v -0.060116 -0.578127 -1.221488
v -0.065713 -0.588365 -1.223955
v -0.068703 -0.580248 -1.223955
v -0.073927 -0.591500 -1.221488
v -0.077291 -0.582368 -1.221488
v -0.079940 -0.593794 -1.214749
v -0.083578 -0.583920 -1.214749
v -0.082141 -0.594634 -1.205543
v -0.085879 -0.584488 -1.205543
v -0.088148 -0.573978 -1.205543
v -0.083578 -0.583920 -1.196336
v -0.085786 -0.573692 -1.196336
v -0.086526 -0.563286 -1.196336
v -0.079333 -0.572909 -1.189597
v -0.080018 -0.563286 -1.189597
v -0.070519 -0.571840 -1.187130
v -0.071127 -0.563286 -1.187130
v -0.061704 -0.570771 -1.189597
v -0.062236 -0.563286 -1.189597
v -0.055251 -0.569988 -1.196336
v -0.055728 -0.563286 -1.196336
v -0.052889 -0.569702 -1.205543
v -0.053345 -0.563286 -1.205543
v -0.055251 -0.569988 -1.214749
v -0.055728 -0.563286 -1.214749
v -0.061704 -0.570771 -1.221488
v -0.062236 -0.563286 -1.221488
v -0.070519 -0.571840 -1.223955
v -0.071127 -0.563286 -1.223955
v -0.079333 -0.572909 -1.221488
v -0.080018 -0.563286 -1.221488
v -0.085786 -0.573692 -1.214749
v -0.086526 -0.563286 -1.214749
v -0.085786 -0.552881 -1.214749
v -0.088909 -0.563286 -1.205543
v -0.088148 -0.552594 -1.205543
v -0.085879 -0.542085 -1.205543
v -0.085786 -0.552881 -1.196336
v -0.083578 -0.542653 -1.196336
v -0.079333 -0.553663 -1.189597
v -0.077291 -0.544205 -1.189597
v -0.070519 -0.554733 -1.187130
v -0.068703 -0.546325 -1.187130
v -0.061704 -0.555802 -1.189597
v -0.060116 -0.548445 -1.189597
v -0.055251 -0.556585 -1.196336
v -0.053829 -0.549997 -1.196336
v -0.052889 -0.556871 -1.205543
v -0.051528 -0.550565 -1.205543
v -0.055251 -0.556585 -1.214749
v -0.053829 -0.549997 -1.214749
v -0.061704 -0.555802 -1.221488
v -0.060116 -0.548445 -1.221488
v -0.070519 -0.554733 -1.223955
v -0.068703 -0.546325 -1.223955
v -0.079333 -0.553663 -1.221488
v -0.077291 -0.544205 -1.221488
v -0.073927 -0.535073 -1.221488
v -0.083578 -0.542653 -1.214749
v -0.079940 -0.532778 -1.214749
v -0.074934 -0.523425 -1.214749
v -0.082141 -0.531938 -1.205543
v -0.076997 -0.522328 -1.205543
v -0.079940 -0.532778 -1.196336
v -0.074934 -0.523425 -1.196336
v -0.073927 -0.535073 -1.189597
v -0.069298 -0.526424 -1.189597
v -0.065713 -0.538208 -1.187130
v -0.061598 -0.530520 -1.187130
v -0.057499 -0.541343 -1.189597
v -0.053898 -0.534616 -1.189597
v -0.051486 -0.543638 -1.196336
v -0.048261 -0.537614 -1.196336
v -0.049285 -0.544477 -1.205543
v -0.046198 -0.538711 -1.205543
v -0.051486 -0.543638 -1.214749
v -0.048261 -0.537614 -1.214749
v -0.057499 -0.541343 -1.221488
v -0.053898 -0.534616 -1.221488
v -0.065713 -0.538208 -1.223955
v -0.061598 -0.530520 -1.223955
v -0.056429 -0.523392 -1.223955
v -0.069298 -0.526424 -1.221488
v -0.063482 -0.518406 -1.221488
v -0.056581 -0.511155 -1.221488
v -0.068646 -0.514755 -1.214749
v -0.061183 -0.506915 -1.214749
v -0.070536 -0.513419 -1.205543
v -0.062868 -0.505363 -1.205543
v -0.068646 -0.514755 -1.196336
v -0.061183 -0.506915 -1.196336
v -0.063482 -0.518406 -1.189597
v -0.056581 -0.511155 -1.189597
v -0.056429 -0.523392 -1.187130
v -0.050294 -0.516948 -1.187130
v -0.049375 -0.528379 -1.189597
v -0.044008 -0.522740 -1.189597
v -0.044212 -0.532030 -1.196336
v -0.039405 -0.526980 -1.196336
v -0.042322 -0.533366 -1.205543
v -0.037721 -0.528532 -1.205543
v -0.044212 -0.532030 -1.214749
v -0.039405 -0.526980 -1.214749
v -0.049375 -0.528379 -1.221488
v -0.044008 -0.522740 -1.221488
v -0.037887 -0.517794 -1.221488
v -0.050294 -0.516948 -1.223955
v -0.043299 -0.511295 -1.223955
v -0.035564 -0.506533 -1.223955
v -0.048712 -0.504797 -1.221488
v -0.040009 -0.499439 -1.221488
v -0.052674 -0.500039 -1.214749
v -0.043263 -0.494246 -1.214749
v -0.054124 -0.498297 -1.205543
v -0.044454 -0.492345 -1.205543
v -0.052674 -0.500039 -1.196336
v -0.043263 -0.494246 -1.196336
v -0.048712 -0.504797 -1.189597
v -0.040009 -0.499439 -1.189597
v -0.043299 -0.511295 -1.187130
v -0.035564 -0.506533 -1.187130
v -0.037887 -0.517794 -1.189597
v -0.031118 -0.513627 -1.189597
v -0.033925 -0.522552 -1.196336
v -0.027864 -0.518820 -1.196336
v -0.032474 -0.524293 -1.205543
v -0.026673 -0.520721 -1.205543
v -0.033925 -0.522552 -1.214749
v -0.027864 -0.518820 -1.214749
v -0.021326 -0.515850 -1.214749
v -0.031118 -0.513627 -1.221488
v -0.023817 -0.510310 -1.221488
v -0.016108 -0.507899 -1.221488
v -0.027219 -0.502742 -1.223955
v -0.018409 -0.499986 -1.223955
v -0.030622 -0.495173 -1.221488
v -0.020710 -0.492074 -1.221488
v -0.033112 -0.489633 -1.214749
v -0.022395 -0.486281 -1.214749
v -0.034024 -0.487605 -1.205543
v -0.023011 -0.484161 -1.205543
v -0.033112 -0.489633 -1.196336
v -0.022395 -0.486281 -1.196336
v -0.030622 -0.495173 -1.189597
v -0.020710 -0.492074 -1.189597
v -0.027219 -0.502742 -1.187130
v -0.018409 -0.499986 -1.187130
v -0.023817 -0.510310 -1.189597
v -0.016108 -0.507899 -1.189597
v -0.021326 -0.515850 -1.196336
v -0.014423 -0.513691 -1.196336
v -0.020415 -0.517878 -1.205543
v -0.013807 -0.515811 -1.205543
v -0.006963 -0.514557 -1.205543
v -0.014423 -0.513691 -1.214749
v -0.007274 -0.512381 -1.214749
v 0.000000 -0.511941 -1.214749
v -0.008123 -0.506435 -1.221488
v 0.000000 -0.505945 -1.221488
v -0.009284 -0.498314 -1.223955
v 0.000000 -0.497753 -1.223955
v -0.010444 -0.490192 -1.221488
v 0.000000 -0.489562 -1.221488
v -0.011294 -0.484247 -1.214749
v 0.000000 -0.483565 -1.214749
v -0.011605 -0.482071 -1.205543
v 0.000000 -0.481370 -1.205543
v -0.011294 -0.484247 -1.196336
v 0.000000 -0.483565 -1.196336
v -0.010444 -0.490192 -1.189597
v 0.000000 -0.489562 -1.189597
v -0.009284 -0.498314 -1.187130
v 0.000000 -0.497753 -1.187130
v -0.008123 -0.506435 -1.189597
v 0.000000 -0.505945 -1.189597
v -0.007274 -0.512381 -1.196336
v 0.000000 -0.511941 -1.196336
v 0.007274 -0.512381 -1.196336
v 0.000000 -0.514136 -1.205543
v 0.006963 -0.514557 -1.205543
v 0.013807 -0.515811 -1.205543
v 0.007274 -0.512381 -1.214749
v 0.014423 -0.513691 -1.214749
v 0.008123 -0.506435 -1.221488
v 0.016108 -0.507899 -1.221488
v 0.009284 -0.498314 -1.223955
v 0.018409 -0.499986 -1.223955
v 0.010444 -0.490192 -1.221488
v 0.020710 -0.492074 -1.221488
v 0.011294 -0.484247 -1.214749
v 0.022395 -0.486281 -1.214749
v 0.011605 -0.482071 -1.205543
v 0.023011 -0.484161 -1.205543
v 0.011294 -0.484247 -1.196336
v 0.022395 -0.486281 -1.196336
v 0.010444 -0.490192 -1.189597
v 0.020710 -0.492074 -1.189597
v 0.009284 -0.498314 -1.187130
v 0.018409 -0.499986 -1.187130
v 0.008123 -0.506435 -1.189597
v 0.016108 -0.507899 -1.189597
v 0.023817 -0.510310 -1.189597
v 0.014423 -0.513691 -1.196336
v 0.021326 -0.515850 -1.196336
v 0.027864 -0.518820 -1.196336
v 0.020415 -0.517878 -1.205543
v 0.026673 -0.520721 -1.205543
v 0.021326 -0.515850 -1.214749
v 0.027864 -0.518820 -1.214749
v 0.023817 -0.510310 -1.221488
v 0.031118 -0.513627 -1.221488
v 0.027219 -0.502742 -1.223955
v 0.035564 -0.506533 -1.223955
v 0.030622 -0.495173 -1.221488
v 0.040009 -0.499439 -1.221488
v 0.033112 -0.489633 -1.214749
v 0.043263 -0.494246 -1.214749
v 0.034024 -0.487605 -1.205543
v 0.044454 -0.492345 -1.205543
v 0.033112 -0.489633 -1.196336
v 0.043263 -0.494246 -1.196336
v 0.030622 -0.495173 -1.189597
v 0.040009 -0.499439 -1.189597
v 0.027219 -0.502742 -1.187130
v 0.035564 -0.506533 -1.187130
v 0.043299 -0.511295 -1.187130
v 0.031118 -0.513627 -1.189597
v 0.037887 -0.517794 -1.189597
v 0.044008 -0.522740 -1.189597
v 0.033925 -0.522552 -1.196336
v 0.039405 -0.526980 -1.196336
v 0.032474 -0.524293 -1.205543
v 0.037721 -0.528532 -1.205543
v 0.033925 -0.522552 -1.214749
v 0.039405 -0.526980 -1.214749
v 0.037887 -0.517794 -1.221488
v 0.044008 -0.522740 -1.221488
v 0.043299 -0.511295 -1.223955
v 0.050294 -0.516947 -1.223955
v 0.048712 -0.504797 -1.221488
v 0.056581 -0.511155 -1.221488
v 0.052674 -0.500039 -1.214749
v 0.061183 -0.506915 -1.214749
v 0.054124 -0.498298 -1.205543
v 0.062868 -0.505363 -1.205543
v 0.052674 -0.500039 -1.196336
v 0.061183 -0.506915 -1.196336
v 0.048712 -0.504797 -1.189597
v 0.056581 -0.511155 -1.189597
v 0.063482 -0.518406 -1.189597
v 0.050294 -0.516947 -1.187130
v 0.056429 -0.523392 -1.187130
v 0.061598 -0.530520 -1.187130
v 0.049375 -0.528379 -1.189597
v 0.053898 -0.534616 -1.189597
v 0.044212 -0.532030 -1.196336
v 0.048261 -0.537614 -1.196336
v 0.042322 -0.533366 -1.205543
v 0.046198 -0.538711 -1.205543
v 0.044212 -0.532030 -1.214749
v 0.048261 -0.537614 -1.214749
v 0.049375 -0.528379 -1.221488
v 0.053898 -0.534616 -1.221488
v 0.056429 -0.523392 -1.223955
v 0.061598 -0.530520 -1.223955
v 0.063482 -0.518406 -1.221488
v 0.069298 -0.526424 -1.221488
v 0.068646 -0.514755 -1.214749
v 0.074934 -0.523425 -1.214749
v 0.070536 -0.513419 -1.205543
v 0.076997 -0.522328 -1.205543
v 0.068646 -0.514755 -1.196336
v 0.074934 -0.523425 -1.196336
v 0.079940 -0.532778 -1.196336
v 0.069298 -0.526424 -1.189597
v 0.073927 -0.535073 -1.189597
v 0.077291 -0.544205 -1.189597
v 0.065713 -0.538208 -1.187130
v 0.068703 -0.546325 -1.187130
v 0.057499 -0.541343 -1.189597
v 0.060116 -0.548445 -1.189597
v 0.051486 -0.543638 -1.196336
v 0.053829 -0.549997 -1.196336
v 0.049285 -0.544477 -1.205543
v 0.051528 -0.550565 -1.205543
v 0.051486 -0.543638 -1.214749
v 0.053829 -0.549997 -1.214749
v 0.057499 -0.541343 -1.221488
v 0.060116 -0.548445 -1.221488
v 0.065713 -0.538208 -1.223955
v 0.068703 -0.546325 -1.223955
v 0.073927 -0.535073 -1.221488
v 0.077291 -0.544205 -1.221488
v 0.079940 -0.532778 -1.214749
v 0.083578 -0.542653 -1.214749
v 0.082141 -0.531938 -1.205543
v 0.085879 -0.542085 -1.205543
v 0.083578 -0.542653 -1.196336
v 0.085786 -0.552881 -1.196336
v 0.085786 -0.552881 -1.214749
v 0.079333 -0.553663 -1.221488
v 0.070519 -0.554733 -1.223955
v 0.080018 -0.563286 -1.221488
v 0.055251 -0.556585 -1.196336
v 0.053300 -0.562784 -1.409040
v 0.052276 -0.572364 -1.409040
v 0.052276 -0.553203 -1.409040
v 0.053300 -0.562784 -1.116824
v 0.053300 -0.524404 -0.824609
v 0.052276 -0.572364 -1.116824
v 0.052276 -0.553203 -1.116824
v 0.052276 -0.514824 -0.824609
v 0.049243 -0.543991 -1.116824
v 0.049243 -0.543991 -1.409040
v 0.049243 -0.505611 -0.824609
v 0.044317 -0.535501 -1.116824
v 0.044317 -0.535501 -1.409040
v 0.044317 -0.497121 -0.824609
v 0.037689 -0.528059 -1.116824
v 0.037689 -0.528059 -1.409040
v 0.037689 -0.489679 -0.824609
v 0.029612 -0.521952 -1.116824
v 0.029612 -0.521952 -1.409040
v 0.029612 -0.483572 -0.824609
v 0.020397 -0.517413 -1.116824
v 0.020397 -0.517413 -1.409040
v 0.020397 -0.479034 -0.824609
v 0.010398 -0.514619 -1.116824
v 0.010398 -0.514619 -1.409040
v 0.010398 -0.476239 -0.824609
v 0.000000 -0.513675 -1.116824
v 0.000000 -0.513675 -1.409040
v 0.000000 -0.475296 -0.824609
v -0.010398 -0.514619 -1.116824
v -0.010398 -0.514619 -1.409040
v -0.010398 -0.476239 -0.824609
v -0.020397 -0.517413 -1.116824
v -0.020397 -0.517413 -1.409040
v -0.020397 -0.479034 -0.824609
v -0.029612 -0.521952 -1.116824
v -0.029612 -0.521952 -1.409040
v -0.029612 -0.483572 -0.824609
v -0.037689 -0.528059 -1.116824
v -0.037689 -0.528059 -1.409040
v -0.037689 -0.489679 -0.824609
v -0.044317 -0.535501 -1.116824
v -0.044317 -0.535501 -1.409040
v -0.044317 -0.497121 -0.824609
v -0.049243 -0.543991 -1.116824
v -0.049243 -0.543991 -1.409040
v -0.049243 -0.505611 -0.824609
v -0.052276 -0.553203 -1.116824
v -0.052276 -0.553203 -1.409040
v -0.052276 -0.514824 -0.824609
v -0.053300 -0.562784 -1.116824
v -0.053300 -0.562784 -1.409040
v -0.053300 -0.524404 -0.824609
v -0.052276 -0.572364 -1.116824
v -0.052276 -0.572364 -1.409040
v -0.052276 -0.533984 -0.824609
v -0.049243 -0.581577 -1.116824
v -0.049243 -0.581577 -1.409040
v -0.049243 -0.543197 -0.824609
v -0.044317 -0.590067 -1.116824
v -0.044317 -0.590067 -1.409040
v -0.044317 -0.551687 -0.824609
v -0.037689 -0.597509 -1.116824
v -0.037689 -0.597509 -1.409040
v -0.037689 -0.559129 -0.824609
v -0.029612 -0.603616 -1.116824
v -0.029612 -0.603616 -1.409040
v -0.029612 -0.565236 -0.824609
v -0.020397 -0.608154 -1.116824
v -0.020397 -0.608154 -1.409040
v -0.020397 -0.569774 -0.824609
v -0.010398 -0.610949 -1.116824
v -0.010398 -0.610949 -1.409040
v -0.010398 -0.572569 -0.824609
v 0.000000 -0.611892 -1.116824
v 0.000000 -0.611892 -1.409040
v 0.000000 -0.573512 -0.824609
v 0.010398 -0.610949 -1.116824
v 0.010398 -0.610949 -1.409040
v 0.010398 -0.572569 -0.824609
v 0.020397 -0.608154 -1.116824
v 0.020397 -0.608154 -1.409040
v 0.020397 -0.569774 -0.824609
v 0.029612 -0.603616 -1.116824
v 0.029612 -0.603616 -1.409040
v 0.029612 -0.565236 -0.824609
v 0.037689 -0.597509 -1.116824
v 0.037689 -0.597509 -1.409040
v 0.037689 -0.559129 -0.824609
v 0.044317 -0.590067 -1.116824
v 0.044317 -0.590067 -1.409040
v 0.044317 -0.551687 -0.824609
v 0.049243 -0.581577 -1.116824
v 0.049243 -0.581577 -1.409040
v 0.049243 -0.543197 -0.824609
v 0.049243 -0.416457 -0.602541
v 0.052276 -0.533984 -0.824609
v 0.052276 -0.409086 -0.607474
v 0.052276 -0.110084 -0.348174
v 0.053300 -0.401420 -0.612603
v 0.053300 -0.102418 -0.353303
v 0.052276 -0.393754 -0.617732
v 0.052276 -0.094753 -0.358432
v 0.049243 -0.386383 -0.622664
v 0.049243 -0.087381 -0.363365
v 0.044317 -0.379590 -0.627210
v 0.044317 -0.080588 -0.367910
v 0.037689 -0.373635 -0.631194
v 0.037689 -0.074634 -0.371894
v 0.029612 -0.368749 -0.634463
v 0.029612 -0.069747 -0.375164
v 0.020397 -0.365118 -0.636893
v 0.020397 -0.066116 -0.377593
v 0.010398 -0.362882 -0.638389
v 0.010398 -0.063880 -0.379090
v 0.000000 -0.362127 -0.638894
v 0.000000 -0.063125 -0.379595
v -0.010398 -0.362882 -0.638389
v -0.010398 -0.063880 -0.379090
v -0.020397 -0.365118 -0.636893
v -0.020397 -0.066116 -0.377593
v -0.029612 -0.368749 -0.634463
v -0.029612 -0.069747 -0.375164
v -0.037689 -0.373635 -0.631194
v -0.037689 -0.074634 -0.371894
v -0.044317 -0.379590 -0.627210
v -0.044317 -0.080588 -0.367910
v -0.049243 -0.386383 -0.622664
v -0.049243 -0.087381 -0.363365
v -0.052276 -0.393754 -0.617732
v -0.052276 -0.094753 -0.358432
v -0.053300 -0.401420 -0.612603
v -0.053300 -0.102418 -0.353303
v -0.052276 -0.409086 -0.607474
v -0.052276 -0.110084 -0.348174
v -0.049243 -0.416457 -0.602541
v -0.049243 -0.117455 -0.343241
v -0.044317 -0.423250 -0.597996
v -0.044317 -0.124248 -0.338696
v -0.037689 -0.429204 -0.594011
v -0.037689 -0.130203 -0.334712
v -0.029612 -0.434091 -0.590742
v -0.029612 -0.135089 -0.331442
v -0.020397 -0.437722 -0.588312
v -0.020397 -0.138720 -0.329013
v -0.010398 -0.439958 -0.586816
v -0.010398 -0.140956 -0.327516
v 0.000000 -0.440713 -0.586311
v 0.000000 -0.141711 -0.327011
v 0.010398 -0.439958 -0.586816
v 0.010398 -0.140956 -0.327516
v 0.020397 -0.437722 -0.588312
v 0.020397 -0.138720 -0.329013
v 0.029612 -0.434091 -0.590742
v 0.029612 -0.135089 -0.331442
v 0.037689 -0.429204 -0.594011
v 0.037689 -0.130203 -0.334712
v 0.044317 -0.423250 -0.597996
v 0.044317 -0.124248 -0.338696
v 0.049243 -0.117455 -0.343241
v 0.106691 -0.563286 -1.238285
v 0.103832 -0.563286 -1.229079
v 0.105778 -0.550456 -1.238285
v 0.103832 -0.563286 -1.247491
v 0.105778 -0.576117 -1.238285
v 0.103055 -0.588728 -1.238285
v 0.102944 -0.575773 -1.229079
v 0.102944 -0.575773 -1.247491
v 0.095200 -0.574834 -1.254231
v 0.100294 -0.588046 -1.247491
v 0.092750 -0.586184 -1.254231
v 0.095928 -0.599896 -1.247491
v 0.088712 -0.597142 -1.254231
v 0.089921 -0.611119 -1.247491
v 0.098569 -0.600904 -1.238285
v 0.092397 -0.612436 -1.238285
v 0.095928 -0.599896 -1.229079
v 0.089921 -0.611119 -1.229079
v 0.088712 -0.597142 -1.222339
v 0.100294 -0.588046 -1.229079
v 0.092750 -0.586184 -1.222339
v 0.082444 -0.583640 -1.219873
v 0.095200 -0.574834 -1.222339
v 0.084622 -0.573551 -1.219873
v 0.096022 -0.563286 -1.222339
v 0.095200 -0.551739 -1.222339
v 0.085352 -0.563286 -1.219873
v 0.084622 -0.553022 -1.219873
v 0.074683 -0.563286 -1.222339
v 0.074044 -0.554305 -1.222339
v 0.066873 -0.563286 -1.229079
v 0.074044 -0.572268 -1.222339
v 0.072138 -0.581096 -1.222339
v 0.066301 -0.571329 -1.229079
v 0.064594 -0.579233 -1.229079
v 0.063467 -0.570985 -1.238285
v 0.061833 -0.578551 -1.238285
v 0.066301 -0.571329 -1.247491
v 0.064014 -0.563286 -1.238285
v 0.063467 -0.555588 -1.238285
v 0.066873 -0.563286 -1.247491
v 0.066301 -0.555244 -1.247491
v 0.074683 -0.563286 -1.254231
v 0.074044 -0.554305 -1.254231
v 0.085352 -0.563286 -1.256698
v 0.074044 -0.572268 -1.254231
v 0.072138 -0.581096 -1.254231
v 0.084622 -0.573551 -1.256698
v 0.082444 -0.583640 -1.256698
v 0.078855 -0.593380 -1.256698
v 0.068999 -0.589619 -1.254231
v 0.073917 -0.602606 -1.256698
v 0.064678 -0.597691 -1.254231
v 0.067715 -0.611159 -1.256698
v 0.083157 -0.607521 -1.254231
v 0.076179 -0.617143 -1.254231
v 0.067898 -0.625844 -1.254231
v 0.082375 -0.621524 -1.247491
v 0.073420 -0.630932 -1.247491
v 0.084643 -0.623128 -1.238285
v 0.075442 -0.632795 -1.238285
v 0.082375 -0.621524 -1.229079
v 0.073420 -0.630932 -1.229079
v 0.076179 -0.617143 -1.222339
v 0.067898 -0.625844 -1.222339
v 0.067715 -0.611159 -1.219873
v 0.083157 -0.607521 -1.222339
v 0.073917 -0.602606 -1.219873
v 0.064678 -0.597691 -1.222339
v 0.078855 -0.593380 -1.219873
v 0.068999 -0.589619 -1.222339
v 0.061783 -0.586865 -1.229079
v 0.057914 -0.594093 -1.229079
v 0.059141 -0.585857 -1.238285
v 0.055438 -0.592776 -1.238285
v 0.061783 -0.586865 -1.247491
v 0.057914 -0.594093 -1.247491
v 0.064594 -0.579233 -1.247491
v 0.053054 -0.600794 -1.247491
v 0.050786 -0.599191 -1.238285
v 0.047286 -0.606854 -1.247491
v 0.059250 -0.605175 -1.254231
v 0.052809 -0.611942 -1.254231
v 0.045464 -0.617877 -1.254231
v 0.060353 -0.618893 -1.256698
v 0.051959 -0.625675 -1.256698
v 0.042676 -0.631390 -1.256698
v 0.058454 -0.633474 -1.254231
v 0.048011 -0.639903 -1.254231
v 0.063209 -0.639183 -1.247491
v 0.051916 -0.646135 -1.247491
v 0.064949 -0.641273 -1.238285
v 0.053345 -0.648416 -1.238285
v 0.063209 -0.639183 -1.229079
v 0.051916 -0.646135 -1.229079
v 0.058454 -0.633474 -1.222339
v 0.048011 -0.639903 -1.222339
v 0.051959 -0.625675 -1.219873
v 0.042676 -0.631390 -1.219873
v 0.045464 -0.617877 -1.222339
v 0.060353 -0.618893 -1.219873
v 0.052809 -0.611942 -1.222339
v 0.047286 -0.606854 -1.229079
v 0.059250 -0.605175 -1.222339
v 0.053054 -0.600794 -1.229079
v 0.040710 -0.612168 -1.229079
v 0.045265 -0.604991 -1.238285
v 0.038969 -0.610078 -1.238285
v 0.032007 -0.614365 -1.238285
v 0.040710 -0.612168 -1.247491
v 0.033436 -0.616645 -1.247491
v 0.025591 -0.620210 -1.247491
v 0.037342 -0.622877 -1.254231
v 0.028580 -0.626858 -1.254231
v 0.019329 -0.629751 -1.254231
v 0.032663 -0.635940 -1.256698
v 0.022091 -0.639246 -1.256698
v 0.036746 -0.645022 -1.254231
v 0.024852 -0.648741 -1.254231
v 0.039735 -0.651670 -1.247491
v 0.026874 -0.655692 -1.247491
v 0.040829 -0.654103 -1.238285
v 0.027614 -0.658237 -1.238285
v 0.039735 -0.651670 -1.229079
v 0.026874 -0.655692 -1.229079
v 0.036746 -0.645021 -1.222339
v 0.024852 -0.648741 -1.222339
v 0.032663 -0.635940 -1.219873
v 0.022091 -0.639246 -1.219873
v 0.028580 -0.626858 -1.222339
v 0.019329 -0.629751 -1.222339
v 0.025591 -0.620210 -1.229079
v 0.037342 -0.622877 -1.222339
v 0.033436 -0.616645 -1.229079
v 0.017308 -0.622801 -1.229079
v 0.024497 -0.617776 -1.238285
v 0.016568 -0.620257 -1.238285
v 0.008356 -0.621762 -1.238285
v 0.017308 -0.622801 -1.247491
v 0.008729 -0.624373 -1.247491
v 0.000000 -0.624900 -1.247491
v 0.009748 -0.631507 -1.254231
v 0.000000 -0.632096 -1.254231
v 0.011141 -0.641253 -1.256698
v 0.000000 -0.641926 -1.256698
v 0.012533 -0.650999 -1.254231
v 0.000000 -0.651756 -1.254231
v 0.013553 -0.658134 -1.247491
v 0.000000 -0.658952 -1.247491
v 0.013926 -0.660745 -1.238285
v 0.000000 -0.661586 -1.238285
v 0.013553 -0.658134 -1.229079
v 0.000000 -0.658952 -1.229079
v 0.012533 -0.650999 -1.222339
v 0.000000 -0.651756 -1.222339
v 0.011141 -0.641253 -1.219873
v 0.000000 -0.641926 -1.219873
v 0.009748 -0.631507 -1.222339
v 0.000000 -0.632096 -1.222339
v 0.008729 -0.624373 -1.229079
v 0.000000 -0.624900 -1.229079
v -0.008729 -0.624373 -1.229079
v 0.000000 -0.622266 -1.238285
v -0.008356 -0.621762 -1.238285
v -0.016568 -0.620257 -1.238285
v -0.008729 -0.624373 -1.247491
v -0.017308 -0.622801 -1.247491
v -0.009748 -0.631507 -1.254231
v -0.019329 -0.629751 -1.254231
v -0.011141 -0.641253 -1.256698
v -0.022091 -0.639246 -1.256698
v -0.012533 -0.650999 -1.254231
v -0.024852 -0.648741 -1.254231
v -0.013553 -0.658134 -1.247491
v -0.026874 -0.655692 -1.247491
v -0.013926 -0.660745 -1.238285
v -0.027614 -0.658237 -1.238285
v -0.013553 -0.658134 -1.229079
v -0.026874 -0.655692 -1.229079
v -0.012533 -0.650999 -1.222339
v -0.024852 -0.648741 -1.222339
v -0.011141 -0.641253 -1.219873
v -0.022091 -0.639246 -1.219873
v -0.009748 -0.631507 -1.222339
v -0.019329 -0.629751 -1.222339
v -0.028580 -0.626858 -1.222339
v -0.017308 -0.622801 -1.229079
v -0.025591 -0.620210 -1.229079
v -0.033436 -0.616645 -1.229079
v -0.024497 -0.617776 -1.238285
v -0.032007 -0.614365 -1.238285
v -0.025591 -0.620210 -1.247491
v -0.033436 -0.616645 -1.247491
v -0.028580 -0.626858 -1.254231
v -0.037342 -0.622877 -1.254231
v -0.032663 -0.635940 -1.256698
v -0.042676 -0.631390 -1.256698
v -0.036746 -0.645022 -1.254231
v -0.048011 -0.639903 -1.254231
v -0.039735 -0.651670 -1.247491
v -0.051916 -0.646135 -1.247491
v -0.040829 -0.654103 -1.238285
v -0.053345 -0.648416 -1.238285
v -0.039735 -0.651670 -1.229079
v -0.051916 -0.646135 -1.229079
v -0.036746 -0.645021 -1.222339
v -0.048011 -0.639903 -1.222339
v -0.032663 -0.635940 -1.219873
v -0.042676 -0.631390 -1.219873
v -0.051959 -0.625675 -1.219873
v -0.037342 -0.622877 -1.222339
v -0.045464 -0.617877 -1.222339
v -0.052809 -0.611942 -1.222339
v -0.040710 -0.612168 -1.229079
v -0.047286 -0.606854 -1.229079
v -0.038969 -0.610078 -1.238285
v -0.045265 -0.604991 -1.238285
v -0.040710 -0.612168 -1.247491
v -0.047286 -0.606854 -1.247491
v -0.045464 -0.617877 -1.254231
v -0.052809 -0.611942 -1.254231
v -0.051959 -0.625675 -1.256698
v -0.060353 -0.618893 -1.256698
v -0.058454 -0.633474 -1.254231
v -0.067898 -0.625844 -1.254231
v -0.063209 -0.639183 -1.247491
v -0.073420 -0.630932 -1.247491
v -0.064949 -0.641273 -1.238285
v -0.075442 -0.632795 -1.238285
v -0.063209 -0.639183 -1.229079
v -0.073420 -0.630932 -1.229079
v -0.058454 -0.633474 -1.222339
v -0.067898 -0.625844 -1.222339
v -0.076179 -0.617143 -1.222339
v -0.060353 -0.618893 -1.219873
v -0.067715 -0.611159 -1.219873
v -0.073917 -0.602606 -1.219873
v -0.059250 -0.605175 -1.222339
v -0.064678 -0.597691 -1.222339
v -0.053054 -0.600794 -1.229079
v -0.057914 -0.594093 -1.229079
v -0.050786 -0.599191 -1.238285
v -0.055438 -0.592776 -1.238285
v -0.053054 -0.600794 -1.247491
v -0.057914 -0.594093 -1.247491
v -0.059250 -0.605175 -1.254231
v -0.064678 -0.597691 -1.254231
v -0.067715 -0.611159 -1.256698
v -0.073917 -0.602606 -1.256698
v -0.076179 -0.617143 -1.254231
v -0.083157 -0.607521 -1.254231
v -0.082375 -0.621524 -1.247491
v -0.089921 -0.611119 -1.247491
v -0.084643 -0.623128 -1.238285
v -0.092397 -0.612436 -1.238285
v -0.082375 -0.621524 -1.229079
v -0.089921 -0.611119 -1.229079
v -0.095928 -0.599896 -1.229079
v -0.083157 -0.607521 -1.222339
v -0.088712 -0.597142 -1.222339
v -0.092750 -0.586184 -1.222339
v -0.078855 -0.593380 -1.219873
v -0.082444 -0.583640 -1.219873
v -0.068999 -0.589619 -1.222339
v -0.072138 -0.581096 -1.222339
v -0.061783 -0.586865 -1.229079
v -0.064594 -0.579233 -1.229079
v -0.059141 -0.585857 -1.238285
v -0.061833 -0.578551 -1.238285
v -0.061783 -0.586865 -1.247491
v -0.064594 -0.579233 -1.247491
v -0.068999 -0.589619 -1.254231
v -0.072138 -0.581096 -1.254231
v -0.078855 -0.593380 -1.256698
v -0.082444 -0.583640 -1.256698
v -0.088712 -0.597142 -1.254231
v -0.092750 -0.586184 -1.254231
v -0.095928 -0.599896 -1.247491
v -0.100294 -0.588046 -1.247491
v -0.098569 -0.600904 -1.238285
v -0.103055 -0.588728 -1.238285
v -0.105778 -0.576117 -1.238285
v -0.100294 -0.588046 -1.229079
v -0.102944 -0.575773 -1.229079
v -0.103832 -0.563286 -1.229079
v -0.095200 -0.574834 -1.222339
v -0.096022 -0.563286 -1.222339
v -0.084622 -0.573551 -1.219873
v -0.085352 -0.563286 -1.219873
v -0.074044 -0.572268 -1.222339
v -0.074683 -0.563286 -1.222339
v -0.066301 -0.571329 -1.229079
v -0.066873 -0.563286 -1.229079
v -0.063467 -0.570985 -1.238285
v -0.064014 -0.563286 -1.238285
v -0.066301 -0.571329 -1.247491
v -0.066873 -0.563286 -1.247491
v -0.074044 -0.572268 -1.254231
v -0.074683 -0.563286 -1.254231
v -0.084622 -0.573551 -1.256698
v -0.085352 -0.563286 -1.256698
v -0.095200 -0.574834 -1.254231
v -0.096022 -0.563286 -1.254231
v -0.102944 -0.575773 -1.247491
v -0.103832 -0.563286 -1.247491
v -0.102944 -0.550800 -1.247491
v -0.106691 -0.563286 -1.238285
v -0.105778 -0.550456 -1.238285
v -0.103055 -0.537845 -1.238285
v -0.102944 -0.550800 -1.229079
v -0.100294 -0.538526 -1.229079
v -0.095200 -0.551739 -1.222339
v -0.092750 -0.540389 -1.222339
v -0.084622 -0.553022 -1.219873
v -0.082444 -0.542933 -1.219873
v -0.074044 -0.554305 -1.222339
v -0.072138 -0.545477 -1.222339
v -0.066301 -0.555244 -1.229079
v -0.064594 -0.547339 -1.229079
v -0.063467 -0.555588 -1.238285
v -0.061833 -0.548021 -1.238285
v -0.066301 -0.555244 -1.247491
v -0.064594 -0.547339 -1.247491
v -0.074044 -0.554305 -1.254231
v -0.072138 -0.545477 -1.254231
v -0.084622 -0.553022 -1.256698
v -0.082444 -0.542933 -1.256698
v -0.095200 -0.551739 -1.254231
v -0.092750 -0.540389 -1.254231
v -0.088712 -0.529431 -1.254231
v -0.100294 -0.538526 -1.247491
v -0.095928 -0.526677 -1.247491
v -0.089921 -0.515453 -1.247491
v -0.098569 -0.525669 -1.238285
v -0.092397 -0.514136 -1.238285
v -0.095928 -0.526677 -1.229079
v -0.089921 -0.515453 -1.229079
v -0.088712 -0.529431 -1.222339
v -0.083157 -0.519051 -1.222339
v -0.078855 -0.533192 -1.219873
v -0.073917 -0.523966 -1.219873
v -0.068999 -0.536954 -1.222339
v -0.064678 -0.528881 -1.222339
v -0.061783 -0.539708 -1.229079
v -0.057914 -0.532480 -1.229079
v -0.059141 -0.540716 -1.238285
v -0.055438 -0.533796 -1.238285
v -0.061783 -0.539708 -1.247491
v -0.057914 -0.532480 -1.247491
v -0.068999 -0.536954 -1.254231
v -0.064678 -0.528881 -1.254231
v -0.078855 -0.533192 -1.256698
v -0.073917 -0.523966 -1.256698
v -0.067715 -0.515414 -1.256698
v -0.083157 -0.519051 -1.254231
v -0.076179 -0.509429 -1.254231
v -0.067898 -0.500729 -1.254231
v -0.082375 -0.505049 -1.247491
v -0.073420 -0.495640 -1.247491
v -0.084643 -0.503445 -1.238285
v -0.075442 -0.493778 -1.238285
v -0.082375 -0.505049 -1.229079
v -0.073420 -0.495640 -1.229079
v -0.076179 -0.509429 -1.222339
v -0.067898 -0.500729 -1.222339
v -0.067715 -0.515414 -1.219873
v -0.060353 -0.507680 -1.219873
v -0.059250 -0.521398 -1.222339
v -0.052809 -0.514631 -1.222339
v -0.053054 -0.525778 -1.229079
v -0.047286 -0.519719 -1.229079
v -0.050786 -0.527382 -1.238285
v -0.045265 -0.521581 -1.238285
v -0.053054 -0.525778 -1.247491
v -0.047286 -0.519719 -1.247491
v -0.059250 -0.521398 -1.254231
v -0.052809 -0.514631 -1.254231
v -0.045464 -0.508696 -1.254231
v -0.060353 -0.507680 -1.256698
v -0.051959 -0.500897 -1.256698
v -0.042676 -0.495182 -1.256698
v -0.058454 -0.493099 -1.254231
v -0.048011 -0.486669 -1.254231
v -0.063209 -0.487389 -1.247491
v -0.051916 -0.480437 -1.247491
v -0.064949 -0.485300 -1.238285
v -0.053345 -0.478156 -1.238285
v -0.063209 -0.487389 -1.229079
v -0.051916 -0.480437 -1.229079
v -0.058454 -0.493099 -1.222339
v -0.048011 -0.486669 -1.222339
v -0.051959 -0.500897 -1.219873
v -0.042676 -0.495182 -1.219873
v -0.045464 -0.508696 -1.222339
v -0.037342 -0.503695 -1.222339
v -0.040710 -0.514405 -1.229079
v -0.033436 -0.509927 -1.229079
v -0.038969 -0.516494 -1.238285
v -0.032007 -0.512208 -1.238285
v -0.040710 -0.514405 -1.247491
v -0.033436 -0.509927 -1.247491
v -0.025591 -0.506363 -1.247491
v -0.037342 -0.503695 -1.254231
v -0.028580 -0.499714 -1.254231
v -0.019329 -0.496821 -1.254231
v -0.032663 -0.490633 -1.256698
v -0.022091 -0.487326 -1.256698
v -0.036746 -0.481551 -1.254231
v -0.024852 -0.477831 -1.254231
v -0.039735 -0.474903 -1.247491
v -0.026874 -0.470880 -1.247491
v -0.040829 -0.472469 -1.238285
v -0.027614 -0.468336 -1.238285
v -0.039735 -0.474903 -1.229079
v -0.026874 -0.470880 -1.229079
v -0.036746 -0.481551 -1.222339
v -0.024852 -0.477831 -1.222339
v -0.032663 -0.490633 -1.219873
v -0.022091 -0.487326 -1.219873
v -0.028580 -0.499714 -1.222339
v -0.019329 -0.496821 -1.222339
v -0.025591 -0.506363 -1.229079
v -0.017308 -0.503772 -1.229079
v -0.024497 -0.508796 -1.238285
v -0.016568 -0.506316 -1.238285
v -0.008356 -0.504811 -1.238285
v -0.017308 -0.503772 -1.247491
v -0.008729 -0.502200 -1.247491
v 0.000000 -0.501672 -1.247491
v -0.009748 -0.495065 -1.254231
v 0.000000 -0.494477 -1.254231
v -0.011141 -0.485319 -1.256698
v 0.000000 -0.484647 -1.256698
v -0.012533 -0.475574 -1.254231
v 0.000000 -0.474817 -1.254231
v -0.013553 -0.468439 -1.247491
v 0.000000 -0.467620 -1.247491
v -0.013926 -0.465828 -1.238285
v 0.000000 -0.464987 -1.238285
v -0.013553 -0.468439 -1.229079
v 0.000000 -0.467620 -1.229079
v -0.012533 -0.475574 -1.222339
v 0.000000 -0.474817 -1.222339
v -0.011141 -0.485319 -1.219873
v 0.000000 -0.484647 -1.219873
v -0.009748 -0.495065 -1.222339
v 0.000000 -0.494477 -1.222339
v -0.008729 -0.502200 -1.229079
v 0.000000 -0.501672 -1.229079
v 0.008729 -0.502200 -1.229079
v 0.000000 -0.504306 -1.238285
v 0.008356 -0.504811 -1.238285
v 0.016568 -0.506316 -1.238285
v 0.008729 -0.502200 -1.247491
v 0.017308 -0.503772 -1.247491
v 0.009748 -0.495065 -1.254231
v 0.019329 -0.496821 -1.254231
v 0.011141 -0.485319 -1.256698
v 0.022091 -0.487326 -1.256698
v 0.012533 -0.475574 -1.254231
v 0.024852 -0.477831 -1.254231
v 0.013553 -0.468439 -1.247491
v 0.026874 -0.470880 -1.247491
v 0.013926 -0.465828 -1.238285
v 0.027614 -0.468336 -1.238285
v 0.013553 -0.468439 -1.229079
v 0.026874 -0.470880 -1.229079
v 0.012533 -0.475574 -1.222339
v 0.024852 -0.477831 -1.222339
v 0.011141 -0.485319 -1.219873
v 0.022091 -0.487326 -1.219873
v 0.009748 -0.495065 -1.222339
v 0.019329 -0.496821 -1.222339
v 0.028580 -0.499714 -1.222339
v 0.017308 -0.503772 -1.229079
v 0.025591 -0.506363 -1.229079
v 0.033436 -0.509927 -1.229079
v 0.024497 -0.508796 -1.238285
v 0.032007 -0.512208 -1.238285
v 0.025591 -0.506363 -1.247491
v 0.033436 -0.509927 -1.247491
v 0.028580 -0.499714 -1.254231
v 0.037342 -0.503695 -1.254231
v 0.032663 -0.490633 -1.256698
v 0.042676 -0.495182 -1.256698
v 0.036746 -0.481551 -1.254231
v 0.048011 -0.486669 -1.254231
v 0.039735 -0.474903 -1.247491
v 0.051916 -0.480437 -1.247491
v 0.040829 -0.472469 -1.238285
v 0.053345 -0.478156 -1.238285
v 0.039735 -0.474903 -1.229079
v 0.051916 -0.480437 -1.229079
v 0.036746 -0.481551 -1.222339
v 0.048011 -0.486669 -1.222339
v 0.032663 -0.490633 -1.219873
v 0.042676 -0.495182 -1.219873
v 0.051959 -0.500897 -1.219873
v 0.037342 -0.503695 -1.222339
v 0.045464 -0.508696 -1.222339
v 0.052809 -0.514631 -1.222339
v 0.040710 -0.514405 -1.229079
v 0.047286 -0.519719 -1.229079
v 0.038969 -0.516495 -1.238285
v 0.045265 -0.521581 -1.238285
v 0.040710 -0.514405 -1.247491
v 0.047286 -0.519719 -1.247491
v 0.045464 -0.508696 -1.254231
v 0.052809 -0.514631 -1.254231
v 0.051959 -0.500897 -1.256698
v 0.060353 -0.507680 -1.256698
v 0.058454 -0.493099 -1.254231
v 0.067898 -0.500729 -1.254231
v 0.063209 -0.487390 -1.247491
v 0.073420 -0.495640 -1.247491
v 0.064949 -0.485300 -1.238285
v 0.075442 -0.493778 -1.238285
v 0.063209 -0.487390 -1.229079
v 0.073420 -0.495640 -1.229079
v 0.058454 -0.493099 -1.222339
v 0.067898 -0.500729 -1.222339
v 0.076179 -0.509429 -1.222339
v 0.060353 -0.507680 -1.219873
v 0.067715 -0.515414 -1.219873
v 0.073917 -0.523966 -1.219873
v 0.059250 -0.521398 -1.222339
v 0.064678 -0.528881 -1.222339
v 0.053054 -0.525778 -1.229079
v 0.057914 -0.532480 -1.229079
v 0.050786 -0.527382 -1.238285
v 0.055438 -0.533796 -1.238285
v 0.053054 -0.525778 -1.247491
v 0.057914 -0.532480 -1.247491
v 0.059250 -0.521398 -1.254231
v 0.064678 -0.528881 -1.254231
v 0.067715 -0.515414 -1.256698
v 0.073917 -0.523966 -1.256698
v 0.076179 -0.509429 -1.254231
v 0.083157 -0.519051 -1.254231
v 0.082375 -0.505049 -1.247491
v 0.089921 -0.515453 -1.247491
v 0.084643 -0.503445 -1.238285
v 0.092397 -0.514136 -1.238285
v 0.082375 -0.505049 -1.229079
v 0.089921 -0.515453 -1.229079
v 0.095928 -0.526677 -1.229079
v 0.083157 -0.519051 -1.222339
v 0.088712 -0.529431 -1.222339
v 0.092750 -0.540389 -1.222339
v 0.078855 -0.533192 -1.219873
v 0.082444 -0.542933 -1.219873
v 0.068999 -0.536954 -1.222339
v 0.072138 -0.545477 -1.222339
v 0.061783 -0.539708 -1.229079
v 0.064594 -0.547339 -1.229079
v 0.059141 -0.540716 -1.238285
v 0.061833 -0.548021 -1.238285
v 0.061783 -0.539708 -1.247491
v 0.064594 -0.547339 -1.247491
v 0.068999 -0.536954 -1.254231
v 0.072138 -0.545477 -1.254231
v 0.078855 -0.533192 -1.256698
v 0.082444 -0.542933 -1.256698
v 0.088712 -0.529431 -1.254231
v 0.092750 -0.540389 -1.254231
v 0.095928 -0.526677 -1.247491
v 0.100294 -0.538526 -1.247491
v 0.098569 -0.525669 -1.238285
v 0.103055 -0.537845 -1.238285
v 0.100294 -0.538526 -1.229079
v 0.102944 -0.550800 -1.229079
v 0.102944 -0.550800 -1.247491
v 0.095200 -0.551739 -1.254231
v 0.084622 -0.553022 -1.256698
v 0.096022 -0.563286 -1.254231
v 0.066301 -0.555244 -1.229079
v 0.071127 -0.563286 -1.175113
v 0.069221 -0.563286 -1.165907
v 0.070519 -0.554733 -1.175113
v 0.069221 -0.563286 -1.184319
v 0.070519 -0.571840 -1.175113
v 0.068703 -0.580248 -1.175113
v 0.068629 -0.571611 -1.165907
v 0.068629 -0.571611 -1.184319
v 0.063467 -0.570985 -1.191059
v 0.066863 -0.579793 -1.184319
v 0.061833 -0.578551 -1.191059
v 0.063952 -0.587693 -1.184319
v 0.059141 -0.585857 -1.191059
v 0.059947 -0.595175 -1.184319
v 0.065713 -0.588365 -1.175113
v 0.061598 -0.596053 -1.175113
v 0.063952 -0.587693 -1.165907
v 0.059947 -0.595175 -1.165907
v 0.059141 -0.585857 -1.159168
v 0.066863 -0.579793 -1.165907
v 0.061833 -0.578551 -1.159168
v 0.054963 -0.576855 -1.156700
v 0.063467 -0.570985 -1.159168
v 0.056415 -0.570129 -1.156700
v 0.064014 -0.563286 -1.159168
v 0.063467 -0.555588 -1.159168
v 0.056902 -0.563286 -1.156700
v 0.056415 -0.556443 -1.156700
v 0.049789 -0.563286 -1.159168
v 0.049363 -0.557299 -1.159168
v 0.044582 -0.563286 -1.165907
v 0.049363 -0.569274 -1.159168
v 0.048093 -0.575159 -1.159168
v 0.044200 -0.568648 -1.165907
v 0.043063 -0.573917 -1.165907
v 0.042311 -0.568419 -1.175113
v 0.041222 -0.573463 -1.175113
v 0.044200 -0.568648 -1.184319
v 0.042676 -0.563286 -1.175113
v 0.042311 -0.558154 -1.175113
v 0.044582 -0.563286 -1.184319
v 0.044200 -0.557925 -1.184319
v 0.049789 -0.563286 -1.191059
v 0.049363 -0.557299 -1.191059
v 0.056902 -0.563286 -1.193526
v 0.049363 -0.569274 -1.191059
v 0.048093 -0.575159 -1.191059
v 0.056415 -0.570129 -1.193526
v 0.054963 -0.576855 -1.193526
v 0.052570 -0.583349 -1.193526
v 0.045999 -0.580841 -1.191059
v 0.049278 -0.589500 -1.193526
v 0.043118 -0.586223 -1.191059
v 0.045143 -0.595202 -1.193526
v 0.055438 -0.592776 -1.191059
v 0.050786 -0.599191 -1.191059
v 0.045265 -0.604991 -1.191059
v 0.054917 -0.602111 -1.184319
v 0.048947 -0.608384 -1.184319
v 0.056429 -0.603180 -1.175113
v 0.050294 -0.609625 -1.175113
v 0.054917 -0.602111 -1.165907
v 0.048947 -0.608384 -1.165907
v 0.050786 -0.599191 -1.159168
v 0.045265 -0.604991 -1.159168
v 0.045143 -0.595202 -1.156700
v 0.055438 -0.592776 -1.159168
v 0.049278 -0.589500 -1.156700
v 0.043118 -0.586223 -1.159168
v 0.052570 -0.583349 -1.156700
v 0.045999 -0.580841 -1.159168
v 0.041189 -0.579005 -1.165907
v 0.038609 -0.583824 -1.165907
v 0.039428 -0.578333 -1.175113
v 0.036959 -0.582946 -1.175113
v 0.041189 -0.579005 -1.184319
v 0.038609 -0.583824 -1.184319
v 0.043063 -0.573917 -1.184319
v 0.035369 -0.588291 -1.184319
v 0.033857 -0.587223 -1.175113
v 0.031524 -0.592331 -1.184319
v 0.039500 -0.591212 -1.191059
v 0.035206 -0.595724 -1.191059
v 0.030310 -0.599680 -1.191059
v 0.040236 -0.600357 -1.193526
v 0.034640 -0.604879 -1.193526
v 0.028451 -0.608689 -1.193526
v 0.038969 -0.610078 -1.191059
v 0.032007 -0.614364 -1.191059
v 0.042139 -0.613884 -1.184319
v 0.034610 -0.618519 -1.184319
v 0.043299 -0.615277 -1.175113
v 0.035564 -0.620040 -1.175113
v 0.042139 -0.613884 -1.165907
v 0.034610 -0.618519 -1.165907
v 0.038969 -0.610078 -1.159168
v 0.032007 -0.614364 -1.159168
v 0.034640 -0.604879 -1.156700
v 0.028451 -0.608689 -1.156700
v 0.030310 -0.599680 -1.159168
v 0.040236 -0.600357 -1.156700
v 0.035206 -0.595724 -1.159168
v 0.031524 -0.592331 -1.165907
v 0.039500 -0.591212 -1.159168
v 0.035369 -0.588291 -1.165907
v 0.027140 -0.595874 -1.165907
v 0.030177 -0.591090 -1.175113
v 0.025980 -0.594481 -1.175113
v 0.021338 -0.597338 -1.175113
v 0.027140 -0.595874 -1.184319
v 0.022291 -0.598859 -1.184319
v 0.017061 -0.601236 -1.184319
v 0.024894 -0.603013 -1.191059
v 0.019054 -0.605668 -1.191059
v 0.012886 -0.607597 -1.191059
v 0.021775 -0.611722 -1.193526
v 0.014727 -0.613926 -1.193526
v 0.024497 -0.617776 -1.191059
v 0.016568 -0.620257 -1.191059
v 0.026490 -0.622209 -1.184319
v 0.017916 -0.624890 -1.184319
v 0.027219 -0.623831 -1.175113
v 0.018409 -0.626586 -1.175113
v 0.026490 -0.622209 -1.165907
v 0.017916 -0.624890 -1.165907
v 0.024497 -0.617776 -1.159168
v 0.016568 -0.620257 -1.159168
v 0.021775 -0.611722 -1.156700
v 0.014727 -0.613926 -1.156700
v 0.019054 -0.605668 -1.159168
v 0.012886 -0.607597 -1.159168
v 0.017061 -0.601236 -1.165907
v 0.024894 -0.603013 -1.159168
v 0.022291 -0.598859 -1.165907
v 0.011539 -0.602963 -1.165907
v 0.016331 -0.599613 -1.175113
v 0.011045 -0.601266 -1.175113
v 0.005570 -0.602270 -1.175113
v 0.011539 -0.602963 -1.184319
v 0.005819 -0.604011 -1.184319
v 0.000000 -0.604362 -1.184319
v 0.006499 -0.608767 -1.191059
v 0.000000 -0.609160 -1.191059
v 0.007427 -0.615264 -1.193526
v 0.000000 -0.615713 -1.193526
v 0.008356 -0.621762 -1.191059
v 0.000000 -0.622266 -1.191059
v 0.009035 -0.626518 -1.184319
v 0.000000 -0.627063 -1.184319
v 0.009284 -0.628259 -1.175113
v 0.000000 -0.628819 -1.175113
v 0.009035 -0.626518 -1.165907
v 0.000000 -0.627063 -1.165907
v 0.008356 -0.621762 -1.159168
v 0.000000 -0.622266 -1.159168
v 0.007427 -0.615264 -1.156700
v 0.000000 -0.615713 -1.156700
v 0.006499 -0.608767 -1.159168
v 0.000000 -0.609159 -1.159168
v 0.005819 -0.604011 -1.165907
v 0.000000 -0.604362 -1.165907
v -0.005819 -0.604011 -1.165907
v 0.000000 -0.602606 -1.175113
v -0.005570 -0.602270 -1.175113
v -0.011045 -0.601266 -1.175113
v -0.005819 -0.604011 -1.184319
v -0.011539 -0.602963 -1.184319
v -0.006499 -0.608767 -1.191059
v -0.012886 -0.607597 -1.191059
v -0.007427 -0.615264 -1.193526
v -0.014727 -0.613926 -1.193526
v -0.008356 -0.621762 -1.191059
v -0.016568 -0.620257 -1.191059
v -0.009035 -0.626518 -1.184319
v -0.017916 -0.624890 -1.184319
v -0.009284 -0.628259 -1.175113
v -0.018409 -0.626586 -1.175113
v -0.009035 -0.626518 -1.165907
v -0.017916 -0.624890 -1.165907
v -0.008356 -0.621762 -1.159168
v -0.016568 -0.620257 -1.159168
v -0.007427 -0.615264 -1.156700
v -0.014727 -0.613926 -1.156700
v -0.006499 -0.608767 -1.159168
v -0.012886 -0.607597 -1.159168
v -0.019054 -0.605668 -1.159168
v -0.011539 -0.602963 -1.165907
v -0.017061 -0.601236 -1.165907
v -0.022291 -0.598859 -1.165907
v -0.016331 -0.599613 -1.175113
v -0.021338 -0.597338 -1.175113
v -0.017061 -0.601236 -1.184319
v -0.022291 -0.598859 -1.184319
v -0.019054 -0.605668 -1.191059
v -0.024894 -0.603013 -1.191059
v -0.021775 -0.611722 -1.193526
v -0.028451 -0.608689 -1.193526
v -0.024497 -0.617776 -1.191059
v -0.032007 -0.614364 -1.191059
v -0.026490 -0.622209 -1.184319
v -0.034610 -0.618519 -1.184319
v -0.027219 -0.623831 -1.175113
v -0.035564 -0.620040 -1.175113
v -0.026490 -0.622209 -1.165907
v -0.034610 -0.618519 -1.165907
v -0.024497 -0.617776 -1.159168
v -0.032007 -0.614364 -1.159168
v -0.021775 -0.611722 -1.156700
v -0.028451 -0.608689 -1.156700
v -0.034640 -0.604879 -1.156700
v -0.024894 -0.603013 -1.159168
v -0.030310 -0.599680 -1.159168
v -0.035206 -0.595724 -1.159168
v -0.027140 -0.595874 -1.165907
v -0.031524 -0.592331 -1.165907
v -0.025980 -0.594481 -1.175113
v -0.030177 -0.591090 -1.175113
v -0.027140 -0.595874 -1.184319
v -0.031524 -0.592331 -1.184319
v -0.030310 -0.599680 -1.191059
v -0.035206 -0.595724 -1.191059
v -0.034640 -0.604879 -1.193526
v -0.040236 -0.600357 -1.193526
v -0.038969 -0.610078 -1.191059
v -0.045265 -0.604991 -1.191059
v -0.042139 -0.613884 -1.184319
v -0.048947 -0.608384 -1.184319
v -0.043299 -0.615277 -1.175113
v -0.050294 -0.609625 -1.175113
v -0.042139 -0.613884 -1.165907
v -0.048947 -0.608384 -1.165907
v -0.038969 -0.610078 -1.159168
v -0.045265 -0.604991 -1.159168
v -0.050786 -0.599191 -1.159168
v -0.040236 -0.600357 -1.156700
v -0.045143 -0.595202 -1.156700
v -0.049278 -0.589500 -1.156700
v -0.039500 -0.591212 -1.159168
v -0.043119 -0.586223 -1.159168
v -0.035369 -0.588291 -1.165907
v -0.038609 -0.583824 -1.165907
v -0.033857 -0.587223 -1.175113
v -0.036959 -0.582946 -1.175113
v -0.035369 -0.588291 -1.184319
v -0.038609 -0.583824 -1.184319
v -0.039500 -0.591212 -1.191059
v -0.043119 -0.586223 -1.191059
v -0.045143 -0.595202 -1.193526
v -0.049278 -0.589500 -1.193526
v -0.050786 -0.599191 -1.191059
v -0.055438 -0.592776 -1.191059
v -0.054917 -0.602111 -1.184319
v -0.059947 -0.595175 -1.184319
v -0.056429 -0.603180 -1.175113
v -0.061598 -0.596053 -1.175113
v -0.054917 -0.602111 -1.165907
v -0.059947 -0.595175 -1.165907
v -0.063952 -0.587693 -1.165907
v -0.055438 -0.592776 -1.159168
v -0.059141 -0.585857 -1.159168
v -0.061833 -0.578551 -1.159168
v -0.052570 -0.583349 -1.156700
v -0.054963 -0.576855 -1.156700
v -0.045999 -0.580841 -1.159168
v -0.048093 -0.575159 -1.159168
v -0.041189 -0.579005 -1.165907
v -0.043063 -0.573917 -1.165907
v -0.039428 -0.578333 -1.175113
v -0.041222 -0.573463 -1.175113
v -0.041189 -0.579005 -1.184319
v -0.043063 -0.573917 -1.184319
v -0.045999 -0.580841 -1.191059
v -0.048093 -0.575159 -1.191059
v -0.052570 -0.583349 -1.193526
v -0.054963 -0.576855 -1.193526
v -0.059141 -0.585857 -1.191059
v -0.061833 -0.578551 -1.191059
v -0.063952 -0.587693 -1.184319
v -0.066863 -0.579793 -1.184319
v -0.065713 -0.588365 -1.175113
v -0.068703 -0.580248 -1.175113
v -0.070519 -0.571840 -1.175113
v -0.066863 -0.579793 -1.165907
v -0.068629 -0.571611 -1.165907
v -0.069221 -0.563286 -1.165907
v -0.063467 -0.570985 -1.159168
v -0.064014 -0.563286 -1.159168
v -0.056415 -0.570129 -1.156700
v -0.056902 -0.563286 -1.156700
v -0.049363 -0.569274 -1.159168
v -0.049789 -0.563286 -1.159168
v -0.044200 -0.568648 -1.165907
v -0.044582 -0.563286 -1.165907
v -0.042311 -0.568419 -1.175113
v -0.042676 -0.563286 -1.175113
v -0.044200 -0.568648 -1.184319
v -0.044582 -0.563286 -1.184319
v -0.049363 -0.569274 -1.191059
v -0.049789 -0.563286 -1.191059
v -0.056415 -0.570129 -1.193526
v -0.056902 -0.563286 -1.193526
v -0.063467 -0.570985 -1.191059
v -0.064014 -0.563286 -1.191059
v -0.068629 -0.571611 -1.184319
v -0.069221 -0.563286 -1.184319
v -0.068629 -0.554962 -1.184319
v -0.071127 -0.563286 -1.175113
v -0.070519 -0.554733 -1.175113
v -0.068703 -0.546325 -1.175113
v -0.068629 -0.554962 -1.165907
v -0.066863 -0.546780 -1.165907
v -0.063467 -0.555588 -1.159168
v -0.061833 -0.548021 -1.159168
v -0.056415 -0.556443 -1.156700
v -0.054963 -0.549717 -1.156700
v -0.049363 -0.557299 -1.159168
v -0.048093 -0.551414 -1.159168
v -0.044200 -0.557925 -1.165907
v -0.043063 -0.552655 -1.165907
v -0.042311 -0.558154 -1.175113
v -0.041222 -0.553110 -1.175113
v -0.044200 -0.557925 -1.184319
v -0.043063 -0.552655 -1.184319
v -0.049363 -0.557299 -1.191059
v -0.048093 -0.551414 -1.191059
v -0.056415 -0.556443 -1.193526
v -0.054963 -0.549717 -1.193526
v -0.063467 -0.555588 -1.191059
v -0.061833 -0.548021 -1.191059
v -0.059141 -0.540716 -1.191059
v -0.066863 -0.546780 -1.184319
v -0.063952 -0.538880 -1.184319
v -0.059947 -0.531398 -1.184319
v -0.065713 -0.538208 -1.175113
v -0.061598 -0.530520 -1.175113
v -0.063952 -0.538880 -1.165907
v -0.059947 -0.531398 -1.165907
v -0.059141 -0.540716 -1.159168
v -0.055438 -0.533796 -1.159168
v -0.052570 -0.543224 -1.156700
v -0.049278 -0.537073 -1.156700
v -0.045999 -0.545731 -1.159168
v -0.043119 -0.540350 -1.159168
v -0.041189 -0.547567 -1.165907
v -0.038609 -0.542748 -1.165907
v -0.039428 -0.548239 -1.175113
v -0.036959 -0.543626 -1.175113
v -0.041189 -0.547567 -1.184319
v -0.038609 -0.542748 -1.184319
v -0.045999 -0.545731 -1.191059
v -0.043119 -0.540350 -1.191059
v -0.052570 -0.543224 -1.193526
v -0.049278 -0.537073 -1.193526
v -0.045143 -0.531371 -1.193526
v -0.055438 -0.533796 -1.191059
v -0.050786 -0.527382 -1.191059
v -0.045265 -0.521581 -1.191059
v -0.054917 -0.524461 -1.184319
v -0.048947 -0.518189 -1.184319
v -0.056429 -0.523392 -1.175113
v -0.050294 -0.516948 -1.175113
v -0.054917 -0.524461 -1.165907
v -0.048947 -0.518189 -1.165907
v -0.050786 -0.527382 -1.159168
v -0.045265 -0.521581 -1.159168
v -0.045143 -0.531371 -1.156700
v -0.040236 -0.526215 -1.156700
v -0.039500 -0.535360 -1.159168
v -0.035206 -0.530849 -1.159168
v -0.035369 -0.538281 -1.165907
v -0.031524 -0.534241 -1.165907
v -0.033857 -0.539350 -1.175113
v -0.030177 -0.535483 -1.175113
v -0.035369 -0.538281 -1.184319
v -0.031524 -0.534241 -1.184319
v -0.039500 -0.535360 -1.191059
v -0.035206 -0.530849 -1.191059
v -0.030310 -0.526892 -1.191059
v -0.040236 -0.526215 -1.193526
v -0.034640 -0.521694 -1.193526
v -0.028451 -0.517884 -1.193526
v -0.038969 -0.516494 -1.191059
v -0.032007 -0.512208 -1.191059
v -0.042139 -0.512689 -1.184319
v -0.034610 -0.508054 -1.184319
v -0.043299 -0.511295 -1.175113
v -0.035564 -0.506533 -1.175113
v -0.042139 -0.512689 -1.165907
v -0.034610 -0.508054 -1.165907
v -0.038969 -0.516494 -1.159168
v -0.032007 -0.512208 -1.159168
v -0.034640 -0.521694 -1.156700
v -0.028451 -0.517884 -1.156700
v -0.030310 -0.526892 -1.159168
v -0.024894 -0.523559 -1.159168
v -0.027140 -0.530699 -1.165907
v -0.022291 -0.527714 -1.165907
v -0.025980 -0.532092 -1.175113
v -0.021338 -0.529234 -1.175113
v -0.027140 -0.530699 -1.184319
v -0.022291 -0.527714 -1.184319
v -0.017061 -0.525337 -1.184319
v -0.024894 -0.523559 -1.191059
v -0.019054 -0.520905 -1.191059
v -0.012886 -0.518976 -1.191059
v -0.021775 -0.514850 -1.193526
v -0.014727 -0.512646 -1.193526
v -0.024497 -0.508796 -1.191059
v -0.016568 -0.506316 -1.191059
v -0.026490 -0.504364 -1.184319
v -0.017916 -0.501682 -1.184319
v -0.027219 -0.502742 -1.175113
v -0.018409 -0.499986 -1.175113
v -0.026490 -0.504364 -1.165907
v -0.017916 -0.501682 -1.165907
v -0.024497 -0.508796 -1.159168
v -0.016568 -0.506316 -1.159168
v -0.021775 -0.514850 -1.156700
v -0.014727 -0.512646 -1.156700
v -0.019054 -0.520905 -1.159168
v -0.012886 -0.518976 -1.159168
v -0.017061 -0.525337 -1.165907
v -0.011539 -0.523610 -1.165907
v -0.016331 -0.526959 -1.175113
v -0.011045 -0.525306 -1.175113
v -0.005570 -0.524303 -1.175113
v -0.011539 -0.523610 -1.184319
v -0.005819 -0.522562 -1.184319
v 0.000000 -0.522210 -1.184319
v -0.006499 -0.517805 -1.191059
v 0.000000 -0.517413 -1.191059
v -0.007427 -0.511308 -1.193526
v 0.000000 -0.510860 -1.193526
v -0.008356 -0.504811 -1.191059
v 0.000000 -0.504306 -1.191059
v -0.009035 -0.500055 -1.184319
v 0.000000 -0.499509 -1.184319
v -0.009284 -0.498314 -1.175113
v 0.000000 -0.497753 -1.175113
v -0.009035 -0.500055 -1.165907
v 0.000000 -0.499509 -1.165907
v -0.008356 -0.504811 -1.159168
v 0.000000 -0.504306 -1.159168
v -0.007427 -0.511308 -1.156700
v 0.000000 -0.510860 -1.156700
v -0.006499 -0.517805 -1.159168
v 0.000000 -0.517413 -1.159168
v -0.005819 -0.522562 -1.165907
v 0.000000 -0.522210 -1.165907
v 0.005819 -0.522562 -1.165907
v 0.000000 -0.523966 -1.175113
v 0.005570 -0.524303 -1.175113
v 0.011045 -0.525306 -1.175113
v 0.005819 -0.522562 -1.184319
v 0.011539 -0.523610 -1.184319
v 0.006499 -0.517805 -1.191059
v 0.012886 -0.518976 -1.191059
v 0.007427 -0.511308 -1.193526
v 0.014727 -0.512646 -1.193526
v 0.008356 -0.504811 -1.191059
v 0.016568 -0.506316 -1.191059
v 0.009035 -0.500055 -1.184319
v 0.017916 -0.501682 -1.184319
v 0.009284 -0.498314 -1.175113
v 0.018409 -0.499986 -1.175113
v 0.009035 -0.500055 -1.165907
v 0.017916 -0.501682 -1.165907
v 0.008356 -0.504811 -1.159168
v 0.016568 -0.506316 -1.159168
v 0.007427 -0.511308 -1.156700
v 0.014727 -0.512646 -1.156700
v 0.006499 -0.517805 -1.159168
v 0.012886 -0.518976 -1.159168
v 0.019054 -0.520905 -1.159168
v 0.011539 -0.523610 -1.165907
v 0.017061 -0.525337 -1.165907
v 0.022291 -0.527714 -1.165907
v 0.016331 -0.526959 -1.175113
v 0.021338 -0.529234 -1.175113
v 0.017061 -0.525337 -1.184319
v 0.022291 -0.527714 -1.184319
v 0.019054 -0.520905 -1.191059
v 0.024894 -0.523559 -1.191059
v 0.021775 -0.514850 -1.193526
v 0.028451 -0.517884 -1.193526
v 0.024497 -0.508796 -1.191059
v 0.032007 -0.512208 -1.191059
v 0.026490 -0.504364 -1.184319
v 0.034610 -0.508054 -1.184319
v 0.027219 -0.502742 -1.175113
v 0.035564 -0.506533 -1.175113
v 0.026490 -0.504364 -1.165907
v 0.034610 -0.508054 -1.165907
v 0.024497 -0.508796 -1.159168
v 0.032007 -0.512208 -1.159168
v 0.021775 -0.514850 -1.156700
v 0.028451 -0.517884 -1.156700
v 0.034640 -0.521694 -1.156700
v 0.024894 -0.523559 -1.159168
v 0.030310 -0.526892 -1.159168
v 0.035206 -0.530849 -1.159168
v 0.027140 -0.530699 -1.165907
v 0.031524 -0.534241 -1.165907
v 0.025980 -0.532092 -1.175113
v 0.030177 -0.535483 -1.175113
v 0.027140 -0.530699 -1.184319
v 0.031524 -0.534241 -1.184319
v 0.030310 -0.526892 -1.191059
v 0.035206 -0.530849 -1.191059
v 0.034640 -0.521694 -1.193526
v 0.040236 -0.526215 -1.193526
v 0.038969 -0.516495 -1.191059
v 0.045265 -0.521581 -1.191059
v 0.042139 -0.512689 -1.184319
v 0.048947 -0.518189 -1.184319
v 0.043299 -0.511295 -1.175113
v 0.050294 -0.516947 -1.175113
v 0.042139 -0.512689 -1.165907
v 0.048947 -0.518189 -1.165907
v 0.038969 -0.516495 -1.159168
v 0.045265 -0.521581 -1.159168
v 0.050786 -0.527382 -1.159168
v 0.040236 -0.526215 -1.156700
v 0.045143 -0.531371 -1.156700
v 0.049278 -0.537073 -1.156700
v 0.039500 -0.535360 -1.159168
v 0.043118 -0.540350 -1.159168
v 0.035369 -0.538281 -1.165907
v 0.038609 -0.542748 -1.165907
v 0.033857 -0.539350 -1.175113
v 0.036959 -0.543626 -1.175113
v 0.035369 -0.538281 -1.184319
v 0.038609 -0.542748 -1.184319
v 0.039500 -0.535360 -1.191059
v 0.043118 -0.540350 -1.191059
v 0.045143 -0.531371 -1.193526
v 0.049278 -0.537073 -1.193526
v 0.050786 -0.527382 -1.191059
v 0.055438 -0.533796 -1.191059
v 0.054917 -0.524461 -1.184319
v 0.059947 -0.531398 -1.184319
v 0.056429 -0.523392 -1.175113
v 0.061598 -0.530520 -1.175113
v 0.054917 -0.524461 -1.165907
v 0.059947 -0.531398 -1.165907
v 0.063952 -0.538880 -1.165907
v 0.055438 -0.533796 -1.159168
v 0.059141 -0.540716 -1.159168
v 0.061833 -0.548021 -1.159168
v 0.052570 -0.543224 -1.156700
v 0.054963 -0.549717 -1.156700
v 0.045999 -0.545731 -1.159168
v 0.048093 -0.551414 -1.159168
v 0.041189 -0.547567 -1.165907
v 0.043063 -0.552655 -1.165907
v 0.039428 -0.548239 -1.175113
v 0.041222 -0.553110 -1.175113
v 0.041189 -0.547567 -1.184319
v 0.043063 -0.552655 -1.184319
v 0.045999 -0.545731 -1.191059
v 0.048093 -0.551414 -1.191059
v 0.052570 -0.543224 -1.193526
v 0.054963 -0.549717 -1.193526
v 0.059141 -0.540716 -1.191059
v 0.061833 -0.548021 -1.191059
v 0.063952 -0.538880 -1.184319
v 0.066863 -0.546780 -1.184319
v 0.065713 -0.538208 -1.175113
v 0.068703 -0.546325 -1.175113
v 0.066863 -0.546780 -1.165907
v 0.068629 -0.554962 -1.165907
v 0.068629 -0.554962 -1.184319
v 0.063467 -0.555588 -1.191059
v 0.056415 -0.556443 -1.193526
v 0.064014 -0.563286 -1.191059
v 0.044200 -0.557925 -1.165907
v -0.208251 -0.691680 -1.626228
v 0.208251 -0.691680 -1.626228
v -0.208251 -0.433888 -1.626228
v -0.145776 -0.691680 -1.251032
v 0.145776 -0.691680 -1.251032
v -0.145776 -0.433888 -1.251032
v 0.145776 -0.433888 -1.251032
v 0.208251 -0.433888 -1.626228
v -0.116879 -0.604265 -1.790512
v -0.100929 -0.604265 -1.790512
v -0.116879 -0.604264 -1.443206
v -0.116879 -0.598466 -1.833869
v -0.116879 -0.580731 -1.790512
v -0.116879 -0.580382 -1.789222
v -0.116879 -0.581314 -1.792673
v -0.116879 -0.581628 -1.796262
v -0.100929 -0.581314 -1.792673
v -0.100929 -0.580731 -1.790512
v -0.100929 -0.581628 -1.796262
v -0.100929 -0.581314 -1.799851
v -0.100929 -0.580382 -1.803302
v -0.116879 -0.581314 -1.799851
v -0.116879 -0.580382 -1.803302
v -0.116879 -0.578869 -1.806483
v -0.116879 -0.576834 -1.809271
v -0.100929 -0.578869 -1.806483
v -0.100929 -0.576834 -1.809271
v -0.100929 -0.574353 -1.811559
v -0.100929 -0.571523 -1.813259
v -0.116879 -0.574353 -1.811559
v -0.116879 -0.571523 -1.813259
v -0.116879 -0.568452 -1.814306
v -0.116879 -0.565259 -1.814659
v -0.100929 -0.568452 -1.814306
v -0.100929 -0.565259 -1.814659
v -0.100929 -0.562784 -1.814385
v -0.100929 -0.562784 -1.833869
v -0.100929 -0.562065 -1.814306
v -0.100929 -0.558995 -1.813259
v -0.116879 -0.562065 -1.814306
v -0.116879 -0.562784 -1.814385
v -0.116879 -0.558995 -1.813259
v -0.116879 -0.556165 -1.811559
v -0.116879 -0.553684 -1.809271
v -0.100929 -0.556165 -1.811559
v -0.100929 -0.553684 -1.809271
v -0.100929 -0.551648 -1.806483
v -0.100929 -0.550135 -1.803302
v -0.116879 -0.551648 -1.806483
v -0.116879 -0.550135 -1.803302
v -0.116879 -0.549204 -1.799851
v -0.116879 -0.548889 -1.796262
v -0.100929 -0.549204 -1.799851
v -0.100929 -0.548889 -1.796262
v -0.100929 -0.549204 -1.792673
v -0.100929 -0.549787 -1.790512
v -0.116879 -0.549204 -1.792673
v -0.116879 -0.549787 -1.790512
v -0.116879 -0.521303 -1.790512
v -0.116879 -0.550135 -1.789222
v -0.116879 -0.551648 -1.786041
v -0.100929 -0.550135 -1.789222
v -0.100929 -0.551648 -1.786041
v -0.100929 -0.553684 -1.783253
v -0.100929 -0.556165 -1.780965
v -0.116879 -0.553684 -1.783253
v -0.116879 -0.556165 -1.780965
v -0.116879 -0.558995 -1.779265
v -0.116879 -0.562065 -1.778219
v -0.100929 -0.558995 -1.779265
v -0.100929 -0.562065 -1.778219
v -0.100929 -0.565259 -1.777865
v -0.100929 -0.568452 -1.778219
v -0.116879 -0.565259 -1.777865
v -0.116879 -0.568452 -1.778219
v -0.116879 -0.571523 -1.779265
v -0.116879 -0.574353 -1.780965
v -0.100929 -0.571523 -1.779265
v -0.100929 -0.574353 -1.780965
v -0.100929 -0.576834 -1.783253
v -0.100929 -0.578869 -1.786041
v -0.116879 -0.576834 -1.783253
v -0.116879 -0.578869 -1.786041
v -0.100929 -0.580382 -1.789222
v -0.116879 -0.521303 -1.443206
v -0.116879 -0.527101 -1.833869
v -0.100929 -0.521303 -1.790512
v -0.100929 -0.527101 -1.833869
v -0.100929 -0.521303 -1.443206
v -0.100929 -0.604264 -1.443206
v -0.100929 -0.533459 -1.856166
v -0.116879 -0.533459 -1.856166
v -0.100929 -0.546061 -1.877339
v -0.100929 -0.562784 -1.855604
v -0.100929 -0.562784 -1.877339
v -0.100929 -0.592108 -1.855604
v -0.100929 -0.579506 -1.877339
v -0.100929 -0.598466 -1.833869
v -0.116879 -0.592108 -1.855604
v -0.116879 -0.562784 -1.855604
v -0.116879 -0.579506 -1.877339
v -0.116879 -0.562784 -1.877339
v -0.116879 -0.546061 -1.877339
v -0.116879 -0.562784 -1.833869
v -0.355635 0.651654 0.880868
v -0.345999 0.651654 0.881851
v -0.355635 0.659224 0.896785
v -0.355635 0.641467 0.866917
v -0.365272 0.651654 0.881851
v -0.362273 0.659224 0.897462
v -0.367900 0.641467 0.868168
v -0.374538 0.651654 0.884762
v -0.368655 0.659224 0.899467
v -0.379694 0.641467 0.871873
v -0.383078 0.651654 0.889488
v -0.374538 0.659224 0.902722
v -0.390563 0.641467 0.877889
v -0.390563 0.651654 0.895849
v -0.379694 0.659224 0.907104
v -0.400090 0.641467 0.885984
v -0.396706 0.651654 0.903600
v -0.383925 0.659224 0.912443
v -0.407908 0.641467 0.895849
v -0.401270 0.651654 0.912443
v -0.387069 0.659224 0.918533
v -0.413718 0.641467 0.907104
v -0.404081 0.651654 0.922038
v -0.389005 0.659224 0.925142
v -0.417295 0.641467 0.919316
v -0.405030 0.651654 0.932016
v -0.389659 0.659224 0.932016
v -0.418503 0.641467 0.932016
v -0.404081 0.651654 0.941994
v -0.389005 0.659224 0.938889
v -0.417295 0.641467 0.944716
v -0.401270 0.651654 0.951589
v -0.387069 0.659224 0.945498
v -0.413718 0.641467 0.956928
v -0.396706 0.651654 0.960432
v -0.383925 0.659224 0.951589
v -0.407908 0.641467 0.968183
v -0.390563 0.651654 0.968183
v -0.379694 0.659224 0.956928
v -0.400090 0.641467 0.978047
v -0.383078 0.651654 0.974543
v -0.374538 0.659224 0.961309
v -0.390563 0.641467 0.986143
v -0.374538 0.651654 0.979270
v -0.368655 0.659224 0.964565
v -0.379694 0.641467 0.992158
v -0.365272 0.651654 0.982180
v -0.362273 0.659224 0.966570
v -0.367900 0.641467 0.995863
v -0.355635 0.651654 0.983163
v -0.355635 0.659224 0.967247
v -0.355635 0.641467 0.997114
v -0.345999 0.651654 0.982180
v -0.348997 0.659224 0.966570
v -0.343370 0.641467 0.995863
v -0.336733 0.651654 0.979270
v -0.342615 0.659224 0.964565
v -0.331577 0.641467 0.992158
v -0.328193 0.651654 0.974543
v -0.336733 0.659224 0.961309
v -0.320708 0.641467 0.986143
v -0.320708 0.651654 0.968183
v -0.331577 0.659224 0.956928
v -0.311181 0.641467 0.978047
v -0.314565 0.651654 0.960432
v -0.327345 0.659224 0.951589
v -0.303362 0.641467 0.968183
v -0.310000 0.651654 0.951589
v -0.324201 0.659224 0.945498
v -0.297553 0.641467 0.956928
v -0.307189 0.651654 0.941994
v -0.322265 0.659224 0.938889
v -0.293975 0.641467 0.944716
v -0.306240 0.651654 0.932016
v -0.321611 0.659224 0.932016
v -0.292767 0.641467 0.932016
v -0.307189 0.651654 0.922038
v -0.322265 0.659224 0.925142
v -0.293975 0.641467 0.919316
v -0.310000 0.651654 0.912443
v -0.324201 0.659224 0.918533
v -0.297553 0.641467 0.907104
v -0.314565 0.651654 0.903600
v -0.327345 0.659224 0.912443
v -0.303362 0.641467 0.895849
v -0.320708 0.651654 0.895849
v -0.331577 0.659224 0.907104
v -0.311181 0.641467 0.885984
v -0.328193 0.651654 0.889488
v -0.336733 0.659224 0.902722
v -0.320708 0.641467 0.877889
v -0.336733 0.651654 0.884762
v -0.342615 0.659224 0.899467
v -0.331577 0.641467 0.871873
v -0.327345 0.629054 0.861295
v -0.343370 0.641467 0.868168
v -0.341213 0.629054 0.856939
v -0.339610 0.614891 0.848595
v -0.355635 0.629054 0.855468
v -0.355635 0.614891 0.846961
v -0.370057 0.629054 0.856939
v -0.371660 0.614891 0.848595
v -0.383925 0.629054 0.861295
v -0.387069 0.614891 0.853435
v -0.396706 0.629054 0.868369
v -0.401270 0.614891 0.861295
v -0.407908 0.629054 0.877889
v -0.413718 0.614891 0.871873
v -0.417101 0.629054 0.889488
v -0.423933 0.614891 0.884762
v -0.423933 0.629054 0.902722
v -0.431524 0.614891 0.899467
v -0.428140 0.629054 0.917082
v -0.436198 0.614891 0.915422
v -0.429560 0.629054 0.932016
v -0.437776 0.614891 0.932016
v -0.428140 0.629054 0.946949
v -0.436198 0.614891 0.948609
v -0.423933 0.629054 0.961309
v -0.431524 0.614891 0.964565
v -0.417101 0.629054 0.974543
v -0.423933 0.614891 0.979270
v -0.407908 0.629054 0.986143
v -0.413718 0.614891 0.992158
v -0.396706 0.629054 0.995663
v -0.401270 0.614891 1.002737
v -0.383925 0.629054 1.002737
v -0.387069 0.614891 1.010596
v -0.370057 0.629054 1.007092
v -0.371660 0.614891 1.015436
v -0.355635 0.629054 1.008563
v -0.355635 0.614891 1.017071
v -0.341213 0.629054 1.007092
v -0.339610 0.614891 1.015436
v -0.327345 0.629054 1.002737
v -0.324201 0.614891 1.010596
v -0.314565 0.629054 0.995663
v -0.310000 0.614891 1.002737
v -0.303362 0.629054 0.986143
v -0.297553 0.614891 0.992158
v -0.294169 0.629054 0.974543
v -0.287337 0.614891 0.979270
v -0.287337 0.629054 0.961309
v -0.279747 0.614891 0.964565
v -0.283130 0.629054 0.946949
v -0.275072 0.614891 0.948609
v -0.281710 0.629054 0.932016
v -0.273494 0.614891 0.932016
v -0.283130 0.629054 0.917082
v -0.275072 0.614891 0.915422
v -0.287337 0.629054 0.902722
v -0.279747 0.614891 0.899467
v -0.294169 0.629054 0.889488
v -0.287337 0.614891 0.884762
v -0.303362 0.629054 0.877889
v -0.297553 0.614891 0.871873
v -0.314565 0.629054 0.868369
v -0.310000 0.614891 0.861295
v -0.307189 0.599524 0.856939
v -0.324201 0.614891 0.853435
v -0.322265 0.599524 0.848595
v -0.321611 0.583543 0.846961
v -0.338623 0.599524 0.843457
v -0.338290 0.583543 0.841722
v -0.355635 0.599524 0.841722
v -0.355635 0.583543 0.839953
v -0.372647 0.599524 0.843457
v -0.372980 0.583543 0.841722
v -0.389005 0.599524 0.848595
v -0.389659 0.583543 0.846961
v -0.404081 0.599524 0.856939
v -0.405030 0.583543 0.855468
v -0.417295 0.599524 0.868168
v -0.418503 0.583543 0.866917
v -0.428140 0.599524 0.881851
v -0.429560 0.583543 0.880868
v -0.436198 0.599524 0.897462
v -0.437776 0.583543 0.896785
v -0.441160 0.599524 0.914400
v -0.442836 0.583543 0.914055
v -0.442836 0.599524 0.932016
v -0.444544 0.583543 0.932016
v -0.441160 0.599524 0.949631
v -0.442836 0.583543 0.949976
v -0.436198 0.599524 0.966570
v -0.437776 0.583543 0.967247
v -0.428140 0.599524 0.982180
v -0.429560 0.583543 0.983163
v -0.417295 0.599524 0.995863
v -0.418503 0.583543 0.997114
v -0.404081 0.599524 1.007092
v -0.405030 0.583543 1.008563
v -0.389005 0.599524 1.015436
v -0.389659 0.583543 1.017071
v -0.372647 0.599524 1.020575
v -0.372980 0.583543 1.022309
v -0.355635 0.599524 1.022309
v -0.355635 0.583543 1.024078
v -0.338623 0.599524 1.020575
v -0.338290 0.583543 1.022309
v -0.322265 0.599524 1.015436
v -0.321611 0.583543 1.017071
v -0.307189 0.599524 1.007092
v -0.306240 0.583543 1.008563
v -0.293975 0.599524 0.995863
v -0.292767 0.583543 0.997114
v -0.283130 0.599524 0.982180
v -0.281710 0.583543 0.983163
v -0.275072 0.599524 0.966570
v -0.273494 0.583543 0.967247
v -0.270110 0.599524 0.949631
v -0.268435 0.583543 0.949976
v -0.268435 0.599524 0.932016
v -0.266726 0.583543 0.932016
v -0.270110 0.599524 0.914400
v -0.268435 0.583543 0.914055
v -0.275072 0.599524 0.897462
v -0.273494 0.583543 0.896785
v -0.283130 0.599524 0.881851
v -0.281710 0.583543 0.880868
v -0.293975 0.599524 0.868168
v -0.292767 0.583543 0.866917
v -0.293975 0.567562 0.868168
v -0.306240 0.583543 0.855468
v -0.307189 0.567562 0.856939
v -0.310000 0.552195 0.861295
v -0.322265 0.567562 0.848595
v -0.324201 0.552195 0.853435
v -0.338623 0.567562 0.843457
v -0.339610 0.552195 0.848595
v -0.355635 0.567562 0.841722
v -0.355635 0.552195 0.846961
v -0.372647 0.567562 0.843457
v -0.371660 0.552195 0.848595
v -0.389005 0.567562 0.848595
v -0.387069 0.552195 0.853435
v -0.404081 0.567562 0.856939
v -0.401270 0.552195 0.861295
v -0.417295 0.567562 0.868168
v -0.413718 0.552195 0.871873
v -0.428140 0.567562 0.881851
v -0.423933 0.552195 0.884762
v -0.436198 0.567562 0.897462
v -0.431524 0.552195 0.899467
v -0.441160 0.567562 0.914400
v -0.436198 0.552195 0.915422
v -0.442836 0.567562 0.932016
v -0.437776 0.552195 0.932016
v -0.441160 0.567562 0.949631
v -0.436198 0.552195 0.948609
v -0.436198 0.567562 0.966570
v -0.431524 0.552195 0.964565
v -0.428140 0.567562 0.982180
v -0.423933 0.552195 0.979270
v -0.417295 0.567562 0.995863
v -0.413718 0.552195 0.992158
v -0.404081 0.567562 1.007092
v -0.401270 0.552195 1.002737
v -0.389005 0.567562 1.015436
v -0.387069 0.552195 1.010596
v -0.372647 0.567562 1.020575
v -0.371660 0.552195 1.015436
v -0.355635 0.567562 1.022309
v -0.355635 0.552195 1.017071
v -0.338623 0.567562 1.020575
v -0.339610 0.552195 1.015436
v -0.322265 0.567562 1.015436
v -0.324201 0.552195 1.010596
v -0.307189 0.567562 1.007092
v -0.310000 0.552195 1.002737
v -0.293975 0.567562 0.995863
v -0.297553 0.552195 0.992158
v -0.283130 0.567562 0.982180
v -0.287337 0.552195 0.979270
v -0.275072 0.567562 0.966570
v -0.279747 0.552195 0.964565
v -0.270110 0.567562 0.949631
v -0.275072 0.552195 0.948609
v -0.268435 0.567562 0.932016
v -0.273494 0.552195 0.932016
v -0.270110 0.567562 0.914400
v -0.275072 0.552195 0.915422
v -0.275072 0.567562 0.897462
v -0.279747 0.552195 0.899467
v -0.283130 0.567562 0.881851
v -0.287337 0.552195 0.884762
v -0.294169 0.538033 0.889488
v -0.297553 0.552195 0.871873
v -0.303362 0.538033 0.877889
v -0.311181 0.525620 0.885984
v -0.314565 0.538033 0.868369
v -0.320708 0.525620 0.877889
v -0.327345 0.538033 0.861295
v -0.331577 0.525620 0.871873
v -0.341213 0.538033 0.856939
v -0.343370 0.525620 0.868168
v -0.355635 0.538033 0.855468
v -0.355635 0.525620 0.866917
v -0.370057 0.538033 0.856939
v -0.367900 0.525620 0.868168
v -0.383925 0.538033 0.861295
v -0.379694 0.525620 0.871873
v -0.396706 0.538033 0.868369
v -0.390563 0.525620 0.877889
v -0.407908 0.538033 0.877889
v -0.400090 0.525620 0.885984
v -0.417101 0.538033 0.889488
v -0.407908 0.525620 0.895849
v -0.423933 0.538033 0.902722
v -0.413718 0.525620 0.907104
v -0.428140 0.538033 0.917082
v -0.417295 0.525620 0.919316
v -0.429560 0.538033 0.932016
v -0.418503 0.525620 0.932016
v -0.428140 0.538033 0.946949
v -0.417295 0.525620 0.944716
v -0.423933 0.538033 0.961309
v -0.413718 0.525620 0.956928
v -0.417101 0.538033 0.974543
v -0.407908 0.525620 0.968183
v -0.407908 0.538033 0.986143
v -0.400090 0.525620 0.978047
v -0.396706 0.538033 0.995663
v -0.390563 0.525620 0.986143
v -0.383925 0.538033 1.002737
v -0.379694 0.525620 0.992158
v -0.370057 0.538033 1.007092
v -0.367900 0.525620 0.995863
v -0.355635 0.538033 1.008563
v -0.355635 0.525620 0.997114
v -0.341213 0.538033 1.007092
v -0.343370 0.525620 0.995863
v -0.327345 0.538033 1.002737
v -0.331577 0.525620 0.992158
v -0.314565 0.538033 0.995663
v -0.320708 0.525620 0.986143
v -0.303362 0.538033 0.986143
v -0.311181 0.525620 0.978047
v -0.294169 0.538033 0.974543
v -0.303362 0.525620 0.968183
v -0.287337 0.538033 0.961309
v -0.297553 0.525620 0.956928
v -0.283130 0.538033 0.946949
v -0.293975 0.525620 0.944716
v -0.281710 0.538033 0.932016
v -0.292767 0.525620 0.932016
v -0.283130 0.538033 0.917082
v -0.293975 0.525620 0.919316
v -0.287337 0.538033 0.902722
v -0.297553 0.525620 0.907104
v -0.310000 0.515432 0.912443
v -0.303362 0.525620 0.895849
v -0.314565 0.515432 0.903600
v -0.327345 0.507863 0.912443
v -0.320708 0.515432 0.895849
v -0.331577 0.507863 0.907104
v -0.328193 0.515432 0.889488
v -0.336733 0.507863 0.902722
v -0.336733 0.515432 0.884762
v -0.342615 0.507863 0.899467
v -0.345999 0.515432 0.881851
v -0.348997 0.507863 0.897462
v -0.355635 0.515432 0.880868
v -0.355635 0.507863 0.896785
v -0.365272 0.515432 0.881851
v -0.362273 0.507863 0.897462
v -0.374538 0.515432 0.884762
v -0.368655 0.507863 0.899467
v -0.383078 0.515432 0.889488
v -0.374538 0.507863 0.902722
v -0.390563 0.515432 0.895849
v -0.379694 0.507863 0.907104
v -0.396706 0.515432 0.903600
v -0.383925 0.507863 0.912443
v -0.401270 0.515432 0.912443
v -0.387069 0.507863 0.918533
v -0.404081 0.515432 0.922038
v -0.389005 0.507863 0.925142
v -0.405030 0.515432 0.932016
v -0.389659 0.507863 0.932016
v -0.404081 0.515432 0.941994
v -0.389005 0.507863 0.938889
v -0.401270 0.515432 0.951589
v -0.387069 0.507863 0.945498
v -0.396706 0.515432 0.960432
v -0.383925 0.507863 0.951589
v -0.390563 0.515432 0.968183
v -0.379694 0.507863 0.956928
v -0.383078 0.515432 0.974543
v -0.374538 0.507863 0.961309
v -0.374538 0.515432 0.979270
v -0.368655 0.507863 0.964565
v -0.365272 0.515432 0.982180
v -0.362273 0.507863 0.966570
v -0.355635 0.515432 0.983163
v -0.355635 0.507863 0.967247
v -0.345999 0.515432 0.982180
v -0.348997 0.507863 0.966570
v -0.336733 0.515432 0.979270
v -0.342615 0.507863 0.964565
v -0.328193 0.515432 0.974543
v -0.336733 0.507863 0.961309
v -0.320708 0.515432 0.968183
v -0.331577 0.507863 0.956928
v -0.314565 0.515432 0.960432
v -0.327345 0.507863 0.951589
v -0.310000 0.515432 0.951589
v -0.324201 0.507863 0.945498
v -0.307189 0.515432 0.941994
v -0.322265 0.507863 0.938889
v -0.306240 0.515432 0.932016
v -0.321611 0.507863 0.932016
v -0.307189 0.515432 0.922038
v -0.322265 0.507863 0.925142
v -0.338623 0.503201 0.928512
v -0.324201 0.507863 0.918533
v -0.339610 0.503201 0.925142
v -0.341213 0.503201 0.922038
v -0.355635 0.501627 0.932016
v -0.367900 0.503201 0.944716
v -0.355635 0.503201 0.914055
v -0.352251 0.503201 0.914400
v -0.348997 0.503201 0.915422
v -0.345999 0.503201 0.917082
v -0.343370 0.503201 0.919316
v -0.338290 0.503201 0.932016
v -0.338623 0.503201 0.935520
v -0.339610 0.503201 0.938889
v -0.341213 0.503201 0.941994
v -0.343370 0.503201 0.944716
v -0.345999 0.503201 0.946949
v -0.348997 0.503201 0.948609
v -0.352251 0.503201 0.949631
v -0.355635 0.503201 0.949976
v -0.359019 0.503201 0.949631
v -0.362273 0.503201 0.948609
v -0.365272 0.503201 0.946949
v -0.370057 0.503201 0.941994
v -0.371660 0.503201 0.938889
v -0.372647 0.503201 0.935520
v -0.372980 0.503201 0.932016
v -0.372647 0.503201 0.928512
v -0.371660 0.503201 0.925142
v -0.370057 0.503201 0.922038
v -0.367900 0.503201 0.919316
v -0.365272 0.503201 0.917082
v -0.362273 0.503201 0.915422
v -0.359019 0.503201 0.914400
v -0.348997 0.663886 0.915422
v -0.348997 0.659224 0.897462
v -0.352251 0.663886 0.914400
v -0.355635 0.665460 0.932016
v -0.355635 0.663886 0.914055
v -0.359019 0.663886 0.914400
v -0.362273 0.663886 0.915422
v -0.365272 0.663886 0.917082
v -0.367900 0.663886 0.919316
v -0.370057 0.663886 0.922038
v -0.371660 0.663886 0.925142
v -0.372647 0.663886 0.928512
v -0.372980 0.663886 0.932016
v -0.372647 0.663886 0.935520
v -0.371660 0.663886 0.938889
v -0.370057 0.663886 0.941994
v -0.367900 0.663886 0.944716
v -0.365272 0.663886 0.946949
v -0.362273 0.663886 0.948609
v -0.359019 0.663886 0.949631
v -0.355635 0.663886 0.949976
v -0.352251 0.663886 0.949631
v -0.348997 0.663886 0.948609
v -0.345999 0.663886 0.946949
v -0.343370 0.663886 0.944716
v -0.341213 0.663886 0.941994
v -0.339610 0.663886 0.938889
v -0.338623 0.663886 0.935520
v -0.338290 0.663886 0.932016
v -0.338623 0.663886 0.928512
v -0.339610 0.663886 0.925142
v -0.341213 0.663886 0.922038
v -0.343370 0.663886 0.919316
v -0.345999 0.663886 0.917082
vn -0.0000 0.8564 -0.5163
vn 0.0711 0.9360 -0.3447
vn 0.1043 0.8561 -0.5061
vn -0.0000 0.7432 -0.6690
vn 0.1350 0.7428 -0.6558
vn -0.1043 0.8561 -0.5061
vn -0.0000 0.9362 -0.3516
vn -0.1350 0.7428 -0.6558
vn -0.2043 0.8553 -0.4762
vn -0.0711 0.9360 -0.3447
vn -0.2644 0.7415 -0.6166
vn -0.2020 0.9349 -0.2917
vn -0.2960 0.8540 -0.4278
vn -0.3828 0.7397 -0.5534
vn -0.3760 0.8525 -0.3631
vn -0.4857 0.7375 -0.4692
vn -0.4412 0.8510 -0.2847
vn -0.2567 0.9342 -0.2477
vn -0.5693 0.7354 -0.3675
vn -0.3346 0.9328 -0.1338
vn -0.4894 0.8498 -0.1958
vn -0.6310 0.7336 -0.2525
vn -0.5190 0.8489 -0.0997
vn -0.6686 0.7324 -0.1285
vn -0.3619 0.9322 -0.0000
vn -0.5289 0.8487 -0.0000
vn -0.6813 0.7320 -0.0000
vn -0.5190 0.8489 0.0997
vn -0.6686 0.7324 0.1285
vn -0.3346 0.9328 0.1338
vn -0.4894 0.8498 0.1958
vn -0.6310 0.7336 0.2525
vn -0.3015 0.9334 0.1944
vn -0.4412 0.8510 0.2847
vn -0.5693 0.7354 0.3675
vn -0.3760 0.8525 0.3631
vn -0.4857 0.7375 0.4692
vn -0.2961 0.8540 0.4278
vn -0.2567 0.9342 0.2478
vn -0.3828 0.7397 0.5534
vn -0.2043 0.8553 0.4762
vn -0.2020 0.9349 0.2917
vn -0.2644 0.7415 0.6166
vn -0.0711 0.9360 0.3447
vn -0.1043 0.8561 0.5061
vn -0.1350 0.7428 0.6558
vn -0.0000 0.9362 0.3516
vn -0.0000 0.8564 0.5163
vn -0.0000 0.7432 0.6690
vn 0.0711 0.9360 0.3447
vn 0.1043 0.8561 0.5061
vn 0.1350 0.7428 0.6558
vn 0.2043 0.8553 0.4762
vn 0.2644 0.7415 0.6166
vn 0.2020 0.9349 0.2917
vn 0.2961 0.8540 0.4278
vn 0.3828 0.7397 0.5534
vn 0.3760 0.8525 0.3631
vn 0.4857 0.7375 0.4692
vn 0.3015 0.9334 0.1944
vn 0.4412 0.8510 0.2847
vn 0.5693 0.7354 0.3675
vn 0.4894 0.8498 0.1958
vn 0.6310 0.7336 0.2525
vn 0.3550 0.9324 0.0681
vn 0.5190 0.8489 0.0997
vn 0.6686 0.7324 0.1285
vn 0.5289 0.8487 -0.0000
vn 0.6813 0.7320 -0.0000
vn 0.3550 0.9324 -0.0681
vn 0.5190 0.8489 -0.0997
vn 0.6686 0.7324 -0.1285
vn 0.3346 0.9328 -0.1338
vn 0.4894 0.8498 -0.1958
vn 0.6310 0.7336 -0.2525
vn 0.4413 0.8510 -0.2847
vn 0.5693 0.7354 -0.3675
vn 0.2567 0.9342 -0.2478
vn 0.3760 0.8525 -0.3631
vn 0.4857 0.7375 -0.4692
vn 0.2020 0.9349 -0.2917
vn 0.2961 0.8540 -0.4278
vn 0.3828 0.7397 -0.5534
vn 0.1393 0.9356 -0.3245
vn 0.2043 0.8553 -0.4762
vn 0.2644 0.7415 -0.6166
vn 0.3168 0.5945 -0.7391
vn 0.1619 0.5959 -0.7865
vn 0.4582 0.5924 -0.6627
vn -0.0000 0.5964 -0.8027
vn -0.0000 0.4186 -0.9082
vn 0.1831 0.4181 -0.8897
vn 0.3580 0.4169 -0.8355
vn -0.1619 0.5959 -0.7865
vn -0.1831 0.4181 -0.8897
vn -0.3168 0.5945 -0.7391
vn -0.3580 0.4169 -0.8355
vn -0.4582 0.5924 -0.6627
vn -0.5174 0.4150 -0.7484
vn -0.5807 0.5899 -0.5611
vn -0.6549 0.4128 -0.6330
vn -0.6798 0.5875 -0.4390
vn -0.7660 0.4106 -0.4947
vn -0.7527 0.5854 -0.3013
vn -0.8473 0.4088 -0.3392
vn -0.7971 0.5841 -0.1532
vn -0.8967 0.4076 -0.1724
vn -0.8121 0.5836 -0.0000
vn -0.9134 0.4072 -0.0000
vn -0.7971 0.5841 0.1532
vn -0.8967 0.4076 0.1724
vn -0.7527 0.5854 0.3013
vn -0.8473 0.4088 0.3392
vn -0.6798 0.5875 0.4390
vn -0.7660 0.4106 0.4947
vn -0.5807 0.5899 0.5611
vn -0.6549 0.4128 0.6330
vn -0.4582 0.5924 0.6627
vn -0.5174 0.4150 0.7484
vn -0.3168 0.5945 0.7391
vn -0.3580 0.4169 0.8355
vn -0.1619 0.5959 0.7865
vn -0.1831 0.4181 0.8897
vn -0.0000 0.5964 0.8027
vn -0.0000 0.4186 0.9082
vn 0.1619 0.5959 0.7865
vn 0.1831 0.4181 0.8897
vn 0.3168 0.5945 0.7391
vn 0.3580 0.4169 0.8355
vn 0.4582 0.5924 0.6627
vn 0.5174 0.4150 0.7484
vn 0.5807 0.5899 0.5611
vn 0.6549 0.4128 0.6330
vn 0.6798 0.5875 0.4390
vn 0.7660 0.4106 0.4947
vn 0.7527 0.5854 0.3013
vn 0.8473 0.4088 0.3392
vn 0.7971 0.5841 0.1532
vn 0.8967 0.4076 0.1724
vn 0.8120 0.5836 -0.0000
vn 0.9134 0.4072 -0.0000
vn 0.7971 0.5841 -0.1532
vn 0.8967 0.4076 -0.1724
vn 0.7527 0.5854 -0.3013
vn 0.8472 0.4088 -0.3392
vn 0.6798 0.5875 -0.4390
vn 0.7660 0.4106 -0.4947
vn 0.5807 0.5899 -0.5611
vn 0.6549 0.4128 -0.6330
vn 0.5174 0.4150 -0.7484
vn 0.5554 0.2140 -0.8036
vn 0.3846 0.2151 -0.8977
vn 0.7025 0.2127 -0.6792
vn 0.1968 0.2159 -0.9564
vn 0.2015 -0.0000 -0.9795
vn 0.3938 -0.0000 -0.9192
vn 0.5685 -0.0000 -0.8227
vn -0.0000 0.2162 -0.9764
vn -0.0000 -0.0000 -1.0000
vn -0.2015 -0.0000 -0.9795
vn -0.1968 0.2159 -0.9564
vn -0.3846 0.2151 -0.8977
vn -0.3938 -0.0000 -0.9192
vn -0.5554 0.2140 -0.8036
vn -0.5685 -0.0000 -0.8227
vn -0.7025 0.2127 -0.6792
vn -0.7189 -0.0000 -0.6951
vn -0.8210 0.2114 -0.5303
vn -0.8400 -0.0000 -0.5426
vn -0.9076 0.2103 -0.3634
vn -0.9283 -0.0000 -0.3718
vn -0.9602 0.2096 -0.1846
vn -0.9820 -0.0000 -0.1889
vn -0.9778 0.2094 -0.0000
vn -1.0000 -0.0000 -0.0000
vn -0.9602 0.2096 0.1846
vn -0.9820 -0.0000 0.1888
vn -0.9076 0.2103 0.3634
vn -0.9283 -0.0000 0.3718
vn -0.8210 0.2114 0.5303
vn -0.8400 -0.0000 0.5426
vn -0.7025 0.2127 0.6792
vn -0.7189 -0.0000 0.6951
vn -0.5554 0.2140 0.8036
vn -0.5685 -0.0000 0.8227
vn -0.3846 0.2151 0.8977
vn -0.3938 -0.0000 0.9192
vn -0.1968 0.2159 0.9564
vn -0.2015 -0.0000 0.9795
vn -0.0000 0.2162 0.9764
vn -0.0000 -0.0000 1.0000
vn 0.1968 0.2159 0.9564
vn 0.2015 -0.0000 0.9795
vn 0.3846 0.2151 0.8977
vn 0.3938 -0.0000 0.9192
vn 0.5554 0.2140 0.8036
vn 0.5685 -0.0000 0.8227
vn 0.7025 0.2127 0.6792
vn 0.7189 -0.0000 0.6951
vn 0.8210 0.2114 0.5303
vn 0.8400 -0.0000 0.5426
vn 0.9076 0.2103 0.3634
vn 0.9283 -0.0000 0.3718
vn 0.9602 0.2096 0.1846
vn 0.9820 -0.0000 0.1889
vn 0.9778 0.2094 -0.0000
vn 1.0000 -0.0000 -0.0000
vn 0.9602 0.2096 -0.1846
vn 0.9820 -0.0000 -0.1888
vn 0.9076 0.2103 -0.3634
vn 0.9283 -0.0000 -0.3718
vn 0.8210 0.2114 -0.5303
vn 0.8400 -0.0000 -0.5426
vn 0.7189 -0.0000 -0.6951
vn 0.7025 -0.2127 -0.6792
vn 0.5554 -0.2140 -0.8036
vn 0.8210 -0.2114 -0.5303
vn 0.3846 -0.2151 -0.8977
vn 0.3580 -0.4169 -0.8355
vn 0.5174 -0.4150 -0.7484
vn 0.6549 -0.4128 -0.6330
vn 0.1968 -0.2159 -0.9564
vn 0.1831 -0.4181 -0.8897
vn -0.0000 -0.2162 -0.9764
vn -0.0000 -0.4186 -0.9082
vn -0.1968 -0.2159 -0.9564
vn -0.1831 -0.4181 -0.8897
vn -0.3846 -0.2151 -0.8977
vn -0.3580 -0.4169 -0.8355
vn -0.5554 -0.2140 -0.8036
vn -0.5174 -0.4150 -0.7484
vn -0.7025 -0.2127 -0.6792
vn -0.6549 -0.4128 -0.6330
vn -0.8210 -0.2114 -0.5303
vn -0.7660 -0.4106 -0.4947
vn -0.9076 -0.2103 -0.3634
vn -0.8473 -0.4088 -0.3392
vn -0.9602 -0.2096 -0.1846
vn -0.8967 -0.4076 -0.1724
vn -0.9778 -0.2094 -0.0000
vn -0.9134 -0.4072 -0.0000
vn -0.9602 -0.2096 0.1846
vn -0.8967 -0.4076 0.1724
vn -0.9076 -0.2103 0.3634
vn -0.8473 -0.4088 0.3392
vn -0.8210 -0.2114 0.5303
vn -0.7660 -0.4106 0.4947
vn -0.7025 -0.2127 0.6792
vn -0.6549 -0.4128 0.6330
vn -0.5554 -0.2140 0.8036
vn -0.5174 -0.4150 0.7484
vn -0.3846 -0.2151 0.8977
vn -0.3580 -0.4169 0.8355
vn -0.1968 -0.2159 0.9564
vn -0.1831 -0.4181 0.8897
vn -0.0000 -0.2162 0.9764
vn -0.0000 -0.4186 0.9082
vn 0.1968 -0.2159 0.9564
vn 0.1831 -0.4181 0.8897
vn 0.3846 -0.2151 0.8977
vn 0.3580 -0.4169 0.8355
vn 0.5554 -0.2140 0.8036
vn 0.5174 -0.4150 0.7484
vn 0.7025 -0.2127 0.6792
vn 0.6549 -0.4128 0.6330
vn 0.8210 -0.2114 0.5303
vn 0.7660 -0.4106 0.4947
vn 0.9076 -0.2103 0.3634
vn 0.8473 -0.4088 0.3392
vn 0.9602 -0.2096 0.1846
vn 0.8967 -0.4076 0.1724
vn 0.9778 -0.2094 -0.0000
vn 0.9134 -0.4072 -0.0000
vn 0.9602 -0.2096 -0.1846
vn 0.8967 -0.4076 -0.1724
vn 0.9076 -0.2103 -0.3634
vn 0.8473 -0.4088 -0.3392
vn 0.7660 -0.4106 -0.4947
vn 0.5807 -0.5899 -0.5611
vn 0.6798 -0.5875 -0.4390
vn 0.7527 -0.5854 -0.3013
vn 0.4582 -0.5924 -0.6627
vn 0.4857 -0.7375 -0.4692
vn 0.3828 -0.7397 -0.5534
vn 0.5693 -0.7354 -0.3675
vn 0.3168 -0.5945 -0.7391
vn 0.2644 -0.7415 -0.6166
vn 0.1619 -0.5959 -0.7865
vn 0.1350 -0.7428 -0.6558
vn -0.0000 -0.5964 -0.8027
vn -0.0000 -0.7432 -0.6690
vn -0.1619 -0.5959 -0.7865
vn -0.1350 -0.7428 -0.6558
vn -0.3168 -0.5945 -0.7391
vn -0.2644 -0.7415 -0.6166
vn -0.4582 -0.5924 -0.6627
vn -0.3828 -0.7397 -0.5534
vn -0.5807 -0.5899 -0.5611
vn -0.4857 -0.7375 -0.4692
vn -0.6798 -0.5875 -0.4390
vn -0.5693 -0.7354 -0.3675
vn -0.7527 -0.5854 -0.3013
vn -0.6310 -0.7336 -0.2525
vn -0.7971 -0.5841 -0.1532
vn -0.6686 -0.7324 -0.1285
vn -0.8121 -0.5836 -0.0000
vn -0.6813 -0.7320 -0.0000
vn -0.7971 -0.5841 0.1532
vn -0.6686 -0.7324 0.1285
vn -0.7527 -0.5854 0.3013
vn -0.6310 -0.7336 0.2525
vn -0.6798 -0.5875 0.4390
vn -0.5693 -0.7354 0.3675
vn -0.5807 -0.5899 0.5611
vn -0.4857 -0.7375 0.4692
vn -0.4582 -0.5924 0.6627
vn -0.3828 -0.7397 0.5534
vn -0.3168 -0.5945 0.7391
vn -0.2644 -0.7415 0.6166
vn -0.1619 -0.5959 0.7865
vn -0.1350 -0.7428 0.6558
vn -0.0000 -0.5964 0.8027
vn -0.0000 -0.7432 0.6690
vn 0.1619 -0.5959 0.7865
vn 0.1350 -0.7428 0.6558
vn 0.3168 -0.5945 0.7391
vn 0.2644 -0.7415 0.6166
vn 0.4582 -0.5924 0.6627
vn 0.3828 -0.7397 0.5534
vn 0.5807 -0.5899 0.5611
vn 0.4857 -0.7375 0.4692
vn 0.6798 -0.5875 0.4390
vn 0.5693 -0.7354 0.3675
vn 0.7527 -0.5854 0.3013
vn 0.6310 -0.7336 0.2525
vn 0.7971 -0.5841 0.1532
vn 0.6686 -0.7324 0.1285
vn 0.8121 -0.5836 -0.0000
vn 0.6813 -0.7320 -0.0000
vn 0.7971 -0.5841 -0.1532
vn 0.6686 -0.7324 -0.1285
vn 0.6310 -0.7336 -0.2525
vn 0.4894 -0.8498 -0.1958
vn 0.4413 -0.8510 -0.2847
vn 0.5190 -0.8489 -0.0997
vn 0.3760 -0.8525 -0.3631
vn 0.2567 -0.9342 -0.2478
vn 0.3015 -0.9334 -0.1944
vn 0.3346 -0.9328 -0.1338
vn 0.2961 -0.8540 -0.4278
vn 0.2020 -0.9349 -0.2917
vn 0.2043 -0.8553 -0.4762
vn 0.1393 -0.9356 -0.3245
vn 0.1043 -0.8561 -0.5061
vn 0.0711 -0.9360 -0.3447
vn -0.0000 -0.8564 -0.5163
vn -0.0000 -0.9362 -0.3516
vn -0.1043 -0.8561 -0.5061
vn -0.0711 -0.9360 -0.3447
vn -0.2043 -0.8553 -0.4762
vn -0.1393 -0.9356 -0.3245
vn -0.2961 -0.8540 -0.4278
vn -0.2020 -0.9349 -0.2917
vn -0.3760 -0.8525 -0.3631
vn -0.2567 -0.9342 -0.2477
vn -0.4412 -0.8510 -0.2847
vn -0.3015 -0.9334 -0.1944
vn -0.4894 -0.8498 -0.1958
vn -0.3346 -0.9328 -0.1338
vn -0.5190 -0.8489 -0.0997
vn -0.3550 -0.9324 -0.0681
vn -0.5289 -0.8487 -0.0000
vn -0.3619 -0.9322 -0.0000
vn -0.5190 -0.8489 0.0997
vn -0.3550 -0.9324 0.0681
vn -0.4894 -0.8498 0.1958
vn -0.3346 -0.9328 0.1338
vn -0.4413 -0.8510 0.2847
vn -0.3015 -0.9334 0.1944
vn -0.3760 -0.8525 0.3631
vn -0.2567 -0.9342 0.2478
vn -0.2961 -0.8540 0.4278
vn -0.2020 -0.9349 0.2917
vn -0.2043 -0.8553 0.4762
vn -0.1393 -0.9356 0.3245
vn -0.1043 -0.8561 0.5061
vn -0.0711 -0.9360 0.3447
vn -0.0000 -0.8564 0.5163
vn -0.0000 -0.9362 0.3516
vn 0.1043 -0.8561 0.5061
vn 0.0711 -0.9360 0.3447
vn 0.2043 -0.8553 0.4762
vn 0.1393 -0.9356 0.3245
vn 0.2961 -0.8540 0.4278
vn 0.2020 -0.9349 0.2917
vn 0.3760 -0.8525 0.3631
vn 0.2567 -0.9342 0.2478
vn 0.4412 -0.8510 0.2847
vn 0.3015 -0.9334 0.1944
vn 0.4894 -0.8498 0.1958
vn 0.3346 -0.9328 0.1338
vn 0.5190 -0.8489 0.0997
vn 0.3550 -0.9324 0.0681
vn 0.5289 -0.8487 -0.0000
vn 0.3619 -0.9322 -0.0000
vn 0.3550 -0.9324 -0.0681
vn 0.2489 -0.9634 -0.0992
vn 0.2641 -0.9632 -0.0505
vn 0.2692 -0.9631 -0.0000
vn 0.2242 -0.9638 -0.1441
vn -0.0000 -1.0000 -0.0000
vn 0.0750 -0.9960 -0.0486
vn 0.0834 -0.9959 -0.0335
vn 0.0886 -0.9959 -0.0171
vn -0.0501 -0.9961 0.0727
vn -0.0638 -0.9960 0.0619
vn -0.0750 -0.9960 0.0486
vn -0.0000 -0.9962 -0.0873
vn 0.0176 -0.9962 -0.0856
vn -0.0176 -0.9962 -0.0856
vn 0.0345 -0.9961 -0.0807
vn 0.0501 -0.9961 -0.0727
vn 0.0638 -0.9960 -0.0619
vn 0.0904 -0.9959 -0.0000
vn 0.0886 -0.9959 0.0171
vn 0.0834 -0.9959 0.0335
vn 0.0750 -0.9960 0.0486
vn 0.0638 -0.9960 0.0619
vn 0.0501 -0.9961 0.0727
vn 0.0345 -0.9961 0.0807
vn 0.0176 -0.9962 0.0856
vn -0.0000 -0.9962 0.0873
vn -0.0176 -0.9962 0.0856
vn -0.0345 -0.9961 0.0807
vn -0.0834 -0.9959 0.0335
vn -0.0886 -0.9959 0.0171
vn -0.0904 -0.9959 -0.0000
vn -0.0886 -0.9959 -0.0171
vn -0.0834 -0.9959 -0.0335
vn -0.0750 -0.9960 -0.0486
vn -0.0638 -0.9960 -0.0619
vn -0.0501 -0.9961 -0.0727
vn -0.0345 -0.9961 -0.0807
vn -0.1036 -0.9651 -0.2405
vn -0.0528 -0.9654 -0.2555
vn -0.0000 -0.9654 -0.2606
vn -0.1502 -0.9647 -0.2162
vn -0.1909 -0.9643 -0.1837
vn -0.2242 -0.9638 -0.1441
vn -0.2489 -0.9634 -0.0992
vn -0.2641 -0.9632 -0.0505
vn -0.2692 -0.9631 -0.0000
vn -0.2641 -0.9632 0.0505
vn -0.2489 -0.9634 0.0992
vn -0.2242 -0.9638 0.1441
vn -0.1909 -0.9643 0.1837
vn -0.1036 -0.9651 0.2405
vn -0.1502 -0.9647 0.2162
vn -0.0528 -0.9654 0.2555
vn -0.0000 -0.9655 0.2606
vn 0.0528 -0.9654 0.2555
vn 0.1036 -0.9651 0.2405
vn 0.1502 -0.9647 0.2162
vn 0.1909 -0.9643 0.1837
vn 0.2243 -0.9638 0.1441
vn 0.2489 -0.9634 0.0992
vn 0.2641 -0.9632 0.0505
vn 0.1502 -0.9647 -0.2162
vn 0.1909 -0.9643 -0.1837
vn 0.1036 -0.9651 -0.2405
vn 0.0528 -0.9654 -0.2555
vn 0.1036 0.9651 -0.2405
vn 0.0528 0.9654 -0.2555
vn 0.0176 0.9962 -0.0856
vn -0.0000 1.0000 -0.0000
vn 0.0345 0.9961 -0.0807
vn -0.0000 0.9962 -0.0873
vn -0.0528 0.9654 -0.2555
vn -0.0176 0.9962 -0.0856
vn -0.1036 0.9651 -0.2405
vn -0.1393 0.9356 -0.3245
vn -0.0345 0.9961 -0.0807
vn -0.0501 0.9961 -0.0727
vn -0.1909 0.9643 -0.1837
vn -0.0638 0.9960 -0.0619
vn -0.3015 0.9334 -0.1944
vn -0.0750 0.9960 -0.0486
vn -0.2242 0.9638 -0.1441
vn -0.0834 0.9959 -0.0335
vn -0.3550 0.9324 -0.0681
vn -0.2489 0.9634 -0.0992
vn -0.0886 0.9959 -0.0171
vn -0.2692 0.9631 -0.0000
vn -0.0904 0.9959 -0.0000
vn -0.3550 0.9324 0.0681
vn -0.0886 0.9959 0.0171
vn -0.2489 0.9634 0.0992
vn -0.0834 0.9959 0.0335
vn -0.2242 0.9638 0.1441
vn -0.0750 0.9960 0.0486
vn -0.0638 0.9960 0.0619
vn -0.1909 0.9643 0.1837
vn -0.0501 0.9961 0.0727
vn -0.1036 0.9651 0.2405
vn -0.1393 0.9356 0.3245
vn -0.0345 0.9961 0.0807
vn -0.0528 0.9654 0.2555
vn -0.0176 0.9962 0.0856
vn -0.0000 0.9654 0.2606
vn -0.0000 0.9962 0.0873
vn 0.0176 0.9962 0.0856
vn 0.1393 0.9356 0.3245
vn 0.0528 0.9654 0.2555
vn 0.0345 0.9961 0.0807
vn 0.1036 0.9651 0.2405
vn 0.0501 0.9961 0.0727
vn 0.2567 0.9342 0.2478
vn 0.1502 0.9647 0.2162
vn 0.0638 0.9960 0.0619
vn 0.2242 0.9638 0.1441
vn 0.0750 0.9960 0.0486
vn 0.2489 0.9634 0.0992
vn 0.3346 0.9328 0.1338
vn 0.0834 0.9959 0.0335
vn 0.2641 0.9632 0.0505
vn 0.0886 0.9959 0.0171
vn 0.3619 0.9322 -0.0000
vn 0.0904 0.9959 -0.0000
vn 0.2641 0.9632 -0.0505
vn 0.0886 0.9959 -0.0171
vn 0.2489 0.9634 -0.0992
vn 0.0834 0.9959 -0.0335
vn 0.0750 0.9960 -0.0486
vn 0.2242 0.9638 -0.1441
vn 0.3015 0.9334 -0.1944
vn 0.0638 0.9960 -0.0619
vn 0.1502 0.9647 -0.2162
vn 0.0501 0.9961 -0.0727
vn 0.0710 0.9360 -0.3447
vn -0.2961 0.8540 -0.4278
vn -0.2567 0.9342 -0.2478
vn -0.2567 0.9342 0.2477
vn 0.2567 0.9342 -0.2477
vn -0.8120 0.5836 -0.0000
vn -0.8472 0.4088 0.3392
vn 0.8473 0.4088 -0.3392
vn -0.8472 -0.4088 0.3392
vn 0.2567 -0.9342 -0.2477
vn -0.2567 -0.9342 -0.2478
vn -0.4412 -0.8510 0.2847
vn -0.2243 -0.9638 0.1441
vn 0.2242 -0.9638 0.1441
vn -0.0000 0.9654 -0.2606
vn -0.1502 0.9647 -0.2162
vn -0.2641 0.9632 -0.0505
vn -0.2641 0.9632 0.0505
vn -0.1502 0.9647 0.2162
vn 0.1909 0.9643 0.1837
vn 0.1909 0.9643 -0.1837
vn -0.0000 0.8104 -0.5859
vn 0.0797 0.9191 -0.3858
vn 0.1183 0.8100 -0.5743
vn -0.1183 0.8100 -0.5743
vn -0.0000 0.9193 -0.3935
vn -0.1563 0.9186 -0.3630
vn -0.2317 0.8091 -0.5401
vn -0.0000 -0.9655 -0.2606
vn 0.2567 -0.9342 0.2477
vn 0.1295 -0.9017 0.4124
vn 0.1296 -0.9018 0.4124
vn 0.0438 -0.9022 0.4291
vn -0.0438 -0.9022 0.4291
vn -0.1296 -0.9017 0.4124
vn -0.1295 -0.9018 0.4124
vn -0.2567 -0.9342 0.2477
vn -0.3355 0.8077 -0.4848
vn -0.2878 0.9168 -0.2770
vn -0.4257 0.8061 -0.4111
vn -0.2265 0.9177 -0.3262
vn -0.3378 0.9158 -0.2172
vn -0.4991 0.8045 -0.3220
vn -0.3748 0.9150 -0.1494
vn -0.5532 0.8031 -0.2213
vn -0.5863 0.8022 -0.1126
vn -0.4052 0.9142 -0.0000
vn -0.5975 0.8019 -0.0000
vn -0.3975 0.9144 -0.0761
vn -0.3975 0.9144 0.0761
vn -0.5863 0.8022 0.1126
vn -0.3748 0.9150 0.1494
vn -0.5532 0.8031 0.2213
vn -0.4991 0.8045 0.3220
vn -0.2878 0.9168 0.2770
vn -0.4257 0.8061 0.4111
vn -0.3379 0.9158 0.2172
vn -0.2265 0.9177 0.3262
vn -0.3355 0.8077 0.4848
vn -0.1563 0.9186 0.3630
vn -0.2317 0.8091 0.5401
vn -0.4814 -0.1086 0.8698
vn -0.4589 -0.3190 0.8292
vn -0.4769 -0.1736 0.8616
vn -0.6141 -0.3172 0.7227
vn 0.2020 0.9349 0.2918
vn 0.2605 0.9155 0.3065
vn 0.1419 0.9647 0.2218
vn -0.1387 -0.8864 0.4416
vn -0.2539 -0.8057 0.5352
vn -0.2880 -0.8040 0.5203
vn -0.4802 -0.6709 0.5650
vn -0.3776 -0.8028 0.4614
vn -0.5579 -0.5077 0.6565
vn 0.2880 -0.8040 0.5203
vn 0.4802 -0.6709 0.5650
vn 0.5579 -0.5077 0.6565
vn 0.4589 -0.3190 0.8292
vn 0.4769 -0.1736 0.8616
vn 0.6141 -0.3172 0.7227
vn 0.4814 -0.1086 0.8698
vn 0.2979 0.1092 0.9483
vn 0.2990 0.0641 0.9521
vn 0.4263 -0.1093 0.8980
vn 0.1009 0.1095 0.9889
vn -0.4263 -0.1093 0.8980
vn -0.2990 0.0640 0.9521
vn -0.2979 0.1092 0.9483
vn -0.1008 0.1095 0.9889
vn -0.1009 0.1095 0.9889
vn -0.1183 0.8100 0.5743
vn -0.0000 0.9193 0.3935
vn -0.0000 0.8104 0.5859
vn -0.0798 0.9191 0.3858
vn 0.0797 0.9191 0.3858
vn 0.1183 0.8100 0.5743
vn 0.1563 0.9186 0.3630
vn 0.2317 0.8091 0.5401
vn 0.3355 0.8077 0.4848
vn 0.2878 0.9168 0.2770
vn 0.4257 0.8061 0.4111
vn 0.2265 0.9177 0.3262
vn 0.3378 0.9158 0.2172
vn 0.4991 0.8045 0.3220
vn 0.3748 0.9150 0.1494
vn 0.5532 0.8031 0.2213
vn 0.4256 -0.7537 0.5008
vn 0.3776 -0.8028 0.4614
vn 0.8121 0.5836 -0.0000
vn 0.5863 0.8022 0.1126
vn 0.4052 0.9142 -0.0000
vn 0.5975 0.8019 -0.0000
vn 0.3975 0.9144 0.0761
vn 0.3975 0.9144 -0.0761
vn 0.5863 0.8022 -0.1126
vn 0.5532 0.8031 -0.2213
vn 0.8472 -0.4088 -0.3392
vn 0.4412 -0.8510 -0.2847
vn 0.4991 0.8045 -0.3220
vn 0.2878 0.9168 -0.2770
vn 0.4257 0.8061 -0.4111
vn 0.3379 0.9158 -0.2172
vn 0.2265 0.9177 -0.3262
vn 0.3355 0.8077 -0.4848
vn 0.2317 0.8091 -0.5401
vn 0.1387 -0.8864 0.4416
vn 0.2539 -0.8057 0.5352
vn -0.2605 0.9155 0.3066
vn -0.2020 0.9349 0.2918
vn -0.1419 0.9648 0.2215
vn 0.9658 -0.0687 0.2499
vn 0.9658 0.0687 0.2499
vn 0.9658 0.0687 -0.2499
vn 0.9658 -0.0687 -0.2499
vn 0.9466 -0.2044 -0.2492
vn 0.9466 -0.2044 0.2492
vn 0.7184 -0.0511 -0.6938
vn 0.7050 -0.1522 -0.6927
vn 0.6786 -0.2500 -0.6906
vn 0.9091 -0.3349 -0.2479
vn 0.6401 -0.3426 -0.6877
vn 0.6400 -0.3426 -0.6877
vn 0.8546 -0.4574 -0.2460
vn 0.8546 -0.4574 0.2460
vn 0.9091 -0.3349 0.2479
vn 0.6401 -0.3426 0.6877
vn 0.6786 -0.2500 0.6906
vn 0.7050 -0.1522 0.6927
vn 0.2535 -0.0934 0.9628
vn 0.2627 -0.0567 0.9632
vn 0.7184 -0.0511 0.6938
vn 0.2673 -0.0190 0.9634
vn 0.7184 0.0511 0.6938
vn 0.2673 0.0190 0.9634
vn -0.2673 -0.0190 0.9634
vn -0.2673 0.0190 0.9634
vn -0.7184 -0.0511 0.6938
vn -0.7184 0.0511 0.6938
vn -0.2627 0.0567 0.9632
vn -0.7050 0.1522 0.6927
vn -0.9466 0.2044 0.2492
vn -0.9658 0.0687 0.2499
vn -0.9466 0.2044 -0.2492
vn -0.9658 0.0687 -0.2499
vn -0.9658 -0.0687 0.2499
vn -0.9658 -0.0687 -0.2499
vn -0.7184 -0.0511 -0.6938
vn -0.7184 0.0511 -0.6938
vn -0.2673 -0.0190 -0.9634
vn -0.2673 0.0190 -0.9634
vn -0.7050 0.1522 -0.6927
vn -0.2627 0.0567 -0.9632
vn 0.2627 -0.0567 -0.9632
vn 0.2673 -0.0190 -0.9634
vn -0.2535 0.0934 -0.9628
vn 0.2535 -0.0934 -0.9628
vn -0.2400 0.1285 -0.9622
vn -0.2400 0.1284 -0.9622
vn 0.2400 -0.1284 -0.9622
vn -0.2223 0.1612 -0.9616
vn 0.2223 -0.1612 -0.9616
vn 0.2223 -0.1613 -0.9615
vn 0.5904 -0.4281 -0.6842
vn 0.5903 -0.4281 -0.6842
vn 0.2009 -0.1912 -0.9608
vn 0.5308 -0.5053 -0.6804
vn 0.7029 -0.6691 -0.2414
vn 0.7851 -0.5694 -0.2438
vn 0.7029 -0.6691 0.2414
vn 0.7851 -0.5694 0.2438
vn 0.5308 -0.5053 0.6804
vn 0.5903 -0.4281 0.6842
vn 0.2008 -0.1912 0.9608
vn 0.2008 -0.1911 0.9608
vn 0.2223 -0.1612 0.9616
vn 0.2399 -0.1284 0.9623
vn -0.2223 0.1612 0.9616
vn -0.2399 0.1284 0.9623
vn -0.2535 0.0934 0.9628
vn -0.6400 0.3426 0.6877
vn -0.6401 0.3426 0.6877
vn -0.6786 0.2500 0.6906
vn -0.8546 0.4574 0.2460
vn -0.9091 0.3349 0.2479
vn -0.8546 0.4574 -0.2460
vn -0.9091 0.3349 -0.2479
vn -0.6400 0.3426 -0.6877
vn -0.6786 0.2500 -0.6906
vn -0.7851 0.5694 -0.2438
vn -0.5904 0.4281 -0.6842
vn -0.5903 0.4282 -0.6842
vn -0.7029 0.6690 -0.2414
vn -0.5308 0.5052 -0.6804
vn -0.2009 0.1912 -0.9608
vn -0.4628 0.5728 -0.6765
vn -0.1760 0.2178 -0.9600
vn 0.1760 -0.2178 -0.9600
vn -0.1482 0.2407 -0.9592
vn 0.1482 -0.2407 -0.9592
vn 0.3879 -0.6300 -0.6728
vn 0.4628 -0.5728 -0.6765
vn 0.5094 -0.8274 -0.2367
vn 0.6103 -0.7553 -0.2390
vn 0.5094 -0.8274 0.2367
vn 0.6103 -0.7553 0.2390
vn 0.3879 -0.6300 0.6728
vn 0.4628 -0.5728 0.6765
vn 0.1482 -0.2407 0.9592
vn 0.1760 -0.2178 0.9600
vn -0.1482 0.2407 0.9592
vn -0.1760 0.2178 0.9600
vn -0.2008 0.1912 0.9608
vn -0.4628 0.5728 0.6765
vn -0.5308 0.5052 0.6804
vn -0.5904 0.4281 0.6842
vn -0.5903 0.4282 0.6842
vn -0.7029 0.6690 0.2414
vn -0.7029 0.6691 0.2414
vn -0.7851 0.5694 0.2438
vn -0.6103 0.7553 0.2390
vn -0.6102 0.7553 0.2390
vn -0.6103 0.7553 -0.2390
vn -0.6102 0.7553 -0.2390
vn -0.5093 0.8274 0.2367
vn -0.5094 0.8274 0.2367
vn -0.5093 0.8274 -0.2367
vn -0.5094 0.8274 -0.2367
vn -0.3879 0.6300 -0.6728
vn -0.4021 0.8850 -0.2347
vn -0.4021 0.8850 -0.2348
vn -0.3073 0.6763 -0.6695
vn -0.1179 0.2594 -0.9585
vn -0.2224 0.7112 -0.6669
vn -0.0856 0.2738 -0.9580
vn 0.0856 -0.2738 -0.9580
vn 0.1179 -0.2594 -0.9585
vn 0.2224 -0.7112 -0.6669
vn 0.3073 -0.6763 -0.6695
vn 0.2903 -0.9281 -0.2332
vn 0.4021 -0.8850 -0.2348
vn 0.2903 -0.9281 0.2332
vn 0.4021 -0.8850 0.2347
vn 0.4021 -0.8850 0.2348
vn 0.2224 -0.7112 0.6669
vn 0.3073 -0.6763 0.6695
vn 0.0856 -0.2737 0.9580
vn 0.1179 -0.2594 0.9585
vn 0.1179 -0.2594 0.9586
vn -0.0856 0.2737 0.9580
vn -0.1179 0.2594 0.9585
vn -0.2224 0.7112 0.6669
vn -0.3073 0.6763 0.6695
vn -0.3879 0.6300 0.6728
vn -0.3878 0.6300 0.6728
vn -0.4021 0.8850 0.2347
vn -0.2903 0.9281 0.2332
vn -0.2903 0.9281 -0.2332
vn -0.1753 0.9568 0.2321
vn -0.1754 0.9568 0.2320
vn -0.1753 0.9568 -0.2321
vn -0.1754 0.9568 -0.2321
vn -0.1346 0.7346 -0.6650
vn -0.0586 0.9711 -0.2315
vn -0.0587 0.9711 -0.2315
vn -0.0451 0.7463 -0.6641
vn -0.0174 0.2883 -0.9574
vn -0.0520 0.2834 -0.9576
vn -0.0520 0.2835 -0.9576
vn 0.0174 -0.2883 -0.9574
vn 0.0519 -0.2834 -0.9576
vn 0.0451 -0.7463 -0.6641
vn 0.1346 -0.7346 -0.6650
vn 0.0586 -0.9711 -0.2315
vn 0.1753 -0.9568 -0.2321
vn 0.0586 -0.9711 0.2315
vn 0.1754 -0.9568 0.2321
vn 0.0451 -0.7463 0.6641
vn 0.1346 -0.7346 0.6650
vn 0.0174 -0.2883 0.9574
vn 0.0519 -0.2834 0.9576
vn -0.0174 0.2883 0.9574
vn -0.0519 0.2834 0.9576
vn -0.0451 0.7463 0.6641
vn -0.1346 0.7346 0.6650
vn -0.0587 0.9711 0.2315
vn -0.0586 0.9711 0.2315
vn 0.0451 0.7463 0.6641
vn 0.0587 0.9711 0.2315
vn 0.0587 0.9711 -0.2315
vn 0.1753 0.9568 0.2321
vn 0.1753 0.9568 -0.2321
vn 0.1346 0.7346 -0.6650
vn 0.0451 0.7463 -0.6641
vn 0.0520 0.2834 -0.9576
vn 0.0519 0.2834 -0.9576
vn 0.0174 0.2883 -0.9574
vn -0.0519 -0.2834 -0.9576
vn -0.0174 -0.2883 -0.9574
vn -0.1346 -0.7346 -0.6650
vn -0.0451 -0.7463 -0.6641
vn -0.1753 -0.9568 -0.2321
vn -0.1754 -0.9568 -0.2321
vn -0.0586 -0.9711 -0.2315
vn -0.1754 -0.9568 0.2321
vn -0.1753 -0.9568 0.2321
vn -0.0586 -0.9711 0.2315
vn -0.1346 -0.7346 0.6650
vn -0.0451 -0.7463 0.6641
vn -0.0519 -0.2834 0.9576
vn -0.0174 -0.2883 0.9574
vn 0.0519 0.2834 0.9576
vn 0.0174 0.2883 0.9574
vn 0.1346 0.7346 0.6650
vn 0.0856 0.2737 0.9580
vn 0.2224 0.7112 0.6669
vn 0.2225 0.7112 0.6669
vn 0.2903 0.9281 0.2332
vn 0.3073 0.6763 0.6695
vn 0.4021 0.8850 0.2347
vn 0.4021 0.8850 -0.2347
vn 0.2903 0.9281 -0.2332
vn 0.3073 0.6763 -0.6695
vn 0.2224 0.7112 -0.6669
vn 0.2225 0.7112 -0.6669
vn 0.1179 0.2594 -0.9585
vn 0.0856 0.2738 -0.9580
vn -0.1179 -0.2594 -0.9585
vn -0.1179 -0.2595 -0.9585
vn -0.0856 -0.2738 -0.9580
vn -0.3073 -0.6763 -0.6695
vn -0.2224 -0.7112 -0.6669
vn -0.4021 -0.8850 -0.2348
vn -0.4021 -0.8850 -0.2347
vn -0.2903 -0.9281 -0.2332
vn -0.4021 -0.8850 0.2347
vn -0.2903 -0.9281 0.2332
vn -0.3073 -0.6763 0.6695
vn -0.2224 -0.7112 0.6669
vn -0.1179 -0.2594 0.9585
vn -0.0856 -0.2737 0.9580
vn 0.1179 0.2594 0.9585
vn -0.1482 -0.2407 0.9592
vn 0.1482 0.2407 0.9592
vn 0.3879 0.6300 0.6728
vn 0.1760 0.2178 0.9600
vn 0.4628 0.5728 0.6765
vn 0.6103 0.7553 0.2390
vn 0.6102 0.7553 0.2390
vn 0.5093 0.8274 0.2367
vn 0.5094 0.8273 0.2367
vn 0.6103 0.7553 -0.2390
vn 0.5094 0.8274 -0.2367
vn 0.5093 0.8274 -0.2367
vn 0.5094 0.8273 -0.2368
vn 0.4628 0.5728 -0.6765
vn 0.3879 0.6300 -0.6728
vn 0.1760 0.2178 -0.9600
vn 0.1482 0.2407 -0.9592
vn -0.1760 -0.2178 -0.9600
vn -0.1482 -0.2407 -0.9592
vn -0.4628 -0.5728 -0.6765
vn -0.3879 -0.6300 -0.6728
vn -0.6103 -0.7553 -0.2390
vn -0.5094 -0.8274 -0.2367
vn -0.6103 -0.7553 0.2390
vn -0.5093 -0.8274 0.2367
vn -0.5094 -0.8274 0.2367
vn -0.4628 -0.5728 0.6765
vn -0.3879 -0.6300 0.6728
vn -0.1760 -0.2178 0.9600
vn -0.5308 -0.5053 0.6804
vn -0.2008 -0.1912 0.9608
vn 0.2008 0.1912 0.9608
vn 0.2008 0.1911 0.9608
vn -0.2223 -0.1612 0.9616
vn 0.2223 0.1612 0.9616
vn 0.5904 0.4281 0.6842
vn 0.5308 0.5052 0.6804
vn 0.7851 0.5694 0.2438
vn 0.7029 0.6690 0.2414
vn 0.7851 0.5694 -0.2438
vn 0.7029 0.6690 -0.2414
vn 0.5904 0.4281 -0.6842
vn 0.5308 0.5052 -0.6804
vn 0.2223 0.1612 -0.9616
vn 0.2009 0.1912 -0.9608
vn -0.2223 -0.1612 -0.9616
vn -0.2009 -0.1912 -0.9608
vn -0.5904 -0.4281 -0.6842
vn -0.5903 -0.4281 -0.6842
vn -0.5308 -0.5053 -0.6804
vn -0.5308 -0.5052 -0.6804
vn -0.7851 -0.5694 -0.2438
vn -0.7029 -0.6691 -0.2414
vn -0.7851 -0.5694 0.2438
vn -0.7029 -0.6691 0.2414
vn -0.5903 -0.4281 0.6842
vn -0.5904 -0.4281 0.6842
vn -0.8546 -0.4574 0.2460
vn -0.8545 -0.4574 0.2460
vn -0.6401 -0.3426 0.6877
vn -0.2399 -0.1284 0.9623
vn -0.6786 -0.2500 0.6906
vn -0.2535 -0.0934 0.9628
vn 0.2535 0.0934 0.9628
vn 0.2399 0.1284 0.9623
vn 0.6786 0.2500 0.6906
vn 0.6400 0.3426 0.6877
vn 0.9091 0.3349 0.2479
vn 0.8545 0.4574 0.2460
vn 0.9091 0.3349 -0.2479
vn 0.8545 0.4574 -0.2460
vn 0.6786 0.2500 -0.6906
vn 0.6400 0.3426 -0.6877
vn 0.2535 0.0934 -0.9628
vn 0.2400 0.1284 -0.9622
vn -0.2535 -0.0934 -0.9628
vn -0.2400 -0.1284 -0.9622
vn -0.6786 -0.2500 -0.6906
vn -0.6401 -0.3426 -0.6877
vn -0.9091 -0.3349 -0.2479
vn -0.8546 -0.4574 -0.2460
vn -0.8545 -0.4574 -0.2460
vn -0.9091 -0.3349 0.2479
vn -0.9466 -0.2044 -0.2492
vn -0.9466 -0.2044 0.2492
vn -0.7050 -0.1522 0.6927
vn -0.2627 -0.0567 0.9632
vn 0.2627 0.0567 0.9632
vn 0.7050 0.1522 0.6927
vn 0.9466 0.2044 0.2492
vn 0.9466 0.2044 -0.2492
vn 0.7184 0.0511 -0.6938
vn 0.7050 0.1522 -0.6927
vn 0.2673 0.0190 -0.9634
vn 0.2627 0.0567 -0.9632
vn -0.2627 -0.0567 -0.9632
vn -0.7050 -0.1522 -0.6927
vn 0.2626 -0.0567 0.9632
vn -0.6401 0.3426 -0.6877
vn 0.6400 -0.3426 0.6877
vn 0.8545 -0.4574 0.2460
vn -0.2223 0.1612 -0.9615
vn -0.5903 0.4281 -0.6842
vn -0.5308 0.5053 -0.6804
vn -0.7029 0.6691 -0.2414
vn -0.5308 0.5053 0.6804
vn -0.5903 0.4281 0.6842
vn -0.2008 0.1911 0.9608
vn 0.5308 -0.5052 0.6804
vn 0.5904 -0.4281 0.6842
vn 0.5904 -0.4281 0.6843
vn 0.7029 -0.6690 0.2414
vn 0.7029 -0.6690 -0.2414
vn 0.5308 -0.5052 -0.6804
vn 0.5904 -0.4281 -0.6843
vn 0.4021 -0.8850 -0.2347
vn -0.1179 0.2595 -0.9585
vn -0.4021 0.8850 0.2348
vn 0.1753 -0.9568 0.2321
vn 0.1754 -0.9568 -0.2321
vn 0.0519 -0.2835 -0.9576
vn -0.0519 0.2834 -0.9576
vn -0.1754 0.9568 0.2321
vn -0.0587 -0.9711 0.2315
vn -0.0587 -0.9711 -0.2315
vn 0.1754 0.9568 -0.2321
vn 0.0586 0.9711 -0.2315
vn 0.1754 0.9568 0.2321
vn 0.0586 0.9711 0.2315
vn -0.2902 -0.9281 0.2332
vn -0.3073 -0.6762 -0.6695
vn 0.1179 0.2595 -0.9585
vn 0.4021 0.8850 -0.2348
vn 0.1179 0.2594 0.9586
vn -0.6102 -0.7553 -0.2390
vn -0.5093 -0.8274 -0.2367
vn -0.4628 -0.5729 -0.6765
vn 0.5094 0.8274 0.2367
vn 0.5308 0.5053 0.6804
vn -0.2008 -0.1911 0.9608
vn -0.5904 -0.4282 0.6842
vn -0.5308 -0.5052 0.6804
vn -0.7029 -0.6690 0.2414
vn -0.7029 -0.6690 -0.2414
vn -0.5904 -0.4282 -0.6842
vn 0.5903 0.4281 -0.6842
vn 0.5308 0.5053 -0.6804
vn 0.7029 0.6691 -0.2414
vn 0.5903 0.4282 0.6842
vn 0.5904 0.4282 0.6842
vn 0.8546 0.4574 0.2460
vn 0.6401 0.3426 0.6877
vn -0.6400 -0.3426 0.6877
vn -0.6400 -0.3426 -0.6877
vn -0.2400 -0.1285 -0.9622
vn 0.2400 0.1285 -0.9622
vn 0.6401 0.3426 -0.6877
vn 0.8546 0.4574 -0.2460
vn 1.0000 -0.0044 0.0006
vn 0.9776 -0.2107 -0.0000
vn 0.9784 0.2065 -0.0133
vn 0.9776 0.2107 -0.0000
vn 0.9999 -0.0133 0.0095
vn 0.9716 -0.2219 0.0820
vn 0.9765 -0.2148 0.0144
vn 0.9136 0.4057 -0.0264
vn 0.9123 0.4095 -0.0000
vn 0.9782 0.1972 -0.0657
vn 0.8114 0.5833 -0.0382
vn 0.8100 0.5865 -0.0000
vn 0.9087 0.3942 -0.1373
vn 0.6794 0.7322 -0.0480
vn 0.6782 0.7349 -0.0000
vn 0.7998 0.5659 -0.2000
vn 0.5258 0.8488 -0.0557
vn 0.5248 0.8512 -0.0000
vn 0.6627 0.7056 -0.2508
vn 0.3576 0.9319 -0.0612
vn 0.3570 0.9341 -0.0000
vn 0.5078 0.8115 -0.2891
vn 0.2105 0.9738 -0.0857
vn 0.2692 0.9631 -0.0000
vn 0.3519 0.9281 -0.1219
vn 0.0896 0.9875 -0.1297
vn 0.1777 0.9757 -0.1281
vn -0.1777 0.9757 -0.1281
vn -0.0896 0.9875 -0.1297
vn -0.2105 0.9738 -0.0857
vn -0.3576 0.9319 -0.0612
vn -0.3570 0.9341 -0.0000
vn -0.3519 0.9281 -0.1219
vn -0.5258 0.8488 -0.0557
vn -0.5248 0.8512 -0.0000
vn -0.5078 0.8115 -0.2891
vn -0.6794 0.7322 -0.0480
vn -0.6782 0.7349 -0.0000
vn -0.6627 0.7056 -0.2508
vn -0.8114 0.5833 -0.0382
vn -0.8100 0.5865 -0.0000
vn -0.7998 0.5659 -0.2000
vn -0.9136 0.4057 -0.0264
vn -0.9123 0.4095 -0.0000
vn -0.9087 0.3942 -0.1373
vn -0.9784 0.2065 -0.0133
vn -0.9776 0.2107 -0.0000
vn -0.9782 0.1972 -0.0657
vn -1.0000 -0.0044 0.0006
vn -0.9999 -0.0133 0.0095
vn -0.9765 -0.2148 0.0144
vn -0.9776 -0.2107 -0.0000
vn -0.9716 -0.2219 0.0820
vn -0.9104 -0.4129 0.0273
vn -0.9123 -0.4095 -0.0000
vn -0.8982 -0.4145 0.1465
vn -0.8074 -0.5887 0.0387
vn -0.8100 -0.5865 -0.0000
vn -0.7887 -0.5813 0.2001
vn -0.6754 -0.7359 0.0482
vn -0.6782 -0.7349 -0.0000
vn -0.6533 -0.7173 0.2422
vn -0.5223 -0.8510 0.0556
vn -0.5248 -0.8512 -0.0000
vn -0.5011 -0.8211 0.2733
vn -0.3551 -0.9328 0.0608
vn -0.3570 -0.9341 -0.0000
vn -0.3569 -0.9262 0.1216
vn -0.2090 -0.9742 0.0853
vn -0.1804 -0.9752 0.1281
vn -0.0903 -0.9959 -0.0000
vn -0.0896 -0.9875 0.1297
vn 0.0903 -0.9959 -0.0000
vn 0.2090 -0.9742 0.0853
vn 0.0896 -0.9875 0.1297
vn 0.3551 -0.9328 0.0608
vn 0.3570 -0.9341 -0.0000
vn 0.1804 -0.9752 0.1281
vn 0.5223 -0.8510 0.0556
vn 0.5248 -0.8512 -0.0000
vn 0.3569 -0.9262 0.1216
vn 0.6754 -0.7359 0.0482
vn 0.6782 -0.7349 -0.0000
vn 0.5011 -0.8211 0.2733
vn 0.8074 -0.5887 0.0387
vn 0.8100 -0.5865 -0.0000
vn 0.6533 -0.7173 0.2422
vn 0.9104 -0.4129 0.0273
vn 0.9123 -0.4095 -0.0000
vn 0.7887 -0.5813 0.2001
vn 0.8982 -0.4145 0.1465
vn 0.7926 -0.4707 0.3875
vn 0.9012 -0.3338 0.2766
vn 0.9731 -0.1768 0.1480
vn 0.9999 -0.0083 0.0083
vn 0.9782 -0.1360 0.1568
vn 0.9077 -0.2749 0.3170
vn 0.9780 0.1607 -0.1331
vn 0.9998 0.0127 -0.0147
vn 0.9096 0.3187 -0.2664
vn 0.9698 0.1598 -0.1843
vn 0.8025 0.4568 -0.3838
vn 0.8932 0.2946 -0.3397
vn 0.6668 0.5698 -0.4804
vn 0.7804 0.4097 -0.4724
vn 0.5121 0.6560 -0.5544
vn 0.6429 0.5018 -0.5787
vn 0.3211 0.8102 -0.4904
vn 0.3463 0.7161 -0.6061
vn 0.4905 0.5710 -0.6584
vn 0.1602 0.8435 -0.5127
vn 0.1744 0.7514 -0.6364
vn 0.3300 0.6185 -0.7132
vn -0.0000 0.8542 -0.5200
vn -0.0000 0.7630 -0.6464
vn 0.1657 0.6461 -0.7450
vn -0.1744 0.7514 -0.6364
vn -0.1602 0.8435 -0.5127
vn -0.1657 0.6461 -0.7450
vn -0.3463 0.7161 -0.6061
vn -0.3211 0.8102 -0.4904
vn -0.3300 0.6185 -0.7132
vn -0.5121 0.6560 -0.5544
vn -0.4905 0.5710 -0.6584
vn -0.6668 0.5698 -0.4804
vn -0.6429 0.5018 -0.5787
vn -0.8025 0.4568 -0.3838
vn -0.7804 0.4097 -0.4724
vn -0.9096 0.3187 -0.2664
vn -0.8932 0.2946 -0.3397
vn -0.9780 0.1607 -0.1331
vn -0.9698 0.1598 -0.1843
vn -0.9999 -0.0083 0.0084
vn -0.9998 0.0127 -0.0147
vn -0.9731 -0.1768 0.1480
vn -0.9782 -0.1360 0.1568
vn -0.9012 -0.3338 0.2766
vn -0.9077 -0.2749 0.3170
vn -0.7926 -0.4707 0.3875
vn -0.7975 -0.3953 0.4558
vn -0.6573 -0.5830 0.4775
vn -0.6593 -0.4926 0.5680
vn -0.5044 -0.6691 0.5458
vn -0.5041 -0.5658 0.6525
vn -0.3409 -0.7293 0.5932
vn -0.3083 -0.8306 0.4637
vn -0.2223 -0.0637 0.9729
vn -0.1717 -0.7648 0.6210
vn -0.1541 -0.8630 0.4811
vn -0.1111 -0.0822 0.9904
vn -0.0000 -0.7765 0.6301
vn -0.0000 -0.8735 0.4868
vn -0.0000 -0.0882 0.9961
vn 0.1541 -0.8630 0.4811
vn 0.1717 -0.7648 0.6210
vn 0.3083 -0.8306 0.4637
vn 0.3409 -0.7293 0.5932
vn 0.1111 -0.0822 0.9904
vn 0.5044 -0.6691 0.5458
vn 0.2223 -0.0637 0.9729
vn 0.6573 -0.5830 0.4775
vn 0.5041 -0.5658 0.6525
vn 0.6593 -0.4926 0.5680
vn 0.7975 -0.3953 0.4558
vn -0.0000 0.5561 0.8311
vn 0.9528 -0.0678 0.2959
vn 0.9528 -0.0678 0.2958
vn 0.9528 0.0678 0.2959
vn 0.9528 0.0678 -0.2959
vn 0.9528 -0.0678 -0.2959
vn 0.9528 -0.0678 -0.2958
vn 0.9340 -0.2016 -0.2951
vn 0.9340 -0.2016 0.2951
vn 0.6526 -0.0464 -0.7563
vn 0.6406 -0.1383 -0.7553
vn 0.6170 -0.2273 -0.7535
vn 0.8970 -0.3305 -0.2935
vn 0.5823 -0.3117 -0.7508
vn 0.8434 -0.4514 -0.2914
vn 0.8434 -0.4514 0.2914
vn 0.8970 -0.3305 0.2935
vn 0.5823 -0.3117 0.7508
vn 0.6170 -0.2273 0.7534
vn 0.6406 -0.1383 0.7553
vn 0.2136 -0.0787 0.9737
vn 0.2213 -0.0478 0.9740
vn 0.6526 -0.0464 0.7563
vn 0.2252 -0.0160 0.9742
vn 0.6526 0.0464 0.7563
vn 0.2252 0.0160 0.9742
vn -0.2252 -0.0160 0.9742
vn -0.2252 0.0160 0.9742
vn -0.6526 -0.0464 0.7563
vn -0.6526 0.0464 0.7563
vn -0.2213 0.0478 0.9740
vn -0.6406 0.1383 0.7553
vn -0.9340 0.2016 0.2951
vn -0.9528 0.0678 0.2959
vn -0.9340 0.2016 -0.2951
vn -0.9528 0.0678 -0.2959
vn -0.9528 -0.0678 0.2959
vn -0.9528 -0.0678 -0.2959
vn -0.6526 -0.0464 -0.7563
vn -0.6526 0.0464 -0.7563
vn -0.2252 -0.0160 -0.9742
vn -0.2252 0.0160 -0.9742
vn -0.6406 0.1383 -0.7553
vn -0.2213 0.0478 -0.9740
vn 0.2214 -0.0478 -0.9740
vn 0.2252 -0.0160 -0.9742
vn -0.2136 0.0787 -0.9737
vn -0.2137 0.0787 -0.9737
vn 0.2136 -0.0787 -0.9737
vn -0.2023 0.1083 -0.9733
vn 0.2023 -0.1083 -0.9733
vn -0.1874 0.1359 -0.9728
vn 0.1874 -0.1359 -0.9728
vn 0.5376 -0.3899 -0.7477
vn 0.1694 -0.1612 -0.9723
vn 0.4838 -0.4605 -0.7442
vn 0.6941 -0.6606 -0.2860
vn 0.7750 -0.5621 -0.2888
vn 0.6941 -0.6606 0.2860
vn 0.6941 -0.6607 0.2860
vn 0.7750 -0.5621 0.2888
vn 0.4838 -0.4605 0.7442
vn 0.4838 -0.4606 0.7442
vn 0.5376 -0.3899 0.7477
vn 0.1694 -0.1612 0.9723
vn 0.1874 -0.1359 0.9728
vn 0.2023 -0.1083 0.9733
vn 0.2022 -0.1082 0.9733
vn -0.1874 0.1359 0.9728
vn -0.2023 0.1082 0.9733
vn -0.2023 0.1083 0.9733
vn -0.2022 0.1082 0.9733
vn -0.2136 0.0787 0.9737
vn -0.5823 0.3117 0.7508
vn -0.6170 0.2273 0.7534
vn -0.8434 0.4514 0.2914
vn -0.8970 0.3305 0.2935
vn -0.8434 0.4514 -0.2914
vn -0.8970 0.3305 -0.2935
vn -0.5823 0.3117 -0.7508
vn -0.6170 0.2273 -0.7535
vn -0.7750 0.5620 -0.2888
vn -0.7750 0.5621 -0.2888
vn -0.7751 0.5620 -0.2888
vn -0.5376 0.3899 -0.7477
vn -0.6941 0.6607 -0.2860
vn -0.6940 0.6607 -0.2860
vn -0.4838 0.4605 -0.7442
vn -0.1694 0.1612 -0.9723
vn -0.4223 0.5226 -0.7406
vn -0.4223 0.5226 -0.7407
vn -0.1485 0.1837 -0.9717
vn 0.1485 -0.1837 -0.9717
vn -0.1250 0.2031 -0.9712
vn -0.1250 0.2031 -0.9711
vn 0.1250 -0.2031 -0.9712
vn 0.1250 -0.2031 -0.9711
vn 0.3542 -0.5753 -0.7373
vn 0.4223 -0.5226 -0.7406
vn 0.5032 -0.8173 -0.2806
vn 0.6027 -0.7460 -0.2833
vn 0.5032 -0.8173 0.2806
vn 0.6027 -0.7460 0.2833
vn 0.3542 -0.5753 0.7372
vn 0.3542 -0.5754 0.7372
vn 0.4223 -0.5226 0.7406
vn 0.1250 -0.2031 0.9712
vn 0.1484 -0.1837 0.9717
vn -0.1250 0.2031 0.9712
vn -0.1484 0.1837 0.9717
vn -0.1694 0.1612 0.9723
vn -0.4223 0.5226 0.7406
vn -0.4838 0.4605 0.7442
vn -0.5376 0.3899 0.7477
vn -0.6941 0.6607 0.2860
vn -0.6940 0.6607 0.2861
vn -0.7750 0.5621 0.2888
vn -0.7750 0.5620 0.2888
vn -0.7751 0.5620 0.2888
vn -0.6028 0.7460 0.2832
vn -0.6028 0.7460 -0.2832
vn -0.5032 0.8173 0.2806
vn -0.5032 0.8174 0.2806
vn -0.5032 0.8173 -0.2806
vn -0.3542 0.5753 -0.7373
vn -0.3973 0.8745 -0.2783
vn -0.3973 0.8744 -0.2784
vn -0.2808 0.6181 -0.7343
vn -0.2808 0.6180 -0.7343
vn -0.0995 0.2189 -0.9707
vn -0.2034 0.6504 -0.7318
vn -0.0723 0.2311 -0.9703
vn 0.0723 -0.2310 -0.9703
vn 0.0723 -0.2311 -0.9703
vn 0.0995 -0.2189 -0.9707
vn 0.2034 -0.6504 -0.7318
vn 0.2808 -0.6181 -0.7343
vn 0.2869 -0.9172 -0.2765
vn 0.3973 -0.8744 -0.2784
vn 0.2869 -0.9172 0.2765
vn 0.2868 -0.9172 0.2765
vn 0.3973 -0.8744 0.2784
vn 0.2034 -0.6504 0.7318
vn 0.2808 -0.6181 0.7342
vn 0.0723 -0.2310 0.9703
vn 0.0995 -0.2189 0.9707
vn -0.0723 0.2310 0.9703
vn -0.0995 0.2189 0.9707
vn -0.2034 0.6504 0.7318
vn -0.2808 0.6181 0.7342
vn -0.3542 0.5753 0.7372
vn -0.3542 0.5754 0.7372
vn -0.3973 0.8745 0.2783
vn -0.3973 0.8744 0.2784
vn -0.2869 0.9172 0.2765
vn -0.2869 0.9172 -0.2765
vn -0.1733 0.9456 0.2752
vn -0.1733 0.9456 0.2753
vn -0.1733 0.9456 -0.2752
vn -0.1733 0.9456 -0.2753
vn -0.1232 0.6721 -0.7301
vn -0.0580 0.9598 -0.2746
vn -0.0412 0.6830 -0.7293
vn -0.0413 0.6830 -0.7293
vn -0.0147 0.2434 -0.9698
vn -0.0438 0.2392 -0.9700
vn -0.0439 0.2392 -0.9700
vn 0.0147 -0.2434 -0.9698
vn 0.0438 -0.2392 -0.9700
vn 0.0439 -0.2392 -0.9700
vn 0.0412 -0.6830 -0.7293
vn 0.1232 -0.6721 -0.7301
vn 0.0580 -0.9598 -0.2746
vn 0.0579 -0.9598 -0.2746
vn 0.1733 -0.9456 -0.2752
vn 0.1733 -0.9456 -0.2753
vn 0.0580 -0.9598 0.2746
vn 0.1733 -0.9456 0.2753
vn 0.1733 -0.9456 0.2752
vn 0.0412 -0.6830 0.7292
vn 0.1232 -0.6721 0.7301
vn 0.0147 -0.2434 0.9698
vn 0.0147 -0.2433 0.9698
vn 0.0438 -0.2392 0.9700
vn -0.0147 0.2433 0.9698
vn -0.0438 0.2392 0.9700
vn -0.0412 0.6830 0.7292
vn -0.0412 0.6830 0.7293
vn -0.1232 0.6721 0.7301
vn -0.0580 0.9598 0.2746
vn 0.0412 0.6830 0.7292
vn 0.0580 0.9598 0.2746
vn 0.0579 0.9598 0.2746
vn 0.0580 0.9598 -0.2746
vn 0.0579 0.9598 -0.2746
vn 0.1733 0.9456 0.2752
vn 0.1733 0.9456 0.2753
vn 0.1733 0.9456 -0.2752
vn 0.1232 0.6721 -0.7301
vn 0.0412 0.6830 -0.7293
vn 0.0438 0.2392 -0.9700
vn 0.0147 0.2434 -0.9698
vn -0.0438 -0.2393 -0.9700
vn -0.0147 -0.2434 -0.9698
vn -0.1232 -0.6721 -0.7301
vn -0.0412 -0.6830 -0.7293
vn -0.1733 -0.9456 -0.2752
vn -0.1733 -0.9456 -0.2753
vn -0.0580 -0.9598 -0.2746
vn -0.0579 -0.9598 -0.2746
vn -0.1733 -0.9456 0.2753
vn -0.1733 -0.9456 0.2752
vn -0.0580 -0.9598 0.2746
vn -0.0579 -0.9598 0.2746
vn -0.1232 -0.6721 0.7301
vn -0.0412 -0.6830 0.7292
vn -0.0438 -0.2392 0.9700
vn -0.0147 -0.2434 0.9698
vn 0.0438 0.2392 0.9700
vn 0.0147 0.2433 0.9698
vn 0.1232 0.6721 0.7301
vn 0.0723 0.2310 0.9703
vn 0.2034 0.6504 0.7318
vn 0.2869 0.9172 0.2765
vn 0.2868 0.9172 0.2765
vn 0.2808 0.6181 0.7342
vn 0.3973 0.8745 0.2783
vn 0.3973 0.8745 -0.2783
vn 0.2869 0.9172 -0.2765
vn 0.2868 0.9172 -0.2765
vn 0.2808 0.6181 -0.7343
vn 0.2034 0.6504 -0.7318
vn 0.0995 0.2189 -0.9707
vn 0.0723 0.2311 -0.9703
vn 0.0723 0.2310 -0.9703
vn -0.0995 -0.2189 -0.9707
vn -0.0723 -0.2310 -0.9703
vn -0.2808 -0.6181 -0.7343
vn -0.2034 -0.6504 -0.7318
vn -0.3973 -0.8744 -0.2784
vn -0.3973 -0.8745 -0.2784
vn -0.2869 -0.9172 -0.2765
vn -0.3973 -0.8744 0.2784
vn -0.3973 -0.8745 0.2784
vn -0.2869 -0.9172 0.2765
vn -0.2808 -0.6181 0.7342
vn -0.2034 -0.6504 0.7318
vn -0.0995 -0.2189 0.9707
vn -0.0723 -0.2310 0.9703
vn 0.0995 0.2189 0.9707
vn -0.1250 -0.2030 0.9712
vn -0.1250 -0.2031 0.9712
vn 0.1250 0.2030 0.9712
vn 0.3542 0.5753 0.7372
vn 0.1484 0.1837 0.9717
vn 0.4223 0.5226 0.7406
vn 0.6028 0.7460 0.2833
vn 0.5032 0.8174 0.2806
vn 0.6028 0.7459 -0.2833
vn 0.5032 0.8173 -0.2806
vn 0.5032 0.8174 -0.2806
vn 0.4223 0.5226 -0.7406
vn 0.3542 0.5753 -0.7373
vn 0.1485 0.1837 -0.9717
vn 0.1250 0.2031 -0.9712
vn -0.1485 -0.1837 -0.9717
vn -0.1250 -0.2031 -0.9711
vn -0.1250 -0.2031 -0.9712
vn -0.4223 -0.5226 -0.7406
vn -0.3542 -0.5753 -0.7372
vn -0.6027 -0.7460 -0.2833
vn -0.5032 -0.8173 -0.2806
vn -0.6027 -0.7460 0.2833
vn -0.5032 -0.8173 0.2806
vn -0.4223 -0.5226 0.7406
vn -0.3542 -0.5753 0.7372
vn -0.1484 -0.1837 0.9717
vn -0.4838 -0.4605 0.7442
vn -0.1694 -0.1612 0.9723
vn 0.1694 0.1612 0.9723
vn -0.1874 -0.1359 0.9728
vn 0.1874 0.1359 0.9728
vn 0.5376 0.3899 0.7477
vn 0.4838 0.4605 0.7442
vn 0.7750 0.5621 0.2888
vn 0.6941 0.6607 0.2860
vn 0.6941 0.6606 0.2860
vn 0.7750 0.5621 -0.2888
vn 0.6941 0.6607 -0.2860
vn 0.6941 0.6606 -0.2860
vn 0.5376 0.3899 -0.7477
vn 0.4838 0.4605 -0.7442
vn 0.1874 0.1359 -0.9728
vn 0.1694 0.1612 -0.9723
vn -0.1874 -0.1359 -0.9728
vn -0.1694 -0.1612 -0.9723
vn -0.5376 -0.3899 -0.7477
vn -0.4838 -0.4605 -0.7442
vn -0.7750 -0.5621 -0.2888
vn -0.6941 -0.6606 -0.2860
vn -0.6941 -0.6606 -0.2861
vn -0.7750 -0.5621 0.2888
vn -0.6941 -0.6606 0.2860
vn -0.6941 -0.6607 0.2860
vn -0.6941 -0.6606 0.2861
vn -0.5376 -0.3899 0.7477
vn -0.8434 -0.4514 0.2914
vn -0.5823 -0.3117 0.7508
vn -0.2023 -0.1083 0.9733
vn -0.6170 -0.2273 0.7534
vn -0.2136 -0.0787 0.9737
vn 0.2136 0.0787 0.9737
vn 0.2023 0.1082 0.9733
vn 0.6170 0.2273 0.7534
vn 0.5823 0.3117 0.7508
vn 0.8970 0.3305 0.2935
vn 0.8434 0.4514 0.2914
vn 0.8970 0.3305 -0.2935
vn 0.8434 0.4514 -0.2914
vn 0.6170 0.2273 -0.7535
vn 0.5823 0.3117 -0.7508
vn 0.2136 0.0787 -0.9737
vn 0.2023 0.1083 -0.9733
vn -0.2136 -0.0787 -0.9737
vn -0.2023 -0.1083 -0.9733
vn -0.6170 -0.2273 -0.7535
vn -0.5823 -0.3117 -0.7508
vn -0.5823 -0.3117 -0.7509
vn -0.8970 -0.3305 -0.2935
vn -0.8434 -0.4514 -0.2914
vn -0.8970 -0.3305 0.2935
vn -0.9340 -0.2016 -0.2951
vn -0.9340 -0.2017 -0.2950
vn -0.9340 -0.2016 0.2951
vn -0.9340 -0.2016 0.2950
vn -0.6406 -0.1383 0.7553
vn -0.2213 -0.0478 0.9740
vn 0.2213 0.0478 0.9740
vn 0.6406 0.1383 0.7553
vn 0.9340 0.2016 0.2951
vn 0.9340 0.2017 0.2951
vn 0.9340 0.2016 -0.2951
vn 0.9340 0.2017 -0.2951
vn 0.6526 0.0464 -0.7563
vn 0.6406 0.1383 -0.7553
vn 0.2252 0.0160 -0.9742
vn 0.2213 0.0478 -0.9740
vn -0.2214 -0.0478 -0.9740
vn -0.6406 -0.1383 -0.7553
vn -0.9528 0.0678 -0.2958
vn -0.9528 0.0678 0.2958
vn 0.9340 -0.2017 0.2950
vn 0.9528 -0.0677 0.2959
vn 0.9340 -0.2017 -0.2950
vn 0.9528 -0.0677 -0.2959
vn 0.2213 -0.0478 -0.9740
vn -0.2214 0.0478 -0.9740
vn -0.6169 0.2273 -0.7535
vn 0.2023 -0.1082 0.9733
vn -0.6941 0.6606 -0.2860
vn -0.6941 0.6606 0.2860
vn -0.4839 0.4605 0.7442
vn 0.4839 -0.4605 0.7442
vn 0.6941 -0.6606 0.2861
vn 0.6941 -0.6606 -0.2861
vn 0.4838 -0.4606 -0.7442
vn -0.1484 0.1837 -0.9717
vn -0.6027 0.7460 -0.2832
vn -0.6027 0.7460 0.2832
vn -0.1250 0.2030 0.9712
vn 0.6028 -0.7460 0.2833
vn 0.6028 -0.7460 -0.2833
vn 0.3973 -0.8745 -0.2783
vn 0.3973 -0.8745 -0.2784
vn -0.0723 0.2310 -0.9703
vn 0.2808 -0.6181 0.7343
vn 0.3973 -0.8745 0.2783
vn 0.3973 -0.8745 0.2784
vn 0.1232 -0.6721 -0.7302
vn 0.0413 -0.6830 -0.7293
vn 0.0438 -0.2393 -0.9700
vn -0.0438 0.2393 -0.9700
vn -0.0147 0.2434 0.9698
vn 0.0413 -0.6830 0.7292
vn -0.0412 -0.6830 0.7293
vn -0.1232 -0.6721 -0.7302
vn -0.0438 -0.2392 -0.9700
vn 0.0438 0.2393 -0.9700
vn 0.1733 0.9456 -0.2753
vn 0.0412 0.6830 0.7293
vn 0.0147 0.2434 0.9698
vn -0.0147 -0.2433 0.9698
vn -0.0723 -0.2311 0.9703
vn -0.0723 -0.2311 -0.9703
vn -0.0723 -0.2311 -0.9702
vn 0.3973 0.8744 -0.2784
vn 0.3973 0.8744 0.2784
vn -0.3542 -0.5754 0.7372
vn -0.5032 -0.8173 0.2807
vn -0.5032 -0.8173 -0.2807
vn -0.3542 -0.5753 -0.7373
vn -0.1484 -0.1837 -0.9717
vn 0.1484 0.1837 -0.9717
vn 0.3542 0.5753 -0.7372
vn 0.6027 0.7460 -0.2833
vn 0.6027 0.7460 0.2833
vn 0.5032 0.8173 0.2806
vn 0.3542 0.5754 0.7372
vn -0.4839 -0.4605 0.7442
vn -0.7750 -0.5620 0.2888
vn -0.7750 -0.5620 -0.2888
vn -0.6941 -0.6607 -0.2860
vn 0.2023 0.1083 0.9733
vn -0.2023 -0.1082 0.9733
vn -0.6170 -0.2273 -0.7534
vn 0.6170 0.2273 -0.7534
vn 0.9340 0.2016 -0.2950
vn 0.9340 0.2016 0.2950
vn 0.2214 0.0478 -0.9740
vn -0.2213 -0.0478 -0.9740
vn 0.9769 -0.0695 0.2022
vn 0.9769 0.0695 0.2022
vn 0.9769 0.0695 -0.2022
vn 0.9769 -0.0695 -0.2022
vn 0.9574 -0.2067 -0.2016
vn 0.9574 -0.2067 0.2016
vn 0.7901 -0.0562 -0.6104
vn 0.7751 -0.1673 -0.6093
vn 0.7456 -0.2747 -0.6071
vn 0.9193 -0.3387 -0.2005
vn 0.7027 -0.3761 -0.6040
vn 0.7026 -0.3761 -0.6040
vn 0.8640 -0.4625 -0.1990
vn 0.8640 -0.4625 0.1990
vn 0.9193 -0.3387 0.2005
vn 0.7026 -0.3761 0.6040
vn 0.7456 -0.2747 0.6071
vn 0.7751 -0.1673 0.6093
vn 0.3106 -0.1144 0.9436
vn 0.3219 -0.0695 0.9442
vn 0.7901 -0.0562 0.6104
vn 0.3276 -0.0233 0.9445
vn 0.7901 0.0562 0.6104
vn 0.3276 0.0233 0.9445
vn -0.3276 -0.0233 0.9445
vn -0.3276 0.0233 0.9445
vn -0.7901 -0.0562 0.6104
vn -0.7901 0.0562 0.6104
vn -0.3219 0.0695 0.9442
vn -0.7751 0.1673 0.6093
vn -0.9574 0.2067 0.2016
vn -0.9769 0.0695 0.2022
vn -0.9574 0.2067 -0.2016
vn -0.9769 0.0695 -0.2022
vn -0.9769 -0.0695 0.2022
vn -0.9769 -0.0695 -0.2022
vn -0.7901 -0.0562 -0.6104
vn -0.7901 0.0562 -0.6104
vn -0.3276 -0.0233 -0.9445
vn -0.3276 0.0233 -0.9445
vn -0.7751 0.1673 -0.6093
vn -0.3219 0.0695 -0.9442
vn 0.3219 -0.0695 -0.9442
vn 0.3276 -0.0233 -0.9445
vn -0.3106 0.1144 -0.9436
vn 0.3106 -0.1144 -0.9436
vn -0.2939 0.1573 -0.9428
vn 0.2939 -0.1573 -0.9428
vn -0.2722 0.1974 -0.9418
vn 0.2722 -0.1974 -0.9418
vn 0.6474 -0.4695 -0.6003
vn 0.2458 -0.2340 -0.9407
vn 0.5815 -0.5535 -0.5963
vn 0.7104 -0.6762 -0.1952
vn 0.7936 -0.5756 -0.1972
vn 0.7104 -0.6762 0.1952
vn 0.7936 -0.5756 0.1972
vn 0.5815 -0.5535 0.5963
vn 0.6474 -0.4695 0.6003
vn 0.2458 -0.2340 0.9407
vn 0.2458 -0.2340 0.9406
vn 0.2722 -0.1974 0.9418
vn 0.2939 -0.1573 0.9428
vn -0.2722 0.1974 0.9418
vn -0.2939 0.1573 0.9428
vn -0.3106 0.1144 0.9436
vn -0.3106 0.1145 0.9436
vn -0.7027 0.3761 0.6040
vn -0.7026 0.3761 0.6040
vn -0.7456 0.2747 0.6071
vn -0.7457 0.2747 0.6071
vn -0.8640 0.4625 0.1990
vn -0.8640 0.4624 0.1990
vn -0.9193 0.3386 0.2005
vn -0.9193 0.3387 0.2006
vn -0.8640 0.4625 -0.1990
vn -0.8640 0.4624 -0.1990
vn -0.9193 0.3387 -0.2006
vn -0.9193 0.3387 -0.2005
vn -0.7027 0.3761 -0.6040
vn -0.7457 0.2747 -0.6071
vn -0.7456 0.2747 -0.6071
vn -0.7456 0.2748 -0.6071
vn -0.7936 0.5756 -0.1972
vn -0.6474 0.4695 -0.6003
vn -0.7104 0.6762 -0.1952
vn -0.5815 0.5535 -0.5963
vn -0.2458 0.2340 -0.9407
vn -0.5064 0.6268 -0.5922
vn -0.5065 0.6268 -0.5922
vn -0.2153 0.2665 -0.9395
vn 0.2153 -0.2665 -0.9395
vn -0.1812 0.2943 -0.9384
vn 0.1812 -0.2943 -0.9384
vn 0.4239 -0.6886 -0.5883
vn 0.5064 -0.6268 -0.5922
vn 0.5146 -0.8358 -0.1913
vn 0.5145 -0.8358 -0.1913
vn 0.6166 -0.7632 -0.1932
vn 0.5146 -0.8358 0.1913
vn 0.6166 -0.7632 0.1932
vn 0.6167 -0.7632 0.1932
vn 0.4239 -0.6886 0.5883
vn 0.4240 -0.6886 0.5883
vn 0.5064 -0.6268 0.5922
vn 0.1812 -0.2943 0.9384
vn 0.2153 -0.2665 0.9395
vn -0.1812 0.2944 0.9384
vn -0.1812 0.2943 0.9384
vn -0.2153 0.2665 0.9395
vn -0.2458 0.2340 0.9406
vn -0.2458 0.2340 0.9407
vn -0.5064 0.6268 0.5922
vn -0.5065 0.6268 0.5922
vn -0.5815 0.5535 0.5963
vn -0.6474 0.4695 0.6003
vn -0.7104 0.6762 0.1952
vn -0.7936 0.5756 0.1972
vn -0.6167 0.7632 0.1932
vn -0.6166 0.7632 0.1932
vn -0.6167 0.7631 0.1932
vn -0.6166 0.7632 -0.1932
vn -0.6167 0.7631 -0.1932
vn -0.5146 0.8358 0.1913
vn -0.5145 0.8359 0.1913
vn -0.5146 0.8358 -0.1913
vn -0.5145 0.8359 -0.1913
vn -0.4239 0.6886 -0.5883
vn -0.4062 0.8939 -0.1897
vn -0.3356 0.7385 -0.5849
vn -0.1441 0.3171 -0.9374
vn -0.2427 0.7760 -0.5821
vn -0.1046 0.3346 -0.9365
vn 0.1046 -0.3345 -0.9366
vn 0.1441 -0.3172 -0.9374
vn 0.2427 -0.7760 -0.5821
vn 0.3355 -0.7385 -0.5849
vn 0.2931 -0.9373 -0.1884
vn 0.2932 -0.9373 -0.1884
vn 0.4062 -0.8939 -0.1897
vn 0.2931 -0.9373 0.1884
vn 0.2932 -0.9373 0.1884
vn 0.4062 -0.8939 0.1897
vn 0.2427 -0.7760 0.5821
vn 0.3355 -0.7385 0.5849
vn 0.1046 -0.3346 0.9365
vn 0.1441 -0.3172 0.9374
vn 0.1441 -0.3172 0.9373
vn -0.1046 0.3346 0.9365
vn -0.1441 0.3171 0.9374
vn -0.2427 0.7760 0.5821
vn -0.3356 0.7385 0.5849
vn -0.4239 0.6886 0.5883
vn -0.4062 0.8939 0.1897
vn -0.2931 0.9373 0.1884
vn -0.2931 0.9373 -0.1884
vn -0.1771 0.9662 0.1875
vn -0.1771 0.9662 -0.1875
vn -0.1468 0.8011 -0.5802
vn -0.0592 0.9806 -0.1870
vn -0.0491 0.8137 -0.5792
vn -0.0492 0.8137 -0.5792
vn -0.0213 0.3522 -0.9357
vn -0.0635 0.3463 -0.9360
vn 0.0213 -0.3522 -0.9357
vn 0.0635 -0.3463 -0.9360
vn 0.0491 -0.8137 -0.5792
vn 0.1468 -0.8011 -0.5802
vn 0.0592 -0.9806 -0.1870
vn 0.1771 -0.9662 -0.1875
vn 0.0592 -0.9806 0.1870
vn 0.1771 -0.9662 0.1875
vn 0.0491 -0.8137 0.5792
vn 0.1468 -0.8011 0.5802
vn 0.0213 -0.3522 0.9357
vn 0.0635 -0.3463 0.9360
vn 0.0635 -0.3464 0.9360
vn -0.0213 0.3522 0.9357
vn -0.0635 0.3463 0.9360
vn -0.0491 0.8137 0.5792
vn -0.1468 0.8011 0.5802
vn -0.0592 0.9806 0.1870
vn 0.0491 0.8137 0.5792
vn 0.0592 0.9806 0.1870
vn 0.0592 0.9806 -0.1870
vn 0.1771 0.9662 0.1875
vn 0.1771 0.9662 -0.1875
vn 0.1468 0.8011 -0.5802
vn 0.0491 0.8137 -0.5792
vn 0.0492 0.8137 -0.5792
vn 0.0635 0.3463 -0.9360
vn 0.0213 0.3522 -0.9357
vn -0.0635 -0.3463 -0.9360
vn -0.0213 -0.3522 -0.9357
vn -0.1468 -0.8011 -0.5802
vn -0.0491 -0.8137 -0.5792
vn -0.1771 -0.9662 -0.1875
vn -0.0592 -0.9806 -0.1870
vn -0.1771 -0.9662 0.1875
vn -0.0592 -0.9806 0.1870
vn -0.1468 -0.8011 0.5802
vn -0.0491 -0.8137 0.5792
vn -0.0635 -0.3463 0.9360
vn -0.0213 -0.3522 0.9357
vn -0.0213 -0.3523 0.9357
vn 0.0635 0.3463 0.9360
vn 0.0213 0.3522 0.9357
vn 0.0213 0.3523 0.9357
vn 0.1468 0.8011 0.5802
vn 0.1046 0.3346 0.9365
vn 0.2427 0.7760 0.5821
vn 0.2931 0.9373 0.1884
vn 0.3356 0.7385 0.5849
vn 0.4062 0.8939 0.1897
vn 0.4062 0.8939 -0.1897
vn 0.2931 0.9373 -0.1884
vn 0.3356 0.7385 -0.5849
vn 0.2427 0.7760 -0.5821
vn 0.1441 0.3171 -0.9374
vn 0.1046 0.3345 -0.9366
vn -0.1441 -0.3172 -0.9374
vn -0.1441 -0.3171 -0.9374
vn -0.1046 -0.3345 -0.9366
vn -0.3355 -0.7385 -0.5849
vn -0.2427 -0.7760 -0.5821
vn -0.4062 -0.8939 -0.1897
vn -0.2931 -0.9373 -0.1884
vn -0.4062 -0.8939 0.1897
vn -0.2931 -0.9373 0.1884
vn -0.3355 -0.7385 0.5849
vn -0.2427 -0.7760 0.5821
vn -0.2427 -0.7760 0.5822
vn -0.1441 -0.3172 0.9374
vn -0.1441 -0.3171 0.9374
vn -0.1046 -0.3346 0.9365
vn 0.1441 0.3171 0.9374
vn -0.1812 -0.2943 0.9384
vn 0.1812 0.2944 0.9384
vn 0.4239 0.6886 0.5883
vn 0.2153 0.2665 0.9395
vn 0.5064 0.6268 0.5922
vn 0.6167 0.7632 0.1932
vn 0.6166 0.7632 0.1932
vn 0.5146 0.8358 0.1913
vn 0.5146 0.8358 0.1914
vn 0.6166 0.7632 -0.1932
vn 0.5146 0.8358 -0.1913
vn 0.5064 0.6268 -0.5922
vn 0.4239 0.6886 -0.5883
vn 0.2153 0.2665 -0.9395
vn 0.1812 0.2943 -0.9384
vn 0.1812 0.2944 -0.9384
vn -0.2153 -0.2665 -0.9395
vn -0.1812 -0.2943 -0.9384
vn -0.5064 -0.6268 -0.5922
vn -0.4239 -0.6886 -0.5883
vn -0.6166 -0.7632 -0.1932
vn -0.5146 -0.8358 -0.1913
vn -0.6166 -0.7632 0.1932
vn -0.5146 -0.8358 0.1913
vn -0.5064 -0.6268 0.5922
vn -0.4239 -0.6886 0.5883
vn -0.2153 -0.2665 0.9395
vn -0.5815 -0.5535 0.5963
vn -0.2458 -0.2340 0.9407
vn 0.2458 0.2340 0.9406
vn -0.2722 -0.1974 0.9418
vn 0.2722 0.1974 0.9418
vn 0.6474 0.4695 0.6003
vn 0.5815 0.5535 0.5963
vn 0.7936 0.5756 0.1972
vn 0.7104 0.6762 0.1952
vn 0.7936 0.5756 -0.1972
vn 0.7104 0.6762 -0.1952
vn 0.6474 0.4695 -0.6003
vn 0.5815 0.5535 -0.5963
vn 0.2722 0.1974 -0.9418
vn 0.2458 0.2340 -0.9407
vn -0.2722 -0.1974 -0.9418
vn -0.2458 -0.2340 -0.9407
vn -0.6474 -0.4695 -0.6003
vn -0.5815 -0.5535 -0.5963
vn -0.7936 -0.5756 -0.1972
vn -0.7104 -0.6762 -0.1952
vn -0.7936 -0.5756 0.1972
vn -0.7104 -0.6762 0.1952
vn -0.6474 -0.4695 0.6003
vn -0.8640 -0.4625 0.1990
vn -0.7027 -0.3761 0.6040
vn -0.7026 -0.3761 0.6040
vn -0.2939 -0.1573 0.9428
vn -0.7456 -0.2747 0.6071
vn -0.3106 -0.1144 0.9436
vn 0.3106 0.1144 0.9436
vn 0.2939 0.1573 0.9428
vn 0.7456 0.2747 0.6071
vn 0.7027 0.3761 0.6040
vn 0.7026 0.3761 0.6040
vn 0.9193 0.3386 0.2005
vn 0.8640 0.4625 0.1990
vn 0.9193 0.3386 -0.2005
vn 0.8640 0.4625 -0.1990
vn 0.7457 0.2747 -0.6071
vn 0.7456 0.2747 -0.6071
vn 0.7027 0.3761 -0.6040
vn 0.7026 0.3761 -0.6040
vn 0.3106 0.1144 -0.9436
vn 0.2939 0.1573 -0.9428
vn -0.3106 -0.1144 -0.9436
vn -0.2939 -0.1573 -0.9428
vn -0.7456 -0.2747 -0.6071
vn -0.7027 -0.3761 -0.6040
vn -0.9193 -0.3387 -0.2005
vn -0.8640 -0.4625 -0.1990
vn -0.9193 -0.3387 0.2005
vn -0.9574 -0.2067 -0.2016
vn -0.9574 -0.2067 0.2016
vn -0.7751 -0.1673 0.6093
vn -0.3219 -0.0695 0.9442
vn 0.3219 0.0695 0.9442
vn 0.7751 0.1673 0.6093
vn 0.7751 0.1674 0.6093
vn 0.9574 0.2067 0.2016
vn 0.9574 0.2067 -0.2016
vn 0.7901 0.0562 -0.6104
vn 0.7751 0.1673 -0.6093
vn 0.3276 0.0233 -0.9445
vn 0.3219 0.0695 -0.9442
vn -0.3219 -0.0695 -0.9442
vn -0.7751 -0.1673 -0.6093
vn -0.7026 0.3761 -0.6040
vn -0.9193 0.3387 0.2005
vn 0.7027 -0.3761 0.6040
vn 0.7457 -0.2747 0.6071
vn 0.9193 -0.3386 0.2005
vn 0.9193 -0.3386 -0.2005
vn 0.7457 -0.2747 -0.6071
vn -0.7936 0.5755 -0.1972
vn -0.7936 0.5755 0.1972
vn 0.5065 -0.6268 -0.5922
vn -0.6167 0.7632 -0.1932
vn 0.1812 -0.2944 0.9384
vn 0.5065 -0.6268 0.5922
vn 0.5065 -0.6267 0.5922
vn 0.3356 -0.7385 -0.5849
vn 0.1441 -0.3171 -0.9374
vn 0.1046 -0.3346 -0.9365
vn -0.1046 0.3345 -0.9366
vn -0.1441 0.3172 -0.9374
vn -0.3355 0.7385 -0.5849
vn -0.2932 0.9373 -0.1884
vn -0.2932 0.9373 0.1884
vn -0.3355 0.7385 0.5849
vn -0.1441 0.3172 0.9374
vn -0.1441 0.3172 0.9373
vn 0.1441 -0.3171 0.9374
vn 0.3356 -0.7385 0.5849
vn 0.1770 -0.9662 0.1875
vn 0.1770 -0.9662 -0.1875
vn 0.0593 -0.9806 -0.1870
vn 0.0213 -0.3523 0.9357
vn 0.0593 -0.9806 0.1870
vn -0.0492 -0.8137 0.5793
vn -0.1770 -0.9662 0.1875
vn -0.1770 -0.9662 -0.1875
vn -0.1469 -0.8011 -0.5802
vn -0.0492 -0.8137 -0.5793
vn -0.3356 -0.7385 0.5849
vn -0.3356 -0.7385 -0.5849
vn -0.1046 -0.3346 -0.9365
vn 0.1441 0.3172 -0.9374
vn 0.3355 0.7385 -0.5849
vn 0.3356 0.7385 -0.5848
vn 0.3355 0.7385 0.5849
vn 0.1441 0.3172 0.9374
vn 0.1812 0.2943 0.9384
vn -0.1812 -0.2944 0.9384
vn -0.5065 -0.6268 0.5922
vn -0.6167 -0.7631 0.1932
vn -0.5145 -0.8359 0.1914
vn -0.6167 -0.7631 -0.1932
vn -0.5145 -0.8358 -0.1914
vn -0.5065 -0.6268 -0.5922
vn 0.4240 0.6886 -0.5883
vn 0.5145 0.8358 -0.1913
vn 0.4240 0.6886 0.5883
vn -0.2458 -0.2340 0.9406
vn -0.6475 -0.4695 0.6003
vn -0.6475 -0.4695 -0.6003
vn -0.7457 -0.2747 0.6071
vn -0.9193 -0.3387 0.2006
vn -0.9193 -0.3386 0.2005
vn -0.8640 -0.4624 0.1990
vn -0.9193 -0.3387 -0.2006
vn -0.9193 -0.3386 -0.2005
vn -0.8640 -0.4624 -0.1990
vn -0.7457 -0.2747 -0.6071
vn 0.9193 0.3387 -0.2005
vn 0.9193 0.3387 0.2005
vn -0.9864 -0.0000 0.1643
vn 0.9864 -0.0000 0.1643
vn -0.0797 0.9191 -0.3858
vn 0.0943 -0.9028 0.4197
vn 0.0209 0.6080 -0.7937
vn -0.0001 -0.1619 -0.9868
vn 0.0206 -0.9029 0.4295
vn -0.0943 -0.9028 0.4197
vn -0.0206 -0.9029 0.4295
vn -0.5922 -0.3182 0.7403
vn -0.5944 -0.3967 0.6995
vn -0.2880 -0.8040 0.5202
vn -0.5177 -0.6007 0.6092
vn -0.4256 -0.7537 0.5008
vn 0.5177 -0.6007 0.6092
vn 0.5944 -0.3967 0.6995
vn 0.5922 -0.3182 0.7403
vn 0.2246 0.1098 0.9682
vn 0.1012 0.1095 0.9888
vn -0.0000 0.9204 -0.3909
vn 0.0253 0.9984 -0.0509
vn 0.0520 0.1098 0.9926
vn 0.1008 0.1095 0.9889
vn -0.2244 0.1098 0.9683
vn -0.0520 0.1098 0.9926
vn 0.3748 0.9150 -0.1494
vn 0.1563 0.9186 -0.3630
vn -0.2626 0.0567 0.9632
vn -0.8545 0.4574 -0.2460
vn -0.3878 0.6300 -0.6728
vn -0.2225 0.7112 -0.6669
vn 0.1179 -0.2595 -0.9585
vn -0.2225 0.7112 0.6669
vn 0.0520 0.2835 -0.9576
vn -0.4021 -0.8850 0.2348
vn -0.1179 -0.2594 0.9586
vn 0.3878 0.6300 0.6728
vn 0.3878 0.6300 -0.6728
vn -0.4629 -0.5728 -0.6765
vn -0.4629 -0.5728 0.6765
vn 0.7029 0.6691 0.2414
vn -0.2223 -0.1613 -0.9615
vn -0.9090 -0.3349 -0.2479
vn 0.2626 0.0567 0.9632
vn -0.8545 0.4574 0.2460
vn 0.2400 -0.1285 -0.9622
vn -0.5904 0.4282 0.6842
vn 0.5904 -0.4282 0.6842
vn 0.5904 -0.4282 -0.6842
vn 0.4628 -0.5729 -0.6765
vn -0.5094 0.8273 0.2367
vn 0.5093 -0.8274 -0.2367
vn 0.6102 -0.7553 -0.2390
vn 0.3073 -0.6762 -0.6695
vn -0.1179 0.2594 0.9586
vn 0.2902 -0.9281 0.2332
vn 0.0587 -0.9711 -0.2315
vn 0.0587 -0.9711 0.2315
vn -0.0519 -0.2835 -0.9576
vn 0.4021 0.8850 0.2348
vn -0.5904 -0.4281 0.6843
vn -0.5904 -0.4281 -0.6843
vn 0.2223 0.1612 -0.9615
vn 0.5903 0.4281 0.6842
vn -0.2626 -0.0567 0.9632
vn -0.0000 0.0001 -1.0000
vn -0.0000 -0.0001 -1.0000
vn -0.0000 0.6552 -0.7555
vn 0.0001 0.5561 0.8311
vn -0.0001 0.5561 0.8311
vn 0.9528 0.0678 0.2958
vn 0.9528 0.0678 -0.2958
vn 0.9340 -0.2016 0.2950
vn 0.5823 -0.3117 -0.7509
vn -0.9340 0.2017 0.2951
vn -0.9340 0.2017 -0.2951
vn -0.9528 -0.0677 0.2959
vn -0.9528 -0.0677 -0.2959
vn 0.3542 -0.5753 -0.7372
vn 0.1250 -0.2030 0.9712
vn -0.4838 0.4606 0.7442
vn -0.6027 0.7460 0.2833
vn -0.6028 0.7460 -0.2833
vn -0.3542 0.5753 0.7373
vn -0.2868 0.9172 0.2765
vn -0.2868 0.9172 -0.2765
vn -0.0579 0.9598 -0.2746
vn 0.0579 -0.9598 0.2746
vn -0.0579 0.9598 0.2746
vn 0.0413 0.6830 -0.7293
vn -0.0439 -0.2392 -0.9700
vn 0.0722 0.2310 0.9703
vn 0.2808 0.6180 -0.7343
vn -0.2868 -0.9172 0.2765
vn 0.1250 0.2031 0.9712
vn 0.6028 0.7460 -0.2833
vn -0.4838 -0.4606 0.7442
vn 0.4838 0.4606 0.7442
vn 0.6940 0.6607 0.2861
vn 0.6940 0.6607 -0.2860
vn -0.2022 -0.1082 0.9733
vn 0.2022 0.1082 0.9733
vn 0.2137 0.0787 -0.9737
vn -0.9528 -0.0678 0.2958
vn -0.9528 -0.0678 -0.2958
vn -0.9340 0.2016 -0.2950
vn -0.9340 0.2016 0.2950
vn -0.6170 0.2273 -0.7534
vn 0.6941 -0.6607 -0.2860
vn -0.6027 0.7460 -0.2833
vn 0.5032 -0.8174 -0.2806
vn 0.0723 -0.2311 -0.9702
vn 0.0723 -0.2311 0.9703
vn 0.0412 -0.6830 0.7293
vn -0.0413 -0.6830 0.7292
vn -0.0413 -0.6830 -0.7293
vn 0.0439 0.2392 -0.9700
vn 0.5032 0.8173 -0.2807
vn 0.4839 0.4605 0.7442
vn -0.4839 -0.4605 -0.7442
vn 0.5376 0.3898 -0.7477
vn 0.6169 0.2273 -0.7535
vn -0.9340 -0.2017 0.2950
vn -0.7751 0.1674 0.6093
vn 0.7936 -0.5755 -0.1972
vn 0.7936 -0.5755 0.1972
vn -0.9193 0.3386 -0.2005
vn -0.1812 0.2944 -0.9384
vn -0.5815 0.5534 0.5963
vn -0.6474 0.4696 0.6003
vn -0.5146 0.8358 0.1914
vn -0.0213 0.3523 0.9357
vn -0.0635 0.3464 0.9360
vn -0.0635 -0.3464 0.9360
vn 0.0635 0.3464 0.9360
vn 0.1046 0.3346 -0.9366
vn -0.2932 -0.9373 -0.1884
vn -0.2932 -0.9373 0.1884
vn -0.1441 -0.3172 0.9373
vn 0.5065 0.6268 0.5922
vn 0.6167 0.7631 0.1932
vn 0.5145 0.8359 0.1913
vn 0.6167 0.7631 -0.1932
vn 0.5145 0.8359 -0.1913
vn 0.5065 0.6268 -0.5922
vn -0.5145 -0.8358 -0.1913
vn -0.6167 -0.7632 0.1932
vn -0.4240 -0.6886 0.5883
vn 0.2458 0.2340 0.9407
vn 0.5815 0.5534 0.5963
vn -0.7936 -0.5755 -0.1972
vn -0.7936 -0.5755 0.1972
vn 0.3106 0.1145 0.9436
vn 0.7457 0.2747 0.6071
vn 0.7456 0.2748 -0.6071
vn -0.4240 0.6886 -0.5883
vn -0.5145 0.8358 -0.1913
vn 0.5145 -0.8359 0.1914
vn 0.6167 -0.7631 0.1932
vn 0.5145 -0.8358 -0.1914
vn 0.6167 -0.7631 -0.1932
vn -0.3356 0.7385 -0.5848
vn 0.1469 -0.8011 -0.5802
vn 0.0492 -0.8137 -0.5793
vn 0.0492 -0.8137 0.5793
vn -0.0593 -0.9806 0.1870
vn -0.0593 -0.9806 -0.1870
vn 0.2932 0.9373 -0.1884
vn 0.2932 0.9373 0.1884
vn 0.1441 0.3172 0.9373
vn -0.5065 -0.6267 0.5922
vn 0.7936 0.5755 -0.1972
vn 0.7936 0.5755 0.1972
vn 0.9542 -0.1061 -0.2796
vn 0.9856 -0.1062 -0.1314
vn 0.8629 -0.4377 -0.2528
vn 0.9117 -0.3122 -0.2671
vn 0.9820 -0.0000 0.1888
vn 0.0985 0.9651 0.2426
vn 0.0496 0.9654 0.2562
vn 0.0121 0.9654 0.2606
vn 0.1277 0.9646 0.2307
vn 0.3026 0.9002 0.3132
vn 0.3438 0.8987 0.2725
vn 0.4911 0.8334 0.2535
vn 0.3535 0.8990 0.2586
vn 0.5450 0.7990 0.2540
vn 0.6785 0.7072 0.1988
vn 0.7172 0.6644 0.2101
vn 0.9479 0.3121 0.0633
vn 0.9176 0.3878 0.0873
vn 0.8621 0.5001 0.0820
vn 0.7217 0.6650 0.1921
vn 0.8230 0.5626 0.0783
vn 0.9800 0.1760 -0.0932
vn 0.9951 -0.0283 -0.0947
vn 0.9899 0.1058 -0.0942
vn -0.3026 0.9002 0.3132
vn -0.3438 0.8987 0.2725
vn -0.5450 0.7990 0.2540
vn -0.4911 0.8334 0.2535
vn -0.3535 0.8990 0.2586
vn -0.6785 0.7072 0.1988
vn -0.7172 0.6644 0.2101
vn -0.7217 0.6650 0.1921
vn -0.8230 0.5626 0.0783
vn -0.8621 0.5001 0.0820
vn -0.9176 0.3878 0.0873
vn -0.9479 0.3121 0.0633
vn -0.9800 0.1760 -0.0932
vn -0.9899 0.1058 -0.0942
vn -0.9951 -0.0283 -0.0947
vn -0.9856 -0.1062 -0.1314
vn -0.9298 -0.2476 -0.2724
vn -0.9117 -0.3122 -0.2671
vn -0.9543 -0.1061 -0.2795
vn -0.6627 -0.6661 -0.3421
vn -0.6476 -0.6677 -0.3672
vn -0.5021 -0.7678 -0.3979
vn -0.4448 -0.8020 -0.3986
vn -0.3866 -0.8022 -0.4550
vn -0.2960 -0.8540 -0.4278
vn -0.2462 -0.8059 -0.5385
vn -0.1338 -0.8947 -0.4261
vn -0.0896 -0.9028 -0.4206
vn -0.0199 -0.9028 -0.4295
vn -0.0000 -0.9993 0.0374
vn 0.0247 0.2507 0.9678
vn 0.0896 -0.9028 -0.4206
vn 0.1338 -0.8947 -0.4261
vn 0.4413 -0.8510 0.2847
vn 0.0710 -0.9360 0.3447
vn 0.8187 -0.5026 -0.2777
vn 0.6627 -0.6661 -0.3421
vn 0.6922 -0.6271 -0.3573
vn 0.6476 -0.6677 -0.3672
vn 0.5021 -0.7678 -0.3979
vn 0.4448 -0.8020 -0.3986
vn 0.3573 -0.8040 -0.4754
vn 0.3867 -0.8022 -0.4550
vn 0.2462 -0.8059 -0.5385
vn -0.8629 -0.4377 -0.2528
vn -0.8187 -0.5026 -0.2777
vn -0.6922 -0.6271 -0.3573
vn -0.0984 0.9651 0.2426
vn -0.1277 0.9646 0.2308
vn -0.0496 0.9654 0.2562
vn -0.0121 0.9654 0.2606
vn 0.9298 -0.2476 -0.2724
vn -0.0109 0.6739 -0.7388
vn -0.0001 -0.7930 -0.6092
vn -0.3568 -0.8039 -0.4758
vn 0.0199 -0.9028 -0.4295
vn 0.0438 0.9022 -0.4291
vn 0.0600 0.8061 -0.5887
vn -0.0438 0.9022 -0.4291
vn -0.0600 0.8061 -0.5887
vn -0.1295 0.9017 -0.4124
vn -0.1776 0.8054 -0.5655
vn -0.2102 0.9009 -0.3797
vn -0.2880 0.8040 -0.5203
vn -0.2825 0.8998 -0.3324
vn -0.3867 0.8022 -0.4550
vn -0.3438 0.8987 -0.2725
vn -0.4700 0.8002 -0.3725
vn -0.3917 0.8976 -0.2022
vn -0.5350 0.7984 -0.2762
vn -0.4247 0.8968 -0.1244
vn -0.5795 0.7971 -0.1698
vn -0.4414 0.8963 -0.0420
vn -0.6021 0.7963 -0.0573
vn -0.4414 0.8963 0.0420
vn -0.6021 0.7963 0.0573
vn -0.4247 0.8968 0.1244
vn -0.5795 0.7971 0.1698
vn -0.3917 0.8976 0.2022
vn -0.5350 0.7984 0.2762
vn -0.4700 0.8002 0.3725
vn -0.2825 0.8998 0.3324
vn -0.3867 0.8022 0.4550
vn -0.3866 0.8022 0.4550
vn -0.2102 0.9009 0.3797
vn -0.2880 0.8040 0.5203
vn -0.1295 0.9017 0.4124
vn -0.1776 0.8054 0.5655
vn -0.0438 0.9022 0.4291
vn -0.0600 0.8061 0.5887
vn 0.0438 0.9022 0.4291
vn 0.0600 0.8061 0.5887
vn 0.1295 0.9017 0.4124
vn 0.1776 0.8054 0.5655
vn 0.2102 0.9009 0.3797
vn 0.2880 0.8040 0.5203
vn 0.2879 0.8040 0.5203
vn 0.2825 0.8998 0.3324
vn 0.3866 0.8022 0.4550
vn 0.3438 0.8987 0.2724
vn 0.4700 0.8002 0.3725
vn 0.3917 0.8976 0.2022
vn 0.5350 0.7984 0.2762
vn 0.4247 0.8968 0.1244
vn 0.5795 0.7971 0.1698
vn 0.4414 0.8963 0.0420
vn 0.6021 0.7963 0.0573
vn 0.4414 0.8963 -0.0420
vn 0.6021 0.7963 -0.0573
vn 0.4247 0.8968 -0.1244
vn 0.5795 0.7971 -0.1698
vn 0.3917 0.8976 -0.2022
vn 0.5350 0.7984 -0.2762
vn 0.3438 0.8987 -0.2725
vn 0.4700 0.8002 -0.3725
vn 0.2825 0.8998 -0.3324
vn 0.3866 0.8022 -0.4550
vn 0.3867 0.8022 -0.4550
vn 0.2102 0.9009 -0.3797
vn 0.2880 0.8040 -0.5203
vn 0.2879 0.8040 -0.5203
vn 0.1295 0.9017 -0.4124
vn 0.1776 0.8054 -0.5655
vn 0.2211 0.6751 -0.7038
vn 0.3580 0.6733 -0.6469
vn 0.0748 0.6761 -0.7330
vn 0.0871 0.5130 -0.8540
vn 0.2574 0.5120 -0.8195
vn -0.0748 0.6761 -0.7330
vn -0.0871 0.5130 -0.8540
vn -0.2211 0.6751 -0.7038
vn -0.2574 0.5120 -0.8195
vn -0.3580 0.6733 -0.6469
vn -0.4165 0.5101 -0.7525
vn -0.4802 0.6709 -0.5650
vn -0.5579 0.5077 -0.6565
vn -0.5829 0.6684 -0.4620
vn -0.6764 0.5052 -0.5360
vn -0.6627 0.6661 -0.3421
vn -0.7681 0.5028 -0.3965
vn -0.7172 0.6644 -0.2101
vn -0.8305 0.5011 -0.2433
vn -0.7448 0.6635 -0.0708
vn -0.8621 0.5001 -0.0820
vn -0.7448 0.6635 0.0708
vn -0.8305 0.5011 0.2433
vn -0.6627 0.6661 0.3421
vn -0.7681 0.5028 0.3965
vn -0.5829 0.6684 0.4620
vn -0.6764 0.5052 0.5361
vn -0.4802 0.6709 0.5650
vn -0.5579 0.5077 0.6565
vn -0.3580 0.6733 0.6469
vn -0.3581 0.6733 0.6469
vn -0.4165 0.5101 0.7525
vn -0.2211 0.6751 0.7038
vn -0.2574 0.5120 0.8195
vn -0.0747 0.6761 0.7330
vn -0.0748 0.6761 0.7330
vn -0.0871 0.5130 0.8540
vn 0.0747 0.6761 0.7330
vn 0.0748 0.6761 0.7330
vn 0.0871 0.5130 0.8540
vn 0.2211 0.6751 0.7038
vn 0.2574 0.5120 0.8195
vn 0.3580 0.6733 0.6469
vn 0.4165 0.5101 0.7525
vn 0.4802 0.6709 0.5650
vn 0.5579 0.5077 0.6565
vn 0.5829 0.6684 0.4620
vn 0.6764 0.5052 0.5361
vn 0.6627 0.6661 0.3421
vn 0.7681 0.5028 0.3965
vn 0.8305 0.5011 0.2433
vn 0.7449 0.6635 0.0709
vn 0.7449 0.6635 0.0708
vn 0.7448 0.6635 0.0708
vn 0.7449 0.6635 -0.0708
vn 0.8621 0.5001 -0.0820
vn 0.7172 0.6644 -0.2101
vn 0.8305 0.5011 -0.2433
vn 0.6627 0.6661 -0.3421
vn 0.7681 0.5028 -0.3965
vn 0.5829 0.6684 -0.4620
vn 0.6764 0.5052 -0.5361
vn 0.4802 0.6709 -0.5650
vn 0.5579 0.5077 -0.6565
vn 0.4165 0.5101 -0.7525
vn 0.4589 0.3190 -0.8292
vn 0.6141 0.3172 -0.7227
vn 0.2839 0.3204 -0.9037
vn 0.2979 0.1092 -0.9483
vn 0.4814 0.1086 -0.8698
vn 0.0961 0.3212 -0.9421
vn 0.1009 0.1095 -0.9889
vn 0.1008 0.1095 -0.9889
vn -0.1009 0.1095 -0.9889
vn -0.1008 0.1094 -0.9889
vn -0.0961 0.3212 -0.9421
vn -0.2839 0.3204 -0.9037
vn -0.2979 0.1092 -0.9483
vn -0.4589 0.3190 -0.8292
vn -0.4814 0.1086 -0.8698
vn -0.6141 0.3172 -0.7227
vn -0.6438 0.1080 -0.7576
vn -0.7437 0.3152 -0.5895
vn -0.7792 0.1072 -0.6176
vn -0.8438 0.3135 -0.4356
vn -0.8835 0.1066 -0.4561
vn -0.9117 0.3122 -0.2671
vn -0.9543 0.1061 -0.2795
vn -0.9460 0.3115 -0.0900
vn -0.9460 0.3115 0.0900
vn -0.9899 0.1058 0.0942
vn -0.9117 0.3122 0.2671
vn -0.9543 0.1061 0.2795
vn -0.8438 0.3135 0.4356
vn -0.8835 0.1066 0.4561
vn -0.7437 0.3153 0.5895
vn -0.7792 0.1072 0.6176
vn -0.6141 0.3172 0.7227
vn -0.6438 0.1080 0.7576
vn -0.4589 0.3190 0.8292
vn -0.4814 0.1086 0.8698
vn -0.2839 0.3204 0.9037
vn -0.0961 0.3212 0.9421
vn -0.1009 0.1094 0.9889
vn 0.0961 0.3212 0.9421
vn 0.2839 0.3204 0.9037
vn 0.4589 0.3190 0.8292
vn 0.4814 0.1086 0.8698
vn 0.6141 0.3172 0.7227
vn 0.6438 0.1079 0.7576
vn 0.7437 0.3153 0.5895
vn 0.7792 0.1072 0.6176
vn 0.8438 0.3135 0.4356
vn 0.8835 0.1066 0.4561
vn 0.9117 0.3122 0.2671
vn 0.9543 0.1061 0.2796
vn 0.9460 0.3115 0.0900
vn 0.9899 0.1058 0.0942
vn 0.9460 0.3115 -0.0900
vn 0.9117 0.3122 -0.2671
vn 0.9543 0.1061 -0.2795
vn 0.8438 0.3135 -0.4356
vn 0.8835 0.1066 -0.4561
vn 0.7437 0.3153 -0.5895
vn 0.7792 0.1072 -0.6175
vn 0.6438 0.1080 -0.7576
vn 0.6438 0.1079 -0.7576
vn 0.6438 -0.1080 -0.7576
vn 0.7792 -0.1072 -0.6175
vn 0.4814 -0.1086 -0.8698
vn 0.4589 -0.3190 -0.8292
vn 0.6141 -0.3172 -0.7227
vn 0.2979 -0.1092 -0.9483
vn 0.2839 -0.3204 -0.9037
vn 0.1009 -0.1095 -0.9889
vn 0.1009 -0.1094 -0.9889
vn 0.0961 -0.3212 -0.9421
vn -0.1009 -0.1095 -0.9889
vn -0.0961 -0.3212 -0.9421
vn -0.2979 -0.1092 -0.9483
vn -0.2839 -0.3204 -0.9037
vn -0.4814 -0.1086 -0.8698
vn -0.4589 -0.3190 -0.8292
vn -0.4590 -0.3190 -0.8292
vn -0.6438 -0.1080 -0.7576
vn -0.6141 -0.3172 -0.7227
vn -0.7792 -0.1072 -0.6175
vn -0.7792 -0.1073 -0.6175
vn -0.7437 -0.3152 -0.5895
vn -0.7438 -0.3152 -0.5895
vn -0.8835 -0.1066 -0.4561
vn -0.8438 -0.3135 -0.4356
vn -0.9543 -0.1061 -0.2796
vn -0.9899 -0.1058 -0.0942
vn -0.9460 -0.3115 -0.0900
vn -0.9899 -0.1058 0.0942
vn -0.9460 -0.3115 0.0900
vn -0.9543 -0.1061 0.2795
vn -0.9543 -0.1061 0.2796
vn -0.9117 -0.3122 0.2671
vn -0.8835 -0.1066 0.4561
vn -0.8438 -0.3135 0.4356
vn -0.7792 -0.1072 0.6176
vn -0.7437 -0.3153 0.5895
vn -0.6438 -0.1080 0.7576
vn -0.6438 -0.1079 0.7576
vn -0.4590 -0.3190 0.8292
vn -0.2979 -0.1092 0.9483
vn -0.2839 -0.3204 0.9037
vn -0.1009 -0.1094 0.9889
vn -0.1009 -0.1095 0.9889
vn -0.0961 -0.3212 0.9421
vn 0.1009 -0.1095 0.9889
vn 0.0961 -0.3212 0.9421
vn 0.2979 -0.1092 0.9483
vn 0.2979 -0.1091 0.9484
vn 0.2839 -0.3204 0.9037
vn 0.6438 -0.1079 0.7576
vn 0.7792 -0.1072 0.6176
vn 0.7437 -0.3153 0.5895
vn 0.8835 -0.1066 0.4561
vn 0.8438 -0.3135 0.4356
vn 0.9543 -0.1061 0.2796
vn 0.9117 -0.3122 0.2671
vn 0.9899 -0.1058 0.0942
vn 0.9460 -0.3115 0.0900
vn 0.9899 -0.1058 -0.0942
vn 0.9899 -0.1058 -0.0941
vn 0.9460 -0.3115 -0.0900
vn 0.9543 -0.1061 -0.2795
vn 0.9543 -0.1061 -0.2796
vn 0.8835 -0.1066 -0.4561
vn 0.8438 -0.3135 -0.4356
vn 0.7437 -0.3153 -0.5895
vn 0.6764 -0.5052 -0.5361
vn 0.7681 -0.5028 -0.3965
vn 0.5579 -0.5077 -0.6565
vn 0.4802 -0.6709 -0.5650
vn 0.4802 -0.6710 -0.5650
vn 0.5829 -0.6684 -0.4620
vn 0.4165 -0.5101 -0.7525
vn 0.3580 -0.6733 -0.6469
vn 0.2574 -0.5120 -0.8195
vn 0.2211 -0.6751 -0.7038
vn 0.0871 -0.5130 -0.8540
vn 0.0748 -0.6761 -0.7330
vn -0.0871 -0.5130 -0.8540
vn -0.0748 -0.6761 -0.7330
vn -0.2574 -0.5120 -0.8195
vn -0.2211 -0.6751 -0.7038
vn -0.4165 -0.5101 -0.7525
vn -0.3580 -0.6733 -0.6469
vn -0.5579 -0.5077 -0.6565
vn -0.4802 -0.6709 -0.5650
vn -0.4802 -0.6710 -0.5650
vn -0.6764 -0.5052 -0.5360
vn -0.5829 -0.6684 -0.4620
vn -0.7681 -0.5028 -0.3965
vn -0.8305 -0.5011 -0.2433
vn -0.7172 -0.6644 -0.2101
vn -0.8621 -0.5001 -0.0820
vn -0.7448 -0.6635 -0.0708
vn -0.7448 -0.6635 -0.0709
vn -0.8621 -0.5001 0.0820
vn -0.7448 -0.6635 0.0708
vn -0.7448 -0.6635 0.0709
vn -0.8305 -0.5011 0.2433
vn -0.7172 -0.6644 0.2101
vn -0.7681 -0.5028 0.3965
vn -0.6627 -0.6661 0.3421
vn -0.6764 -0.5052 0.5361
vn -0.5829 -0.6684 0.4620
vn -0.4165 -0.5101 0.7525
vn -0.3580 -0.6733 0.6469
vn -0.2574 -0.5120 0.8195
vn -0.2211 -0.6751 0.7038
vn -0.0871 -0.5130 0.8540
vn -0.0747 -0.6761 0.7330
vn 0.0871 -0.5130 0.8540
vn 0.0747 -0.6761 0.7330
vn 0.2574 -0.5120 0.8195
vn 0.2211 -0.6751 0.7038
vn 0.4165 -0.5101 0.7525
vn 0.3580 -0.6733 0.6469
vn 0.6763 -0.5052 0.5361
vn 0.6764 -0.5052 0.5361
vn 0.5829 -0.6684 0.4620
vn 0.7681 -0.5028 0.3965
vn 0.6627 -0.6661 0.3421
vn 0.8305 -0.5011 0.2433
vn 0.7172 -0.6644 0.2101
vn 0.8621 -0.5001 0.0820
vn 0.7449 -0.6635 0.0709
vn 0.7449 -0.6635 0.0708
vn 0.8621 -0.5001 -0.0820
vn 0.7449 -0.6635 -0.0708
vn 0.7449 -0.6635 -0.0709
vn 0.8305 -0.5011 -0.2433
vn 0.7172 -0.6644 -0.2101
vn 0.5350 -0.7984 -0.2762
vn 0.5795 -0.7971 -0.1698
vn 0.4700 -0.8002 -0.3725
vn 0.3438 -0.8987 -0.2725
vn 0.3917 -0.8976 -0.2022
vn 0.2825 -0.8998 -0.3324
vn 0.2880 -0.8040 -0.5203
vn 0.2102 -0.9009 -0.3797
vn 0.1776 -0.8054 -0.5655
vn 0.1295 -0.9017 -0.4124
vn 0.0600 -0.8061 -0.5887
vn 0.0438 -0.9022 -0.4291
vn -0.0600 -0.8061 -0.5887
vn -0.0438 -0.9022 -0.4291
vn -0.1776 -0.8054 -0.5655
vn -0.1295 -0.9017 -0.4124
vn -0.2880 -0.8040 -0.5203
vn -0.2102 -0.9009 -0.3797
vn -0.3867 -0.8022 -0.4550
vn -0.2825 -0.8998 -0.3324
vn -0.4700 -0.8002 -0.3725
vn -0.3438 -0.8987 -0.2725
vn -0.5350 -0.7984 -0.2762
vn -0.3917 -0.8976 -0.2022
vn -0.5795 -0.7971 -0.1698
vn -0.4247 -0.8968 -0.1244
vn -0.6021 -0.7963 -0.0573
vn -0.4414 -0.8963 -0.0420
vn -0.6021 -0.7963 0.0573
vn -0.4414 -0.8963 0.0420
vn -0.5795 -0.7971 0.1698
vn -0.4247 -0.8968 0.1244
vn -0.5350 -0.7984 0.2762
vn -0.3917 -0.8976 0.2022
vn -0.4700 -0.8002 0.3725
vn -0.3438 -0.8987 0.2725
vn -0.3867 -0.8022 0.4550
vn -0.2825 -0.8998 0.3324
vn -0.2102 -0.9009 0.3797
vn -0.1776 -0.8054 0.5655
vn -0.1295 -0.9017 0.4124
vn -0.0600 -0.8061 0.5887
vn 0.0600 -0.8061 0.5887
vn 0.1776 -0.8054 0.5655
vn 0.2102 -0.9009 0.3797
vn 0.3867 -0.8022 0.4550
vn 0.3866 -0.8022 0.4550
vn 0.2825 -0.8998 0.3324
vn 0.4700 -0.8002 0.3725
vn 0.3438 -0.8987 0.2725
vn 0.5350 -0.7984 0.2762
vn 0.3917 -0.8976 0.2022
vn 0.5795 -0.7971 0.1698
vn 0.4247 -0.8968 0.1244
vn 0.6021 -0.7963 0.0573
vn 0.4414 -0.8963 0.0420
vn 0.6021 -0.7963 -0.0573
vn 0.4414 -0.8963 -0.0420
vn 0.4247 -0.8968 -0.1244
vn 0.2588 -0.9630 -0.0758
vn 0.2691 -0.9628 -0.0256
vn 0.2386 -0.9633 -0.1232
vn 0.0801 -0.9959 -0.0413
vn 0.0869 -0.9959 -0.0254
vn -0.0576 -0.9960 0.0678
vn -0.0702 -0.9960 0.0556
vn 0.0089 -0.9961 -0.0873
vn -0.0089 -0.9961 -0.0873
vn 0.0264 -0.9961 -0.0839
vn 0.0428 -0.9961 -0.0773
vn 0.0576 -0.9960 -0.0678
vn 0.0702 -0.9960 -0.0556
vn 0.0904 -0.9959 -0.0086
vn 0.0904 -0.9959 0.0086
vn 0.0869 -0.9959 0.0255
vn 0.0801 -0.9959 0.0413
vn 0.0702 -0.9960 0.0556
vn 0.0576 -0.9960 0.0678
vn 0.0428 -0.9961 0.0773
vn 0.0263 -0.9961 0.0839
vn 0.0089 -0.9961 0.0873
vn -0.0089 -0.9961 0.0873
vn -0.0263 -0.9961 0.0839
vn -0.0428 -0.9961 0.0773
vn -0.0801 -0.9959 0.0413
vn -0.0869 -0.9959 0.0255
vn -0.0904 -0.9959 0.0086
vn -0.0904 -0.9959 -0.0086
vn -0.0869 -0.9959 -0.0255
vn -0.0801 -0.9959 -0.0413
vn -0.0702 -0.9960 -0.0556
vn -0.0576 -0.9960 -0.0678
vn -0.0428 -0.9961 -0.0773
vn -0.0264 -0.9961 -0.0839
vn -0.0787 -0.9649 -0.2504
vn -0.0786 -0.9649 -0.2504
vn -0.0266 -0.9651 -0.2605
vn -0.1277 -0.9646 -0.2307
vn -0.1718 -0.9642 -0.2021
vn -0.2092 -0.9637 -0.1658
vn -0.2386 -0.9633 -0.1232
vn -0.2588 -0.9630 -0.0758
vn -0.2691 -0.9628 -0.0256
vn -0.2691 -0.9628 0.0256
vn -0.2588 -0.9630 0.0758
vn -0.2386 -0.9633 0.1232
vn -0.2386 -0.9633 0.1231
vn -0.2092 -0.9637 0.1658
vn -0.1277 -0.9646 0.2307
vn -0.1718 -0.9642 0.2021
vn -0.0786 -0.9649 0.2504
vn -0.0787 -0.9649 0.2504
vn -0.0266 -0.9651 0.2605
vn 0.0266 -0.9651 0.2605
vn 0.0265 -0.9651 0.2605
vn 0.0787 -0.9649 0.2504
vn 0.0786 -0.9649 0.2504
vn 0.1277 -0.9646 0.2307
vn 0.1718 -0.9642 0.2021
vn 0.2092 -0.9637 0.1658
vn 0.2386 -0.9633 0.1231
vn 0.2386 -0.9633 0.1232
vn 0.2588 -0.9630 0.0758
vn 0.2691 -0.9628 0.0256
vn 0.1718 -0.9642 -0.2021
vn 0.2092 -0.9637 -0.1658
vn 0.1277 -0.9646 -0.2307
vn 0.0787 -0.9649 -0.2504
vn 0.0266 -0.9651 -0.2605
vn 0.0787 0.9649 -0.2504
vn 0.1277 0.9646 -0.2307
vn 0.0266 0.9651 -0.2605
vn 0.0264 0.9961 -0.0840
vn 0.0089 0.9961 -0.0873
vn -0.0266 0.9651 -0.2605
vn -0.0089 0.9961 -0.0873
vn -0.0787 0.9649 -0.2504
vn -0.0264 0.9961 -0.0839
vn -0.1277 0.9646 -0.2307
vn -0.0428 0.9961 -0.0774
vn -0.1718 0.9642 -0.2021
vn -0.0576 0.9960 -0.0678
vn -0.2092 0.9637 -0.1658
vn -0.0702 0.9960 -0.0556
vn -0.2386 0.9633 -0.1232
vn -0.2386 0.9633 -0.1231
vn -0.0801 0.9959 -0.0413
vn -0.2588 0.9630 -0.0758
vn -0.0869 0.9959 -0.0255
vn -0.2691 0.9628 -0.0256
vn -0.0904 0.9959 -0.0086
vn -0.2691 0.9628 0.0256
vn -0.0904 0.9959 0.0086
vn -0.2588 0.9630 0.0758
vn -0.0869 0.9959 0.0255
vn -0.2386 0.9633 0.1232
vn -0.2386 0.9633 0.1231
vn -0.0801 0.9959 0.0413
vn -0.2092 0.9637 0.1658
vn -0.0702 0.9960 0.0556
vn -0.1718 0.9642 0.2021
vn -0.0576 0.9960 0.0678
vn -0.1277 0.9646 0.2307
vn -0.0428 0.9961 0.0774
vn -0.0786 0.9649 0.2504
vn -0.0787 0.9649 0.2504
vn -0.0264 0.9961 0.0840
vn -0.0266 0.9651 0.2605
vn -0.0089 0.9961 0.0873
vn 0.0266 0.9651 0.2605
vn 0.0089 0.9961 0.0873
vn 0.0787 0.9649 0.2504
vn 0.0786 0.9649 0.2504
vn 0.0264 0.9961 0.0840
vn 0.0428 0.9961 0.0774
vn 0.1718 0.9642 0.2021
vn 0.0576 0.9960 0.0678
vn 0.2092 0.9637 0.1658
vn 0.0702 0.9960 0.0557
vn 0.2386 0.9633 0.1231
vn 0.2386 0.9633 0.1232
vn 0.0801 0.9959 0.0413
vn 0.2588 0.9630 0.0758
vn 0.0869 0.9959 0.0255
vn 0.2691 0.9628 0.0256
vn 0.0904 0.9959 0.0086
vn 0.2691 0.9628 -0.0256
vn 0.0904 0.9959 -0.0086
vn 0.2588 0.9630 -0.0758
vn 0.0869 0.9959 -0.0255
vn 0.0801 0.9959 -0.0413
vn 0.2386 0.9633 -0.1232
vn 0.2092 0.9637 -0.1658
vn 0.0702 0.9960 -0.0556
vn 0.1718 0.9642 -0.2021
vn 0.0576 0.9960 -0.0678
vn 0.0428 0.9961 -0.0774
vn -0.0601 0.8061 -0.5887
vn -0.1295 0.9018 -0.4124
vn -0.3866 0.8022 -0.4550
vn -0.3438 0.8987 -0.2724
vn -0.3438 0.8987 0.2724
vn -0.2101 0.9009 0.3797
vn -0.1295 0.9018 0.4124
vn -0.0437 0.9022 0.4291
vn 0.0437 0.9022 0.4291
vn 0.1295 0.9018 0.4124
vn 0.1296 0.9018 0.4124
vn 0.2101 0.9009 0.3797
vn 0.3867 0.8022 0.4550
vn 0.2101 0.9009 -0.3797
vn 0.1295 0.9018 -0.4124
vn -0.6764 0.5052 -0.5361
vn 0.7448 0.6635 -0.0708
vn 0.4590 0.3190 -0.8292
vn 0.4814 0.1086 -0.8697
vn -0.4590 0.3190 -0.8292
vn -0.4814 0.1086 -0.8697
vn -0.6438 0.1079 -0.7576
vn -0.7437 0.3153 -0.5895
vn -0.7792 0.1072 -0.6175
vn -0.9542 0.1061 -0.2796
vn -0.9542 0.1061 0.2796
vn -0.7792 0.1072 0.6175
vn -0.6438 0.1079 0.7576
vn -0.4590 0.3190 0.8292
vn -0.4814 0.1086 0.8697
vn 0.4590 0.3190 0.8292
vn 0.4814 0.1086 0.8697
vn 0.6438 0.1080 0.7576
vn 0.7792 0.1072 0.6175
vn 0.9542 0.1061 0.2796
vn 0.9899 0.1058 0.0941
vn 0.9899 0.1058 -0.0941
vn 0.9542 0.1061 -0.2796
vn 0.7792 0.1072 -0.6176
vn 0.7792 -0.1072 -0.6176
vn 0.4814 -0.1086 -0.8697
vn 0.4590 -0.3190 -0.8292
vn 0.1008 -0.1095 -0.9889
vn -0.1008 -0.1095 -0.9889
vn -0.4814 -0.1086 -0.8697
vn -0.7792 -0.1072 -0.6176
vn -0.7437 -0.3153 -0.5895
vn -0.9542 -0.1061 -0.2796
vn -0.9542 -0.1061 0.2796
vn -0.7792 -0.1072 0.6175
vn -0.6141 -0.3172 0.7226
vn -0.4814 -0.1086 0.8697
vn -0.1008 -0.1095 0.9889
vn 0.1008 -0.1095 0.9889
vn 0.4814 -0.1086 0.8697
vn 0.4590 -0.3190 0.8292
vn 0.6438 -0.1080 0.7576
vn 0.6763 -0.5052 -0.5361
vn -0.6764 -0.5052 -0.5361
vn -0.6763 -0.5052 -0.5361
vn -0.7449 -0.6635 0.0708
vn -0.6763 -0.5052 0.5361
vn -0.4802 -0.6710 0.5650
vn -0.0748 -0.6761 0.7330
vn 0.0748 -0.6761 0.7330
vn 0.7448 -0.6635 0.0708
vn 0.7448 -0.6635 0.0709
vn 0.7448 -0.6635 -0.0708
vn 0.7448 -0.6635 -0.0709
vn 0.3438 -0.8987 -0.2724
vn 0.2101 -0.9009 -0.3797
vn 0.1295 -0.9018 -0.4124
vn -0.0601 -0.8061 -0.5887
vn -0.1295 -0.9018 -0.4124
vn -0.1296 -0.9017 -0.4124
vn -0.2101 -0.9009 -0.3797
vn -0.3438 -0.8987 -0.2724
vn -0.4246 -0.8968 -0.1244
vn -0.4246 -0.8968 0.1244
vn -0.3438 -0.8987 0.2724
vn -0.3866 -0.8022 0.4550
vn -0.2101 -0.9009 0.3797
vn 0.1295 -0.9018 0.4124
vn 0.2101 -0.9009 0.3797
vn 0.3438 -0.8987 0.2724
vn 0.2588 -0.9629 -0.0758
vn 0.0869 -0.9959 -0.0255
vn 0.0264 -0.9961 0.0839
vn -0.0264 -0.9961 0.0839
vn -0.0869 -0.9959 0.0254
vn -0.0869 -0.9959 -0.0254
vn -0.0787 -0.9649 -0.2505
vn -0.0265 -0.9651 -0.2605
vn -0.1718 -0.9642 -0.2022
vn -0.2588 -0.9629 -0.0758
vn -0.2588 -0.9629 0.0758
vn -0.1718 -0.9642 0.2022
vn -0.0787 -0.9649 0.2505
vn 0.0787 -0.9649 0.2505
vn 0.1718 -0.9642 0.2022
vn 0.2588 -0.9629 0.0758
vn 0.1718 -0.9642 -0.2022
vn 0.0787 -0.9649 -0.2505
vn 0.0787 0.9649 -0.2505
vn 0.0263 0.9961 -0.0839
vn -0.0787 0.9649 -0.2505
vn -0.0263 0.9961 -0.0839
vn -0.0428 0.9961 -0.0773
vn -0.2588 0.9629 -0.0758
vn -0.0869 0.9959 -0.0254
vn -0.2588 0.9629 0.0758
vn -0.1718 0.9642 0.2022
vn -0.0428 0.9961 0.0773
vn -0.0263 0.9961 0.0839
vn -0.0265 0.9651 0.2605
vn 0.0263 0.9961 0.0839
vn 0.0428 0.9961 0.0773
vn 0.1718 0.9642 0.2022
vn 0.0702 0.9960 0.0556
vn 0.2588 0.9629 -0.0758
vn 0.1718 0.9642 -0.2022
vn 0.0579 0.9960 -0.0678
vn 0.0428 0.9961 -0.0773
vn -0.2879 0.8040 -0.5203
vn -0.2879 0.8040 0.5203
vn -0.4802 0.6710 -0.5650
vn -0.7448 0.6635 -0.0709
vn -0.7448 0.6635 0.0709
vn 0.4802 0.6709 0.5651
vn 0.7449 0.6635 -0.0709
vn 0.4802 0.6710 -0.5650
vn 0.1009 0.1094 -0.9889
vn -0.7438 0.3152 -0.5895
vn -0.7792 0.1073 -0.6175
vn -0.9543 0.1061 -0.2796
vn -0.9543 0.1061 0.2796
vn 0.2979 0.1091 0.9484
vn 0.9543 0.1061 -0.2796
vn 0.6438 -0.1079 -0.7576
vn -0.1008 -0.1094 -0.9889
vn 0.2838 -0.3204 0.9037
vn -0.3581 -0.6733 0.6469
vn -0.0437 -0.9022 0.4291
vn 0.0437 -0.9022 0.4291
vn -0.2386 -0.9633 -0.1231
vn -0.1717 0.9642 -0.2021
vn 0.0265 0.9651 0.2605
vn -0.1296 0.9017 -0.4124
vn -0.4246 0.8968 -0.1244
vn -0.4246 0.8968 0.1244
vn -0.1296 0.9018 0.4124
vn 0.1296 0.9018 -0.4124
vn -0.7449 0.6635 0.0708
vn -0.4802 0.6710 0.5650
vn 0.7448 0.6635 0.0709
vn 0.7448 0.6635 -0.0709
vn -0.1008 0.1095 -0.9889
vn -0.4814 0.1087 -0.8697
vn -0.6141 0.3172 0.7226
vn -0.6438 -0.1079 -0.7576
vn 0.2979 -0.1091 0.9483
vn 0.7792 -0.1072 0.6175
vn 0.7437 -0.3152 0.5895
vn 0.9542 -0.1061 0.2796
vn 0.9899 -0.1058 0.0941
vn -0.0265 -0.9651 0.2605
vn 0.0787 0.9649 0.2505
vn -0.0000 -0.9912 -0.1326
vn -0.0000 0.9655 -0.2606
vn -0.0000 0.9030 -0.4295
vn -0.0000 0.8077 -0.5896
vn -0.0000 0.8077 -0.5897
vn -0.0000 0.6782 -0.7349
vn -0.0000 0.6779 -0.7352
vn -0.0000 0.5150 -0.8572
vn -0.0000 0.3226 -0.9465
vn -0.0000 0.3227 -0.9465
vn -0.0000 0.1100 -0.9939
vn -0.0000 -0.1100 -0.9939
vn -0.0000 -0.3227 -0.9465
vn -0.0000 -0.3226 -0.9465
vn -0.0000 -0.5150 -0.8572
vn -0.0000 -0.6779 -0.7351
vn -0.0000 -0.8076 -0.5897
vn -0.0000 -0.9031 -0.4295
vn -0.0000 -0.9031 0.4295
vn -0.0000 -0.8076 0.5898
vn -0.0000 -0.8075 0.5898
vn -0.0000 -0.6781 0.7350
vn -0.0000 -0.6781 0.7349
vn -0.0000 -0.5149 0.8572
vn -0.0000 -0.3227 0.9465
vn -0.0000 -0.3226 0.9465
vn -0.0000 -0.1095 0.9940
vn -0.0000 -0.1101 0.9939
vn -0.0000 -0.1102 0.9939
vn -0.0000 -0.8651 -0.5016
vn -0.0000 -0.9598 -0.2808
vn -0.0000 0.9912 -0.1326
vn -0.0000 0.9617 -0.2742
vn -0.0000 0.8593 -0.5115
vn -0.0000 0.1100 0.9939
vn -0.0000 0.3226 0.9465
vn -0.0000 0.3227 0.9465
vn -0.0000 0.5149 0.8572
vn -0.0000 0.6781 0.7350
vn -0.0000 0.6780 0.7350
vn -0.0000 0.6780 0.7351
vn -0.0000 0.8076 0.5898
vn -0.0000 0.8076 0.5897
vn -0.0000 0.9030 0.4295
vn -0.0000 0.9031 0.4295
vn -0.0000 0.9655 0.2606
vn -0.0000 0.9655 -0.2605
vn -0.0000 0.9030 0.4296
vn -0.0000 0.5150 0.8572
vn -0.0000 0.1099 0.9939
vn -0.0000 -0.1099 0.9939
vn -0.0000 -0.1098 0.9939
vn -0.0000 -0.1100 0.9939
vn -0.0000 -0.5150 0.8572
vn -0.0000 -0.6780 0.7350
vn -0.0000 -0.9030 0.4295
vn -0.0000 -0.9654 -0.2607
vn -0.0000 -0.6780 -0.7351
vn -0.0000 -0.5149 -0.8572
vn -0.0000 -0.1101 -0.9939
vn -0.0000 0.5149 -0.8572
vn -0.0000 0.6779 -0.7351
vn -0.0000 0.6780 -0.7351
vn -0.0000 0.8075 -0.5899
vn -0.0000 -0.1103 0.9939
vn -0.0000 -0.1097 0.9940
vn -0.0000 0.9654 -0.2607
vn -0.0000 -0.9655 -0.2605
vn -0.0000 0.1101 -0.9939
vn 0.2016 -0.0000 -0.9795
vn -0.2016 -0.0000 -0.9795
vn -0.3940 -0.0000 -0.9191
vn -0.5687 -0.0000 -0.8225
vn -0.7191 -0.0000 -0.6949
vn -0.8401 -0.0000 -0.5425
vn -0.9284 -0.0000 -0.3716
vn -0.9820 -0.0000 -0.1888
vn -0.9284 -0.0000 0.3716
vn -0.8401 -0.0000 0.5425
vn -0.7191 -0.0000 0.6949
vn -0.5687 -0.0000 0.8225
vn -0.3940 -0.0000 0.9191
vn -0.2016 -0.0000 0.9795
vn 0.2016 -0.0000 0.9795
vn 0.3940 -0.0000 0.9191
vn 0.5687 -0.0000 0.8225
vn 0.7191 -0.0000 0.6949
vn 0.8401 -0.0000 0.5425
vn 0.9284 -0.0000 0.3716
vn 0.9284 -0.0000 -0.3716
vn 0.8401 -0.0000 -0.5425
vn 0.7191 -0.0000 -0.6949
vn 0.5687 -0.0000 -0.8225
vn 0.3940 -0.0000 -0.9191
vt 0.057510 0.514867
vt 0.039492 0.505858
vt 0.057510 0.505858
vt 0.075528 0.514867
vt 0.075528 0.505858
vt 0.057510 0.523876
vt 0.039492 0.514867
vt 0.075528 0.523876
vt 0.057510 0.532885
vt 0.039492 0.523876
vt 0.075528 0.532885
vt 0.039492 0.541894
vt 0.057510 0.541894
vt 0.075528 0.541894
vt 0.057510 0.550903
vt 0.075528 0.550903
vt 0.057510 0.559912
vt 0.039492 0.550903
vt 0.075528 0.559912
vt 0.039492 0.568920
vt 0.057510 0.568920
vt 0.075528 0.568920
vt 0.057510 0.577929
vt 0.075528 0.577929
vt 0.039492 0.586938
vt 0.057510 0.586938
vt 0.075528 0.586938
vt 0.057510 0.307663
vt 0.039492 0.298655
vt 0.057510 0.298655
vt 0.075528 0.298655
vt 0.075528 0.307663
vt 0.039492 0.316672
vt 0.057510 0.316672
vt 0.075528 0.316672
vt 0.039492 0.325681
vt 0.057510 0.325681
vt 0.075528 0.325681
vt 0.057510 0.334690
vt 0.075528 0.334690
vt 0.057510 0.343699
vt 0.039492 0.334690
vt 0.075528 0.343699
vt 0.057510 0.352708
vt 0.039492 0.343699
vt 0.075528 0.352708
vt 0.039492 0.361717
vt 0.057510 0.361717
vt 0.075528 0.361717
vt 0.039492 0.370725
vt 0.057510 0.370725
vt 0.075528 0.370725
vt 0.039492 0.379734
vt 0.057510 0.379734
vt 0.075528 0.379734
vt 0.057510 0.388743
vt 0.075528 0.388743
vt 0.039492 0.397752
vt 0.057510 0.397752
vt 0.075528 0.397752
vt 0.057510 0.406761
vt 0.075528 0.406761
vt 0.039492 0.415770
vt 0.057510 0.415770
vt 0.075528 0.415770
vt 0.057510 0.424779
vt 0.075528 0.424779
vt 0.039492 0.433787
vt 0.057510 0.433787
vt 0.075528 0.433787
vt 0.057510 0.442796
vt 0.075528 0.442796
vt 0.039492 0.451805
vt 0.057510 0.451805
vt 0.075528 0.451805
vt 0.039492 0.460814
vt 0.057510 0.460814
vt 0.075528 0.460814
vt 0.057510 0.469823
vt 0.075528 0.469823
vt 0.039492 0.478832
vt 0.057510 0.478832
vt 0.075528 0.478832
vt 0.039492 0.487841
vt 0.057510 0.487841
vt 0.075528 0.487841
vt 0.039492 0.496850
vt 0.057510 0.496850
vt 0.075528 0.496850
vt 0.093546 0.496850
vt 0.093546 0.505858
vt 0.093546 0.487841
vt 0.093546 0.514867
vt 0.111563 0.514867
vt 0.111563 0.505858
vt 0.111563 0.496850
vt 0.093546 0.523876
vt 0.111563 0.523876
vt 0.093546 0.532885
vt 0.111563 0.532885
vt 0.093546 0.541894
vt 0.111563 0.541894
vt 0.093546 0.550903
vt 0.111563 0.550903
vt 0.093546 0.559912
vt 0.111563 0.559912
vt 0.093546 0.568920
vt 0.111563 0.568920
vt 0.093546 0.577929
vt 0.111563 0.577929
vt 0.093546 0.586938
vt 0.111563 0.586938
vt 0.093546 0.298655
vt 0.093546 0.307663
vt 0.111563 0.298655
vt 0.111563 0.307663
vt 0.093546 0.316672
vt 0.111563 0.316672
vt 0.093546 0.325681
vt 0.111563 0.325681
vt 0.093546 0.334690
vt 0.111563 0.334690
vt 0.093546 0.343699
vt 0.111563 0.343699
vt 0.093546 0.352708
vt 0.111563 0.352708
vt 0.093546 0.361717
vt 0.111563 0.361717
vt 0.093546 0.370725
vt 0.111563 0.370725
vt 0.093546 0.379734
vt 0.111563 0.379734
vt 0.093546 0.388743
vt 0.111563 0.388743
vt 0.093546 0.397752
vt 0.111563 0.397752
vt 0.093546 0.406761
vt 0.111563 0.406761
vt 0.093546 0.415770
vt 0.111563 0.415770
vt 0.093546 0.424779
vt 0.111563 0.424779
vt 0.093546 0.433787
vt 0.111563 0.433787
vt 0.093546 0.442796
vt 0.111563 0.442796
vt 0.093546 0.451805
vt 0.111563 0.451805
vt 0.093546 0.460814
vt 0.111563 0.460814
vt 0.093546 0.469823
vt 0.111563 0.469823
vt 0.093546 0.478832
vt 0.111563 0.478832
vt 0.111563 0.487841
vt 0.129581 0.487841
vt 0.129581 0.496850
vt 0.129581 0.478832
vt 0.129581 0.505858
vt 0.147599 0.505858
vt 0.147599 0.496850
vt 0.147599 0.487841
vt 0.129581 0.514867
vt 0.147599 0.514867
vt 0.147599 0.523876
vt 0.129581 0.523876
vt 0.129581 0.532885
vt 0.147599 0.532885
vt 0.129581 0.541894
vt 0.147599 0.541894
vt 0.129581 0.550903
vt 0.147599 0.550903
vt 0.129581 0.559912
vt 0.147599 0.559912
vt 0.129581 0.568920
vt 0.147599 0.568920
vt 0.129581 0.577929
vt 0.147599 0.577929
vt 0.129581 0.586938
vt 0.147599 0.586938
vt 0.129581 0.307663
vt 0.129581 0.298655
vt 0.147599 0.307663
vt 0.147599 0.298655
vt 0.129581 0.316672
vt 0.147599 0.316672
vt 0.129581 0.325681
vt 0.147599 0.325681
vt 0.129581 0.334690
vt 0.147599 0.334690
vt 0.129581 0.343699
vt 0.147599 0.343699
vt 0.129581 0.352708
vt 0.147599 0.352708
vt 0.129581 0.361717
vt 0.147599 0.361717
vt 0.129581 0.370725
vt 0.147599 0.370725
vt 0.129581 0.379734
vt 0.147599 0.379734
vt 0.129581 0.388743
vt 0.147599 0.388743
vt 0.129581 0.397752
vt 0.147599 0.397752
vt 0.129581 0.406761
vt 0.147599 0.406761
vt 0.129581 0.415770
vt 0.147599 0.415770
vt 0.129581 0.424779
vt 0.147599 0.424779
vt 0.129581 0.433787
vt 0.147599 0.433787
vt 0.129581 0.442796
vt 0.147599 0.442796
vt 0.129581 0.451805
vt 0.147599 0.451805
vt 0.129581 0.460814
vt 0.147599 0.460814
vt 0.129581 0.469823
vt 0.147599 0.469823
vt 0.147599 0.478832
vt 0.165617 0.478832
vt 0.165617 0.487841
vt 0.165617 0.469823
vt 0.165617 0.496850
vt 0.183634 0.496850
vt 0.183634 0.487841
vt 0.183634 0.478832
vt 0.165617 0.505858
vt 0.183634 0.505858
vt 0.165617 0.514867
vt 0.183634 0.514867
vt 0.165617 0.523876
vt 0.183634 0.523876
vt 0.165617 0.532885
vt 0.183634 0.532885
vt 0.165617 0.541894
vt 0.183634 0.541894
vt 0.165617 0.550903
vt 0.183634 0.550903
vt 0.165617 0.559912
vt 0.183634 0.559912
vt 0.165617 0.568920
vt 0.183634 0.568920
vt 0.165617 0.577929
vt 0.183634 0.577929
vt 0.165617 0.586938
vt 0.183634 0.586938
vt 0.165617 0.298655
vt 0.165617 0.307663
vt 0.183634 0.298655
vt 0.183634 0.307663
vt 0.165617 0.316672
vt 0.183634 0.316672
vt 0.165617 0.325681
vt 0.183634 0.325681
vt 0.165617 0.334690
vt 0.183634 0.334690
vt 0.165617 0.343699
vt 0.183634 0.343699
vt 0.165617 0.352708
vt 0.183634 0.352708
vt 0.165617 0.361717
vt 0.183634 0.361717
vt 0.165617 0.370725
vt 0.183634 0.370725
vt 0.165617 0.379734
vt 0.183634 0.379734
vt 0.165617 0.388743
vt 0.183634 0.388743
vt 0.165617 0.397752
vt 0.183634 0.397752
vt 0.165617 0.406761
vt 0.183634 0.406761
vt 0.165617 0.415770
vt 0.183634 0.415770
vt 0.165617 0.424779
vt 0.183634 0.424779
vt 0.165617 0.433787
vt 0.183634 0.433787
vt 0.165617 0.442796
vt 0.183634 0.442796
vt 0.165617 0.451805
vt 0.183634 0.451805
vt 0.165617 0.460814
vt 0.183634 0.460814
vt 0.183634 0.469823
vt 0.201652 0.478832
vt 0.201652 0.469823
vt 0.201652 0.460814
vt 0.201652 0.487841
vt 0.219670 0.478832
vt 0.219670 0.487841
vt 0.219670 0.469823
vt 0.201652 0.496850
vt 0.219670 0.496850
vt 0.201652 0.505858
vt 0.219670 0.505858
vt 0.201652 0.514867
vt 0.219670 0.514867
vt 0.201652 0.523876
vt 0.219670 0.523876
vt 0.201652 0.532885
vt 0.219670 0.532885
vt 0.201652 0.541894
vt 0.219670 0.541894
vt 0.201652 0.550903
vt 0.219670 0.550903
vt 0.201652 0.559912
vt 0.219670 0.559912
vt 0.201652 0.568920
vt 0.219670 0.568920
vt 0.201652 0.577929
vt 0.219670 0.577929
vt 0.201652 0.586938
vt 0.219670 0.586938
vt 0.201652 0.307663
vt 0.201652 0.298655
vt 0.219670 0.298655
vt 0.219670 0.307663
vt 0.201652 0.316672
vt 0.219670 0.316672
vt 0.201652 0.325681
vt 0.219670 0.325681
vt 0.201652 0.334690
vt 0.219670 0.334690
vt 0.201652 0.343699
vt 0.219670 0.343699
vt 0.201652 0.352708
vt 0.219670 0.352708
vt 0.201652 0.361717
vt 0.219670 0.361717
vt 0.201652 0.370725
vt 0.219670 0.370725
vt 0.201652 0.379734
vt 0.219670 0.379734
vt 0.201652 0.388743
vt 0.219670 0.388743
vt 0.201652 0.397752
vt 0.219670 0.397752
vt 0.201652 0.406761
vt 0.219670 0.406761
vt 0.201652 0.415770
vt 0.219670 0.415770
vt 0.201652 0.424779
vt 0.219670 0.424779
vt 0.201652 0.433787
vt 0.219670 0.433787
vt 0.201652 0.442796
vt 0.219670 0.442796
vt 0.201652 0.451805
vt 0.219670 0.451805
vt 0.219670 0.460814
vt 0.237687 0.460814
vt 0.237687 0.469823
vt 0.237687 0.451805
vt 0.237687 0.478832
vt 0.255705 0.478832
vt 0.255705 0.469823
vt 0.255705 0.460814
vt 0.237687 0.487841
vt 0.255705 0.487841
vt 0.237687 0.496850
vt 0.255705 0.496850
vt 0.237687 0.505858
vt 0.255705 0.505858
vt 0.237687 0.514867
vt 0.255705 0.514867
vt 0.237687 0.523876
vt 0.255705 0.523876
vt 0.237687 0.532885
vt 0.255705 0.532885
vt 0.237687 0.541894
vt 0.255705 0.541894
vt 0.237687 0.550903
vt 0.255705 0.550903
vt 0.237687 0.559912
vt 0.255705 0.559912
vt 0.237687 0.568920
vt 0.255705 0.568920
vt 0.237687 0.577929
vt 0.255705 0.577929
vt 0.237687 0.586938
vt 0.255705 0.586938
vt 0.237687 0.307663
vt 0.237687 0.298655
vt 0.255705 0.298655
vt 0.255705 0.307663
vt 0.237687 0.316672
vt 0.255705 0.316672
vt 0.237687 0.325681
vt 0.255705 0.325681
vt 0.237687 0.334690
vt 0.255705 0.334690
vt 0.237687 0.343699
vt 0.255705 0.343699
vt 0.237687 0.352708
vt 0.255705 0.352708
vt 0.237687 0.361717
vt 0.255705 0.361717
vt 0.237687 0.370725
vt 0.255705 0.370725
vt 0.237687 0.379734
vt 0.255705 0.379734
vt 0.237687 0.388743
vt 0.255705 0.388743
vt 0.237687 0.397752
vt 0.255705 0.397752
vt 0.237687 0.406761
vt 0.255705 0.406761
vt 0.237687 0.415770
vt 0.255705 0.415770
vt 0.237687 0.424779
vt 0.255705 0.424779
vt 0.237687 0.433787
vt 0.255705 0.433787
vt 0.237687 0.442796
vt 0.255705 0.442796
vt 0.255705 0.451805
vt 0.273723 0.460814
vt 0.273723 0.451805
vt 0.273723 0.442796
vt 0.273723 0.469823
vt 0.291741 0.465319
vt 0.291741 0.456310
vt 0.291741 0.339194
vt 0.273723 0.343699
vt 0.273723 0.334690
vt 0.291741 0.330185
vt 0.273723 0.325681
vt 0.291741 0.510363
vt 0.273723 0.514867
vt 0.273723 0.505858
vt 0.291741 0.519372
vt 0.273723 0.523876
vt 0.291741 0.501354
vt 0.273723 0.496850
vt 0.291741 0.492345
vt 0.273723 0.487841
vt 0.291741 0.483336
vt 0.273723 0.478832
vt 0.291741 0.474327
vt 0.291741 0.447301
vt 0.291741 0.438292
vt 0.273723 0.433787
vt 0.291741 0.429283
vt 0.273723 0.424779
vt 0.291741 0.420274
vt 0.273723 0.415770
vt 0.291741 0.411265
vt 0.273723 0.406761
vt 0.291741 0.402256
vt 0.273723 0.397752
vt 0.291741 0.393248
vt 0.273723 0.388743
vt 0.291741 0.384239
vt 0.273723 0.379734
vt 0.291741 0.375230
vt 0.273723 0.370725
vt 0.291741 0.366221
vt 0.273723 0.361717
vt 0.291741 0.357212
vt 0.273723 0.352708
vt 0.291741 0.348203
vt 0.291741 0.321177
vt 0.273723 0.316672
vt 0.291741 0.312168
vt 0.273723 0.307663
vt 0.291741 0.303159
vt 0.273723 0.298655
vt 0.291741 0.582434
vt 0.273723 0.586938
vt 0.273723 0.577929
vt 0.291741 0.573425
vt 0.273723 0.568920
vt 0.291741 0.564416
vt 0.273723 0.559912
vt 0.291741 0.555407
vt 0.273723 0.550903
vt 0.291741 0.546398
vt 0.273723 0.541894
vt 0.291741 0.537389
vt 0.273723 0.532885
vt 0.291741 0.528381
vt 0.021475 0.496850
vt 0.021475 0.505858
vt 0.003457 0.501354
vt 0.021475 0.514867
vt 0.003457 0.510363
vt 0.021475 0.523876
vt 0.003457 0.519372
vt 0.021475 0.532885
vt 0.039492 0.532885
vt 0.003457 0.528381
vt 0.021475 0.541894
vt 0.003457 0.537389
vt 0.021475 0.550903
vt 0.003457 0.546398
vt 0.039492 0.559912
vt 0.021475 0.559912
vt 0.003457 0.555407
vt 0.021475 0.568920
vt 0.003457 0.564416
vt 0.039492 0.577929
vt 0.021475 0.577929
vt 0.003457 0.573425
vt 0.021475 0.586938
vt 0.003457 0.582434
vt 0.039492 0.307663
vt 0.021475 0.298655
vt 0.021475 0.307663
vt 0.003457 0.303159
vt 0.021475 0.316672
vt 0.003457 0.312168
vt 0.021475 0.325681
vt 0.003457 0.321177
vt 0.021475 0.334690
vt 0.003457 0.330186
vt 0.021475 0.343699
vt 0.003457 0.339194
vt 0.021475 0.352708
vt 0.039492 0.352708
vt 0.003457 0.348203
vt 0.021475 0.361717
vt 0.003457 0.357212
vt 0.021475 0.370725
vt 0.003457 0.366221
vt 0.021475 0.379734
vt 0.003457 0.375230
vt 0.039492 0.388743
vt 0.021475 0.388743
vt 0.003457 0.384239
vt 0.021475 0.397752
vt 0.003457 0.393248
vt 0.039492 0.406761
vt 0.021475 0.406761
vt 0.003457 0.402256
vt 0.021475 0.415770
vt 0.003457 0.411265
vt 0.021475 0.424779
vt 0.039492 0.424779
vt 0.003457 0.420274
vt 0.021475 0.433787
vt 0.003457 0.429283
vt 0.039492 0.442796
vt 0.021475 0.442796
vt 0.003457 0.438292
vt 0.021475 0.451805
vt 0.003457 0.447301
vt 0.021475 0.460814
vt 0.003457 0.456310
vt 0.021475 0.469823
vt 0.003457 0.465319
vt 0.039492 0.469823
vt 0.021475 0.478832
vt 0.003457 0.474327
vt 0.021475 0.487841
vt 0.003457 0.483336
vt 0.003457 0.492345
vt 0.219670 0.075528
vt 0.237687 0.084537
vt 0.219670 0.084537
vt 0.237687 0.075528
vt 0.255705 0.084537
vt 0.237687 0.066519
vt 0.255705 0.075528
vt 0.219670 0.066519
vt 0.237687 0.057510
vt 0.255705 0.066519
vt 0.219670 0.057510
vt 0.237687 0.048501
vt 0.255705 0.057510
vt 0.219670 0.048501
vt 0.237687 0.039492
vt 0.255705 0.048501
vt 0.219670 0.039492
vt 0.237687 0.030484
vt 0.255705 0.039492
vt 0.219670 0.030484
vt 0.255705 0.021475
vt 0.237687 0.021475
vt 0.219670 0.021475
vt 0.237687 0.012466
vt 0.219670 0.012466
vt 0.237687 0.003457
vt 0.255705 0.012466
vt 0.219670 0.003457
vt 0.255705 0.282732
vt 0.237687 0.291741
vt 0.237687 0.282732
vt 0.219670 0.291741
vt 0.219670 0.282732
vt 0.237687 0.273723
vt 0.219670 0.273723
vt 0.237687 0.264714
vt 0.255705 0.273723
vt 0.219670 0.264714
vt 0.237687 0.255705
vt 0.255705 0.264714
vt 0.219670 0.255705
vt 0.237687 0.246696
vt 0.255705 0.255705
vt 0.219670 0.246696
vt 0.255705 0.237687
vt 0.237687 0.237687
vt 0.219670 0.237687
vt 0.255705 0.228679
vt 0.237687 0.228679
vt 0.219670 0.228679
vt 0.237687 0.219670
vt 0.219670 0.219670
vt 0.255705 0.210661
vt 0.237687 0.210661
vt 0.219670 0.210661
vt 0.237687 0.201652
vt 0.219670 0.201652
vt 0.255705 0.192643
vt 0.237687 0.192643
vt 0.219670 0.192643
vt 0.255705 0.183634
vt 0.237687 0.183634
vt 0.219670 0.183634
vt 0.255705 0.174625
vt 0.237687 0.174625
vt 0.219670 0.174625
vt 0.255705 0.165617
vt 0.237687 0.165617
vt 0.219670 0.165617
vt 0.255705 0.156608
vt 0.237687 0.156608
vt 0.219670 0.156608
vt 0.237687 0.147599
vt 0.219670 0.147599
vt 0.237687 0.138590
vt 0.255705 0.147599
vt 0.219670 0.138590
vt 0.237687 0.129581
vt 0.255705 0.138590
vt 0.219670 0.129581
vt 0.237687 0.120572
vt 0.255705 0.129581
vt 0.219670 0.120572
vt 0.237687 0.111563
vt 0.255705 0.120572
vt 0.219670 0.111563
vt 0.237687 0.102554
vt 0.255705 0.111563
vt 0.219670 0.102554
vt 0.237687 0.093546
vt 0.255705 0.102554
vt 0.219670 0.093546
vt 0.201652 0.102554
vt 0.201652 0.093546
vt 0.201652 0.084537
vt 0.201652 0.075528
vt 0.183634 0.093546
vt 0.183634 0.084537
vt 0.183634 0.075528
vt 0.201652 0.066519
vt 0.183634 0.066519
vt 0.201652 0.057510
vt 0.183634 0.057510
vt 0.201652 0.048501
vt 0.183634 0.048501
vt 0.201652 0.039492
vt 0.183634 0.039492
vt 0.201652 0.030484
vt 0.183634 0.030484
vt 0.201652 0.021475
vt 0.183634 0.021475
vt 0.201652 0.012466
vt 0.183634 0.012466
vt 0.201652 0.003457
vt 0.183634 0.003457
vt 0.201652 0.282732
vt 0.201652 0.291741
vt 0.183634 0.291741
vt 0.183634 0.282732
vt 0.201652 0.273723
vt 0.183634 0.273723
vt 0.201652 0.264714
vt 0.183634 0.264714
vt 0.201652 0.255705
vt 0.183634 0.255705
vt 0.201652 0.246696
vt 0.183634 0.246696
vt 0.201652 0.237687
vt 0.183634 0.237687
vt 0.201652 0.228679
vt 0.183634 0.228679
vt 0.201652 0.219670
vt 0.183634 0.219670
vt 0.201652 0.210661
vt 0.183634 0.210661
vt 0.201652 0.201652
vt 0.183634 0.201652
vt 0.201652 0.192643
vt 0.183634 0.192643
vt 0.201652 0.183634
vt 0.183634 0.183634
vt 0.201652 0.174625
vt 0.183634 0.174625
vt 0.201652 0.165617
vt 0.183634 0.165617
vt 0.201652 0.156608
vt 0.183634 0.156608
vt 0.201652 0.147599
vt 0.183634 0.147599
vt 0.201652 0.138590
vt 0.183634 0.138590
vt 0.201652 0.129581
vt 0.183634 0.129581
vt 0.201652 0.120572
vt 0.183634 0.120572
vt 0.201652 0.111563
vt 0.183634 0.111563
vt 0.183634 0.102554
vt 0.165616 0.102554
vt 0.165616 0.111563
vt 0.165616 0.093546
vt 0.165616 0.084537
vt 0.147599 0.102554
vt 0.147599 0.093546
vt 0.147599 0.084537
vt 0.165616 0.075528
vt 0.147599 0.075528
vt 0.147599 0.066519
vt 0.165617 0.066519
vt 0.165617 0.057510
vt 0.147599 0.057510
vt 0.165617 0.048501
vt 0.147599 0.048501
vt 0.165617 0.039492
vt 0.147599 0.039492
vt 0.165617 0.030484
vt 0.147599 0.030484
vt 0.165617 0.021475
vt 0.147599 0.021475
vt 0.165616 0.012466
vt 0.147599 0.012466
vt 0.165616 0.003457
vt 0.147599 0.003457
vt 0.165617 0.282732
vt 0.165617 0.291741
vt 0.147599 0.282732
vt 0.147599 0.291741
vt 0.165617 0.273723
vt 0.147599 0.273723
vt 0.165617 0.264714
vt 0.147599 0.264714
vt 0.165617 0.255705
vt 0.147599 0.255705
vt 0.165617 0.246696
vt 0.147599 0.246696
vt 0.165617 0.237687
vt 0.147599 0.237687
vt 0.165617 0.228679
vt 0.147599 0.228679
vt 0.165617 0.219670
vt 0.147599 0.219670
vt 0.165617 0.210661
vt 0.147599 0.210661
vt 0.165617 0.201652
vt 0.147599 0.201652
vt 0.165617 0.192643
vt 0.147599 0.192643
vt 0.165617 0.183634
vt 0.147599 0.183634
vt 0.165617 0.174625
vt 0.147599 0.174625
vt 0.165617 0.165617
vt 0.147599 0.165617
vt 0.165617 0.156608
vt 0.147599 0.156608
vt 0.165617 0.147599
vt 0.147599 0.147599
vt 0.165617 0.138590
vt 0.147599 0.138590
vt 0.165617 0.129581
vt 0.147599 0.129581
vt 0.165617 0.120572
vt 0.147599 0.120572
vt 0.147599 0.111563
vt 0.129581 0.120572
vt 0.129581 0.111563
vt 0.129581 0.102554
vt 0.129581 0.093546
vt 0.111563 0.111563
vt 0.111563 0.102554
vt 0.111563 0.093546
vt 0.129581 0.084537
vt 0.111563 0.084537
vt 0.129581 0.075528
vt 0.111563 0.075528
vt 0.129581 0.066519
vt 0.111563 0.066519
vt 0.129581 0.057510
vt 0.111563 0.057510
vt 0.129581 0.048501
vt 0.111563 0.048501
vt 0.129581 0.039492
vt 0.111563 0.039492
vt 0.129581 0.030484
vt 0.111563 0.030484
vt 0.129581 0.021475
vt 0.111563 0.021475
vt 0.129581 0.012466
vt 0.111563 0.012466
vt 0.129581 0.003457
vt 0.111563 0.003457
vt 0.129581 0.291741
vt 0.129581 0.282732
vt 0.111563 0.291741
vt 0.111563 0.282732
vt 0.129581 0.273723
vt 0.111563 0.273723
vt 0.129581 0.264714
vt 0.111563 0.264714
vt 0.129581 0.255705
vt 0.111563 0.255705
vt 0.129581 0.246696
vt 0.111563 0.246696
vt 0.129581 0.237687
vt 0.111563 0.237687
vt 0.129581 0.228679
vt 0.111563 0.228679
vt 0.129581 0.219670
vt 0.111563 0.219670
vt 0.129581 0.210661
vt 0.111563 0.210661
vt 0.129581 0.201652
vt 0.111563 0.201652
vt 0.129581 0.192643
vt 0.111563 0.192643
vt 0.129581 0.183634
vt 0.111563 0.183634
vt 0.129581 0.174625
vt 0.111563 0.174625
vt 0.129581 0.165617
vt 0.111563 0.165617
vt 0.129581 0.156608
vt 0.111563 0.156608
vt 0.129581 0.147599
vt 0.111563 0.147599
vt 0.129581 0.138590
vt 0.111563 0.138590
vt 0.129581 0.129581
vt 0.111563 0.129581
vt 0.111563 0.120572
vt 0.093546 0.120572
vt 0.093546 0.129581
vt 0.093546 0.111563
vt 0.093546 0.102554
vt 0.075528 0.120572
vt 0.075528 0.111563
vt 0.075528 0.102554
vt 0.093546 0.093546
vt 0.075528 0.093546
vt 0.093546 0.084537
vt 0.075528 0.084537
vt 0.093546 0.075528
vt 0.075528 0.075528
vt 0.093546 0.066519
vt 0.075528 0.066519
vt 0.093546 0.057510
vt 0.075528 0.057510
vt 0.093546 0.048501
vt 0.075528 0.048501
vt 0.093546 0.039492
vt 0.075528 0.039492
vt 0.093546 0.030484
vt 0.075528 0.030484
vt 0.093546 0.021475
vt 0.075528 0.021475
vt 0.093546 0.012466
vt 0.075528 0.012466
vt 0.093546 0.003457
vt 0.075528 0.003457
vt 0.093546 0.282732
vt 0.093546 0.291741
vt 0.075528 0.291741
vt 0.075528 0.282732
vt 0.093546 0.273723
vt 0.075528 0.273723
vt 0.093546 0.264714
vt 0.075528 0.264714
vt 0.093546 0.255705
vt 0.075528 0.255705
vt 0.093546 0.246696
vt 0.075528 0.246696
vt 0.093546 0.237687
vt 0.075528 0.237687
vt 0.093546 0.228679
vt 0.075528 0.228679
vt 0.093546 0.219670
vt 0.075528 0.219670
vt 0.093546 0.210661
vt 0.075528 0.210661
vt 0.093546 0.201652
vt 0.075528 0.201652
vt 0.093546 0.192643
vt 0.075528 0.192643
vt 0.093546 0.183634
vt 0.075528 0.183634
vt 0.093546 0.174625
vt 0.075528 0.174625
vt 0.093546 0.165617
vt 0.075528 0.165617
vt 0.093546 0.156608
vt 0.075528 0.156608
vt 0.093546 0.147599
vt 0.075528 0.147599
vt 0.093546 0.138590
vt 0.075528 0.138590
vt 0.075528 0.129581
vt 0.057510 0.138590
vt 0.057510 0.129581
vt 0.057510 0.120572
vt 0.057510 0.111563
vt 0.039492 0.129581
vt 0.039492 0.120572
vt 0.039492 0.111563
vt 0.057510 0.102554
vt 0.039492 0.102554
vt 0.057510 0.093546
vt 0.039492 0.093546
vt 0.057510 0.084537
vt 0.039492 0.084537
vt 0.057510 0.075528
vt 0.039492 0.075528
vt 0.057510 0.066519
vt 0.039492 0.066519
vt 0.057510 0.057510
vt 0.039492 0.057510
vt 0.057510 0.048501
vt 0.039492 0.048501
vt 0.057510 0.039492
vt 0.039492 0.039492
vt 0.057510 0.030484
vt 0.039492 0.030484
vt 0.057510 0.021475
vt 0.039492 0.021475
vt 0.057510 0.012466
vt 0.039492 0.012466
vt 0.057510 0.003457
vt 0.039492 0.003457
vt 0.057510 0.282732
vt 0.057510 0.291741
vt 0.039492 0.282732
vt 0.039492 0.291741
vt 0.057510 0.273723
vt 0.039492 0.273723
vt 0.057510 0.264714
vt 0.039492 0.264714
vt 0.057510 0.255705
vt 0.039492 0.255705
vt 0.057510 0.246696
vt 0.039492 0.246696
vt 0.057510 0.237687
vt 0.039492 0.237687
vt 0.057510 0.228679
vt 0.039492 0.228679
vt 0.057510 0.219670
vt 0.039492 0.219670
vt 0.057510 0.210661
vt 0.039492 0.210661
vt 0.057510 0.201652
vt 0.039492 0.201652
vt 0.057510 0.192643
vt 0.039492 0.192643
vt 0.057510 0.183634
vt 0.039492 0.183634
vt 0.057510 0.174625
vt 0.039492 0.174625
vt 0.057510 0.165617
vt 0.039492 0.165617
vt 0.057510 0.156608
vt 0.039492 0.156608
vt 0.057510 0.147599
vt 0.039492 0.147599
vt 0.039492 0.138590
vt 0.021475 0.138590
vt 0.021475 0.147599
vt 0.021475 0.129581
vt 0.021475 0.120572
vt 0.003457 0.125077
vt 0.003457 0.134085
vt 0.003457 0.260210
vt 0.021475 0.255705
vt 0.021475 0.264714
vt 0.003457 0.251201
vt 0.021475 0.246696
vt 0.003457 0.071023
vt 0.021475 0.066519
vt 0.021475 0.075528
vt 0.003457 0.080032
vt 0.021475 0.084537
vt 0.003457 0.089041
vt 0.021475 0.093546
vt 0.003457 0.098050
vt 0.021475 0.102554
vt 0.003457 0.107059
vt 0.021475 0.111563
vt 0.003457 0.116068
vt 0.003457 0.143094
vt 0.003457 0.152103
vt 0.021475 0.156608
vt 0.003457 0.161112
vt 0.021475 0.165617
vt 0.003457 0.170121
vt 0.021475 0.174625
vt 0.003457 0.179130
vt 0.021475 0.183634
vt 0.003457 0.188139
vt 0.021475 0.192643
vt 0.003457 0.197148
vt 0.021475 0.201652
vt 0.003457 0.206156
vt 0.021475 0.210661
vt 0.003457 0.215165
vt 0.021475 0.219670
vt 0.003457 0.224174
vt 0.021475 0.228679
vt 0.003457 0.233183
vt 0.021475 0.237687
vt 0.003457 0.242192
vt 0.003457 0.269218
vt 0.021475 0.273723
vt 0.003457 0.278227
vt 0.021475 0.282732
vt 0.003457 0.287236
vt 0.021475 0.291741
vt 0.003457 0.007961
vt 0.021475 0.003457
vt 0.021475 0.012466
vt 0.003457 0.016970
vt 0.021475 0.021475
vt 0.003457 0.025979
vt 0.021475 0.030484
vt 0.003457 0.034988
vt 0.021475 0.039492
vt 0.003457 0.043997
vt 0.021475 0.048501
vt 0.003457 0.053006
vt 0.021475 0.057510
vt 0.003457 0.062015
vt 0.273723 0.093546
vt 0.255705 0.093546
vt 0.273723 0.084537
vt 0.291741 0.089041
vt 0.273723 0.075528
vt 0.291741 0.080032
vt 0.273723 0.066519
vt 0.291741 0.071023
vt 0.273723 0.057510
vt 0.291741 0.062015
vt 0.273723 0.048501
vt 0.291741 0.053006
vt 0.273723 0.039492
vt 0.291741 0.043997
vt 0.273723 0.030484
vt 0.255705 0.030484
vt 0.291741 0.034988
vt 0.273723 0.021475
vt 0.291741 0.025979
vt 0.273723 0.012466
vt 0.291741 0.016970
vt 0.255705 0.003457
vt 0.273723 0.003457
vt 0.291741 0.007961
vt 0.273723 0.282732
vt 0.255705 0.291741
vt 0.291741 0.287236
vt 0.273723 0.291741
vt 0.273723 0.273723
vt 0.291741 0.278227
vt 0.273723 0.264714
vt 0.291741 0.269218
vt 0.273723 0.255705
vt 0.291741 0.260210
vt 0.273723 0.246696
vt 0.255705 0.246696
vt 0.291741 0.251201
vt 0.273723 0.237687
vt 0.291741 0.242192
vt 0.273723 0.228679
vt 0.291741 0.233183
vt 0.273723 0.219670
vt 0.255705 0.219670
vt 0.291741 0.224174
vt 0.273723 0.210661
vt 0.291741 0.215165
vt 0.255705 0.201652
vt 0.273723 0.201652
vt 0.291741 0.206156
vt 0.273723 0.192643
vt 0.291741 0.197148
vt 0.273723 0.183634
vt 0.291741 0.188139
vt 0.273723 0.174625
vt 0.291741 0.179130
vt 0.273723 0.165617
vt 0.291741 0.170121
vt 0.273723 0.156608
vt 0.291741 0.161112
vt 0.273723 0.147599
vt 0.291741 0.152103
vt 0.273723 0.138590
vt 0.291741 0.143094
vt 0.273723 0.129581
vt 0.291741 0.134085
vt 0.273723 0.120572
vt 0.291741 0.125077
vt 0.273723 0.111563
vt 0.291741 0.116068
vt 0.273723 0.102554
vt 0.291741 0.107059
vt 0.291741 0.098050
vt 0.810065 0.370725
vt 0.828083 0.379734
vt 0.810065 0.379734
vt 0.828083 0.586938
vt 0.828083 0.514867
vt 0.828083 0.442796
vt 0.810065 0.361717
vt 0.828083 0.370725
vt 0.828083 0.352708
vt 0.810065 0.352708
vt 0.792047 0.352708
vt 0.792047 0.361717
vt 0.792047 0.370725
vt 0.774029 0.361717
vt 0.774029 0.352708
vt 0.774029 0.370725
vt 0.792047 0.379734
vt 0.774029 0.379734
vt 0.756012 0.370725
vt 0.756012 0.379734
vt 0.756012 0.361717
vt 0.737994 0.379734
vt 0.737994 0.370725
vt 0.737994 0.361717
vt 0.756012 0.352708
vt 0.737994 0.352708
vt 0.719976 0.361717
vt 0.719976 0.352708
vt 0.719976 0.370725
vt 0.701958 0.361717
vt 0.701958 0.352708
vt 0.701958 0.370725
vt 0.719976 0.379734
vt 0.701959 0.379734
vt 0.683941 0.379734
vt 0.683941 0.370725
vt 0.683941 0.361717
vt 0.665923 0.379734
vt 0.665923 0.370725
vt 0.665923 0.361717
vt 0.683941 0.352708
vt 0.665923 0.352708
vt 0.647905 0.352708
vt 0.647905 0.361717
vt 0.647905 0.370725
vt 0.629888 0.361717
vt 0.629888 0.352708
vt 0.629888 0.370725
vt 0.647905 0.379734
vt 0.629888 0.379734
vt 0.611870 0.379734
vt 0.611870 0.370725
vt 0.611870 0.361717
vt 0.629888 0.388743
vt 0.611870 0.388743
vt 0.647905 0.388743
vt 0.629888 0.397752
vt 0.611870 0.397752
vt 0.647905 0.406761
vt 0.629888 0.406761
vt 0.611870 0.406761
vt 0.629888 0.415770
vt 0.611870 0.415770
vt 0.647905 0.424779
vt 0.629888 0.424779
vt 0.611870 0.424779
vt 0.611870 0.433788
vt 0.629888 0.433788
vt 0.647905 0.442796
vt 0.629888 0.442796
vt 0.611870 0.442796
vt 0.629888 0.451805
vt 0.611870 0.451805
vt 0.647905 0.460814
vt 0.629888 0.460814
vt 0.611870 0.460814
vt 0.629888 0.469823
vt 0.611870 0.469823
vt 0.647905 0.478832
vt 0.629888 0.478832
vt 0.611870 0.478832
vt 0.629888 0.487841
vt 0.611870 0.487841
vt 0.647905 0.496850
vt 0.629888 0.496850
vt 0.611870 0.496850
vt 0.646712 0.500443
vt 0.644349 0.504086
vt 0.611870 0.505858
vt 0.629888 0.505858
vt 0.643178 0.508148
vt 0.642610 0.511555
vt 0.611870 0.514867
vt 0.642610 0.518180
vt 0.643178 0.521587
vt 0.629888 0.523876
vt 0.629888 0.514867
vt 0.611870 0.523876
vt 0.629888 0.532885
vt 0.611870 0.532885
vt 0.644349 0.525649
vt 0.646712 0.529292
vt 0.647905 0.532885
vt 0.629888 0.541894
vt 0.611870 0.541894
vt 0.629888 0.550903
vt 0.611870 0.550903
vt 0.647905 0.550903
vt 0.629888 0.559912
vt 0.611870 0.559912
vt 0.647905 0.568920
vt 0.629888 0.568920
vt 0.611870 0.568920
vt 0.629888 0.577929
vt 0.611870 0.577929
vt 0.647905 0.577929
vt 0.629888 0.586938
vt 0.611870 0.586938
vt 0.647905 0.298655
vt 0.629888 0.307663
vt 0.629888 0.298655
vt 0.611870 0.307663
vt 0.611870 0.298655
vt 0.647905 0.307663
vt 0.629888 0.316672
vt 0.611870 0.316672
vt 0.647905 0.316672
vt 0.629888 0.325681
vt 0.611870 0.325681
vt 0.647905 0.334690
vt 0.629888 0.334690
vt 0.611870 0.334690
vt 0.629888 0.343699
vt 0.611870 0.343699
vt 0.647905 0.343699
vt 0.611870 0.352708
vt 0.593852 0.348203
vt 0.593852 0.357212
vt 0.593852 0.366221
vt 0.593852 0.375230
vt 0.593852 0.384239
vt 0.593852 0.393248
vt 0.593852 0.402256
vt 0.593852 0.411265
vt 0.593852 0.420274
vt 0.593852 0.429283
vt 0.593852 0.438292
vt 0.593852 0.447301
vt 0.593852 0.456310
vt 0.593852 0.465319
vt 0.593852 0.474327
vt 0.593852 0.483336
vt 0.593852 0.492345
vt 0.593852 0.501354
vt 0.593852 0.510363
vt 0.593852 0.519372
vt 0.593852 0.528381
vt 0.593852 0.537390
vt 0.593852 0.546398
vt 0.593852 0.555407
vt 0.593852 0.564416
vt 0.593852 0.573425
vt 0.593852 0.582434
vt 0.593852 0.303159
vt 0.593852 0.312168
vt 0.593852 0.321177
vt 0.593852 0.330186
vt 0.593852 0.339194
vt 0.665923 0.343699
vt 0.683941 0.334690
vt 0.665923 0.334690
vt 0.683941 0.343699
vt 0.701958 0.343699
vt 0.719976 0.334690
vt 0.701958 0.334690
vt 0.719976 0.343699
vt 0.737994 0.334690
vt 0.737994 0.343699
vt 0.756012 0.343699
vt 0.756012 0.334690
vt 0.774029 0.343699
vt 0.792047 0.334690
vt 0.774029 0.334690
vt 0.792047 0.343699
vt 0.810065 0.343699
vt 0.828083 0.334690
vt 0.810065 0.334690
vt 0.828083 0.343699
vt 0.828083 0.325681
vt 0.810065 0.325681
vt 0.828083 0.316672
vt 0.810065 0.316672
vt 0.792047 0.316672
vt 0.792047 0.325681
vt 0.774029 0.325681
vt 0.774029 0.316672
vt 0.756012 0.316672
vt 0.756012 0.325681
vt 0.737994 0.316672
vt 0.737994 0.325681
vt 0.719976 0.325681
vt 0.719976 0.316672
vt 0.701958 0.325681
vt 0.701958 0.316672
vt 0.683941 0.316672
vt 0.683941 0.325681
vt 0.665923 0.325681
vt 0.665923 0.316672
vt 0.647905 0.325681
vt 0.683941 0.307663
vt 0.665923 0.307663
vt 0.683941 0.298655
vt 0.665923 0.298655
vt 0.701958 0.307663
vt 0.719976 0.298655
vt 0.701958 0.298655
vt 0.719976 0.307663
vt 0.737994 0.298655
vt 0.737994 0.307663
vt 0.756012 0.307663
vt 0.756012 0.298655
vt 0.774029 0.307663
vt 0.792047 0.298655
vt 0.774029 0.298655
vt 0.792047 0.307663
vt 0.810065 0.307663
vt 0.828083 0.298655
vt 0.810065 0.298655
vt 0.828083 0.307663
vt 0.828083 0.577929
vt 0.810065 0.586938
vt 0.810065 0.577929
vt 0.828083 0.568920
vt 0.810065 0.568920
vt 0.792047 0.568920
vt 0.792047 0.577929
vt 0.792047 0.586938
vt 0.774029 0.577929
vt 0.774029 0.568920
vt 0.774029 0.586938
vt 0.756012 0.568920
vt 0.756012 0.577929
vt 0.756012 0.586938
vt 0.737994 0.568920
vt 0.737994 0.577929
vt 0.737994 0.586938
vt 0.719976 0.577929
vt 0.719976 0.568920
vt 0.719976 0.586938
vt 0.701959 0.577929
vt 0.701959 0.568920
vt 0.701959 0.586938
vt 0.683941 0.568920
vt 0.683941 0.577929
vt 0.683941 0.586938
vt 0.665923 0.577929
vt 0.665923 0.568920
vt 0.665923 0.586938
vt 0.647905 0.586938
vt 0.683941 0.559912
vt 0.665923 0.559912
vt 0.647905 0.559912
vt 0.683941 0.550903
vt 0.665923 0.550903
vt 0.701959 0.559912
vt 0.719976 0.550903
vt 0.701959 0.550903
vt 0.719976 0.559912
vt 0.737994 0.550903
vt 0.737994 0.559912
vt 0.756012 0.559912
vt 0.756012 0.550903
vt 0.774029 0.559912
vt 0.792047 0.550903
vt 0.774029 0.550903
vt 0.792047 0.559912
vt 0.810065 0.559912
vt 0.828083 0.550903
vt 0.810065 0.550903
vt 0.828083 0.559912
vt 0.828083 0.541894
vt 0.810065 0.541894
vt 0.828083 0.532885
vt 0.810065 0.532885
vt 0.792047 0.532885
vt 0.792047 0.541894
vt 0.774029 0.541894
vt 0.774029 0.532885
vt 0.756012 0.532885
vt 0.756012 0.541894
vt 0.737994 0.532885
vt 0.737994 0.541894
vt 0.730462 0.537125
vt 0.736067 0.534043
vt 0.719976 0.541894
vt 0.717313 0.541444
vt 0.719976 0.540466
vt 0.706815 0.543868
vt 0.713436 0.542477
vt 0.599671 0.048501
vt 0.599671 0.048062
vt 0.599427 0.048501
vt 0.647905 0.530694
vt 0.649506 0.532885
vt 0.647905 0.541894
vt 0.652764 0.536451
vt 0.657930 0.539627
vt 0.671154 0.544125
vt 0.673502 0.544703
vt 0.663390 0.541894
vt 0.692178 0.545526
vt 0.695838 0.545359
vt 0.647905 0.487841
vt 0.652764 0.493284
vt 0.650477 0.495670
vt 0.673502 0.485031
vt 0.671154 0.485610
vt 0.665923 0.478832
vt 0.701959 0.478832
vt 0.695838 0.484375
vt 0.692178 0.484208
vt 0.717313 0.488291
vt 0.719976 0.487841
vt 0.719976 0.489268
vt 0.719976 0.478832
vt 0.713436 0.487257
vt 0.706815 0.485867
vt 0.737994 0.478832
vt 0.737994 0.487841
vt 0.730462 0.492609
vt 0.727121 0.491180
vt 0.756012 0.487841
vt 0.756012 0.496850
vt 0.737994 0.496850
vt 0.743907 0.500934
vt 0.738838 0.497596
vt 0.737994 0.497154
vt 0.737509 0.496850
vt 0.756012 0.514867
vt 0.750710 0.512094
vt 0.750342 0.510414
vt 0.737509 0.532885
vt 0.737994 0.532581
vt 0.743907 0.528801
vt 0.745203 0.527479
vt 0.756012 0.523876
vt 0.749920 0.520539
vt 0.750342 0.519321
vt 0.774029 0.523876
vt 0.792047 0.514867
vt 0.774029 0.514867
vt 0.792047 0.523876
vt 0.810065 0.523876
vt 0.810065 0.514867
vt 0.828083 0.523876
vt 0.828083 0.505858
vt 0.810065 0.505858
vt 0.828083 0.496850
vt 0.810065 0.496850
vt 0.792047 0.496850
vt 0.792047 0.505858
vt 0.774029 0.505858
vt 0.774029 0.496850
vt 0.756012 0.505858
vt 0.792047 0.487841
vt 0.774029 0.487841
vt 0.792047 0.478832
vt 0.774029 0.478832
vt 0.756012 0.478832
vt 0.810065 0.487841
vt 0.828083 0.478832
vt 0.810065 0.478832
vt 0.828083 0.487841
vt 0.828083 0.469823
vt 0.810065 0.469823
vt 0.828083 0.460814
vt 0.810065 0.460814
vt 0.792047 0.460814
vt 0.792047 0.469823
vt 0.774029 0.469823
vt 0.774029 0.460814
vt 0.756012 0.460814
vt 0.756012 0.469823
vt 0.737994 0.460814
vt 0.737994 0.469823
vt 0.719976 0.469823
vt 0.719976 0.460814
vt 0.701959 0.469823
vt 0.701959 0.460814
vt 0.683941 0.460814
vt 0.683941 0.469823
vt 0.683941 0.478832
vt 0.665923 0.469823
vt 0.665923 0.460814
vt 0.647905 0.469823
vt 0.665923 0.487271
vt 0.663390 0.487841
vt 0.683941 0.451805
vt 0.665923 0.451805
vt 0.647905 0.451805
vt 0.683941 0.442796
vt 0.665923 0.442796
vt 0.701959 0.451805
vt 0.719976 0.442796
vt 0.701959 0.442796
vt 0.719976 0.451805
vt 0.737994 0.442796
vt 0.737994 0.451805
vt 0.756012 0.451805
vt 0.756012 0.442796
vt 0.774029 0.451805
vt 0.792047 0.442796
vt 0.774029 0.442796
vt 0.792047 0.451805
vt 0.810065 0.451805
vt 0.810065 0.442796
vt 0.828083 0.451805
vt 0.828083 0.433788
vt 0.810065 0.433788
vt 0.810065 0.424779
vt 0.792047 0.424779
vt 0.792047 0.433788
vt 0.774029 0.433788
vt 0.774029 0.424779
vt 0.756012 0.424779
vt 0.756012 0.433788
vt 0.737994 0.424779
vt 0.737994 0.433788
vt 0.719976 0.433788
vt 0.719976 0.424779
vt 0.701959 0.433788
vt 0.701959 0.424779
vt 0.683941 0.424779
vt 0.683941 0.433788
vt 0.665923 0.433788
vt 0.665923 0.424779
vt 0.647905 0.433788
vt 0.683941 0.415770
vt 0.665923 0.415770
vt 0.647905 0.415770
vt 0.683941 0.406761
vt 0.665923 0.406761
vt 0.701959 0.415770
vt 0.719976 0.406761
vt 0.701959 0.406761
vt 0.719976 0.415770
vt 0.737994 0.406761
vt 0.737994 0.415770
vt 0.756012 0.415770
vt 0.756012 0.406761
vt 0.774029 0.415770
vt 0.792047 0.406761
vt 0.774029 0.406761
vt 0.792047 0.415770
vt 0.810065 0.415770
vt 0.828083 0.406761
vt 0.810065 0.406761
vt 0.828083 0.415770
vt 0.828083 0.397752
vt 0.810065 0.397752
vt 0.810065 0.388743
vt 0.792047 0.388743
vt 0.792047 0.397752
vt 0.774029 0.397752
vt 0.774029 0.388743
vt 0.756012 0.388743
vt 0.756012 0.397752
vt 0.737994 0.388743
vt 0.737994 0.397752
vt 0.719976 0.397752
vt 0.719976 0.388743
vt 0.701959 0.397752
vt 0.701959 0.388743
vt 0.683941 0.388743
vt 0.683941 0.397752
vt 0.665923 0.397752
vt 0.665923 0.388743
vt 0.647905 0.397752
vt 0.647905 0.499041
vt 0.649506 0.496850
vt 0.599671 0.102994
vt 0.599671 0.102555
vt 0.599427 0.102555
vt 0.011744 0.889050
vt 0.985102 0.400125
vt 0.956698 0.306491
vt 0.863065 0.334895
vt 0.708872 0.593852
vt 0.672837 0.602861
vt 0.672837 0.593852
vt 0.708872 0.873127
vt 0.672837 0.882136
vt 0.672837 0.873127
vt 0.744908 0.882136
vt 0.708872 0.882136
vt 0.744908 0.602861
vt 0.708872 0.602861
vt 0.708872 0.864118
vt 0.672837 0.864118
vt 0.744908 0.873127
vt 0.708872 0.855109
vt 0.672837 0.855109
vt 0.744908 0.864118
vt 0.708872 0.846100
vt 0.672837 0.846100
vt 0.744908 0.855109
vt 0.708872 0.837092
vt 0.672837 0.837092
vt 0.744908 0.846100
vt 0.708872 0.828083
vt 0.672837 0.828083
vt 0.744908 0.837092
vt 0.708872 0.819074
vt 0.672837 0.819074
vt 0.744908 0.828083
vt 0.708872 0.810065
vt 0.672837 0.810065
vt 0.744908 0.819074
vt 0.708872 0.801056
vt 0.672837 0.801056
vt 0.744908 0.801056
vt 0.708872 0.792047
vt 0.672837 0.792047
vt 0.744908 0.792047
vt 0.708872 0.783038
vt 0.672837 0.783038
vt 0.744908 0.783038
vt 0.708872 0.774029
vt 0.672837 0.774029
vt 0.744908 0.774029
vt 0.708872 0.765021
vt 0.672837 0.765021
vt 0.744908 0.765021
vt 0.708872 0.756012
vt 0.672837 0.756012
vt 0.744908 0.756012
vt 0.708872 0.747003
vt 0.672837 0.747003
vt 0.744908 0.747003
vt 0.708872 0.737994
vt 0.672837 0.737994
vt 0.744908 0.737994
vt 0.708872 0.728985
vt 0.672837 0.728985
vt 0.744908 0.728985
vt 0.708872 0.719976
vt 0.672837 0.719976
vt 0.744908 0.719976
vt 0.708872 0.710967
vt 0.672837 0.710967
vt 0.744908 0.710967
vt 0.708872 0.701958
vt 0.672837 0.701958
vt 0.744908 0.701958
vt 0.708872 0.692950
vt 0.672837 0.692950
vt 0.744908 0.692950
vt 0.708872 0.683941
vt 0.672837 0.683941
vt 0.744908 0.683941
vt 0.708872 0.674932
vt 0.672837 0.674932
vt 0.744908 0.674932
vt 0.708872 0.665923
vt 0.672837 0.665923
vt 0.744908 0.665923
vt 0.708872 0.656914
vt 0.672837 0.656914
vt 0.708872 0.647905
vt 0.672837 0.647905
vt 0.744908 0.656914
vt 0.708872 0.638896
vt 0.672837 0.638896
vt 0.744908 0.647905
vt 0.708872 0.629888
vt 0.672837 0.629888
vt 0.744908 0.638896
vt 0.708872 0.620879
vt 0.672837 0.620879
vt 0.744908 0.629888
vt 0.708872 0.611870
vt 0.672837 0.611870
vt 0.744908 0.620879
vt 0.744908 0.611870
vt 0.780943 0.620879
vt 0.780943 0.611870
vt 0.744908 0.593852
vt 0.780943 0.602861
vt 0.780943 0.593852
vt 0.816979 0.602861
vt 0.816979 0.611870
vt 0.780943 0.873127
vt 0.816979 0.882136
vt 0.780943 0.882136
vt 0.780943 0.864118
vt 0.816979 0.873127
vt 0.780943 0.855109
vt 0.816979 0.864118
vt 0.780943 0.846100
vt 0.816979 0.855109
vt 0.780943 0.837092
vt 0.816979 0.846100
vt 0.780943 0.828083
vt 0.816979 0.837092
vt 0.780943 0.819074
vt 0.816979 0.828083
vt 0.744908 0.810065
vt 0.780943 0.810065
vt 0.816979 0.819074
vt 0.780943 0.801056
vt 0.816979 0.801056
vt 0.780943 0.792047
vt 0.816979 0.792047
vt 0.780943 0.783038
vt 0.816979 0.783038
vt 0.780943 0.774029
vt 0.816979 0.774029
vt 0.780943 0.765021
vt 0.816979 0.765021
vt 0.780943 0.756012
vt 0.816979 0.756012
vt 0.780943 0.747003
vt 0.816979 0.747003
vt 0.780943 0.737994
vt 0.816979 0.737994
vt 0.780943 0.728985
vt 0.816979 0.728985
vt 0.780943 0.719976
vt 0.816979 0.719976
vt 0.780943 0.710967
vt 0.816979 0.710967
vt 0.780943 0.701958
vt 0.816979 0.701958
vt 0.780943 0.692950
vt 0.816979 0.692950
vt 0.780943 0.683941
vt 0.816979 0.683941
vt 0.780943 0.674932
vt 0.816979 0.674932
vt 0.780943 0.665923
vt 0.816979 0.665923
vt 0.780943 0.656914
vt 0.780943 0.647905
vt 0.816979 0.656914
vt 0.780943 0.638896
vt 0.816979 0.647905
vt 0.780943 0.629888
vt 0.816979 0.638896
vt 0.816979 0.629888
vt 0.816979 0.620879
vt 0.895073 0.155917
vt 0.907604 0.150727
vt 0.988706 0.184320
vt 0.018658 0.889050
vt 0.025572 0.889050
vt 0.521781 0.737994
vt 0.449710 0.810065
vt 0.449710 0.737994
vt 0.521781 0.593852
vt 0.593852 0.665923
vt 0.521781 0.665923
vt 0.593852 0.810065
vt 0.521781 0.882136
vt 0.521781 0.810065
vt 0.593852 0.737994
vt 0.665923 0.737994
vt 0.828083 0.361717
vt 0.828083 0.424779
vt 0.828083 0.388743
vt 0.643755 0.505858
vt 0.644265 0.504288
vt 0.642342 0.514867
vt 0.643755 0.523876
vt 0.644265 0.525446
vt 0.727121 0.538555
vt 0.715386 0.541894
vt 0.701959 0.544243
vt 0.662858 0.541774
vt 0.650477 0.534065
vt 0.683941 0.545312
vt 0.665923 0.542463
vt 0.684885 0.545457
vt 0.662858 0.487961
vt 0.657930 0.490107
vt 0.683941 0.484423
vt 0.684885 0.484278
vt 0.701959 0.485492
vt 0.715386 0.487841
vt 0.736067 0.495692
vt 0.745203 0.502256
vt 0.747645 0.505858
vt 0.747672 0.505886
vt 0.750710 0.514867
vt 0.749920 0.509196
vt 0.747645 0.523876
vt 0.738838 0.532139
vt 0.750710 0.517640
vt 0.747672 0.523849
vt 0.857874 0.347425
vt 0.855228 0.360728
vt 0.855228 0.374291
vt 0.857874 0.387594
vt 0.863065 0.400125
vt 0.870600 0.411402
vt 0.880191 0.420993
vt 0.891468 0.428528
vt 0.903999 0.433718
vt 0.944167 0.433719
vt 0.917301 0.436365
vt 0.930865 0.436365
vt 0.956698 0.428528
vt 0.967976 0.420993
vt 0.977566 0.411402
vt 0.990292 0.387594
vt 0.992938 0.374291
vt 0.992938 0.360728
vt 0.990292 0.347426
vt 0.985102 0.334895
vt 0.977566 0.323617
vt 0.967976 0.314027
vt 0.944168 0.301301
vt 0.903999 0.301301
vt 0.930865 0.298655
vt 0.917302 0.298655
vt 0.891468 0.306491
vt 0.880191 0.314026
vt 0.870600 0.323617
vt 0.816979 0.593852
vt 0.816979 0.810065
vt 0.920906 0.148081
vt 0.934469 0.148081
vt 0.960303 0.155917
vt 0.947772 0.150727
vt 0.971580 0.163452
vt 0.981171 0.173043
vt 0.993897 0.196851
vt 0.996543 0.210154
vt 0.883795 0.163453
vt 0.996543 0.223717
vt 0.866669 0.184321
vt 0.993897 0.237020
vt 0.861479 0.196851
vt 0.988707 0.249550
vt 0.858833 0.210154
vt 0.981171 0.260828
vt 0.858833 0.223717
vt 0.971581 0.270419
vt 0.960303 0.277954
vt 0.861479 0.237020
vt 0.947773 0.283144
vt 0.866670 0.249551
vt 0.934470 0.285790
vt 0.874205 0.260828
vt 0.920907 0.285791
vt 0.895073 0.277954
vt 0.907604 0.283145
vt 0.883796 0.270419
vt 0.874205 0.173043
vt 0.593852 0.593852
vt 0.593852 0.882136
vt 0.665923 0.810065
vt 0.725795 0.282732
vt 0.722488 0.281583
vt 0.719141 0.282732
vt 0.725795 0.291741
vt 0.743813 0.282732
vt 0.743813 0.276045
vt 0.730549 0.279032
vt 0.743813 0.291741
vt 0.725795 0.003457
vt 0.743813 0.012466
vt 0.743813 0.003457
vt 0.707777 0.012466
vt 0.725795 0.012466
vt 0.725795 0.021475
vt 0.743813 0.021475
vt 0.743813 0.030484
vt 0.707777 0.021475
vt 0.725795 0.030484
vt 0.743813 0.039492
vt 0.707777 0.030484
vt 0.725795 0.039492
vt 0.743813 0.048501
vt 0.707777 0.039492
vt 0.725795 0.048501
vt 0.743813 0.057510
vt 0.707777 0.048501
vt 0.725795 0.057510
vt 0.743813 0.066519
vt 0.707777 0.057510
vt 0.725795 0.066519
vt 0.743813 0.075528
vt 0.707777 0.066519
vt 0.725795 0.075528
vt 0.743813 0.084537
vt 0.707777 0.084537
vt 0.707777 0.075528
vt 0.689760 0.084537
vt 0.689760 0.075528
vt 0.689760 0.066519
vt 0.671742 0.084537
vt 0.671742 0.075528
vt 0.671742 0.066519
vt 0.689760 0.057510
vt 0.671742 0.057510
vt 0.689760 0.048501
vt 0.671742 0.048501
vt 0.653724 0.048501
vt 0.653724 0.057510
vt 0.635706 0.057510
vt 0.635706 0.048501
vt 0.635706 0.066519
vt 0.653724 0.075528
vt 0.653724 0.066519
vt 0.635706 0.075528
vt 0.653724 0.084537
vt 0.617689 0.084537
vt 0.617689 0.075528
vt 0.617689 0.066519
vt 0.599671 0.084537
vt 0.599671 0.075528
vt 0.617689 0.057510
vt 0.599671 0.057510
vt 0.599671 0.066519
vt 0.596274 0.057510
vt 0.594629 0.066519
vt 0.593852 0.075528
vt 0.597948 0.051815
vt 0.617689 0.048501
vt 0.617689 0.039492
vt 0.603887 0.039492
vt 0.635706 0.039492
vt 0.617689 0.030484
vt 0.609862 0.032117
vt 0.606018 0.036140
vt 0.617689 0.027230
vt 0.612196 0.030484
vt 0.635706 0.030484
vt 0.635706 0.021475
vt 0.626910 0.021475
vt 0.635706 0.017077
vt 0.640197 0.014725
vt 0.636486 0.016620
vt 0.653724 0.021475
vt 0.653724 0.030484
vt 0.653724 0.039492
vt 0.671742 0.030484
vt 0.671742 0.021475
vt 0.671742 0.039492
vt 0.689760 0.030484
vt 0.689760 0.039492
vt 0.689760 0.021475
vt 0.689760 0.012466
vt 0.671742 0.012466
vt 0.653724 0.012466
vt 0.689760 0.003457
vt 0.683739 0.003457
vt 0.671742 0.005994
vt 0.670057 0.006213
vt 0.649534 0.012466
vt 0.653724 0.011459
vt 0.003457 0.895234
vt 0.004830 0.889371
vt 0.003457 0.889050
vt 0.707777 0.291741
vt 0.707777 0.285755
vt 0.699441 0.287118
vt 0.707777 0.003457
vt 0.617689 0.093546
vt 0.635706 0.093546
vt 0.635706 0.084537
vt 0.617689 0.102555
vt 0.635706 0.111563
vt 0.635706 0.102555
vt 0.603887 0.111563
vt 0.617689 0.111563
vt 0.635706 0.120572
vt 0.609862 0.118939
vt 0.606018 0.114916
vt 0.617689 0.120572
vt 0.626910 0.129581
vt 0.617689 0.123825
vt 0.612196 0.120572
vt 0.635706 0.133979
vt 0.635706 0.129581
vt 0.653724 0.120572
vt 0.653724 0.129581
vt 0.640197 0.136331
vt 0.649534 0.138590
vt 0.671742 0.129581
vt 0.671742 0.120572
vt 0.671742 0.138590
vt 0.653724 0.138590
vt 0.653724 0.139597
vt 0.670057 0.144843
vt 0.689760 0.138590
vt 0.671742 0.145062
vt 0.683739 0.147599
vt 0.689760 0.149009
vt 0.689760 0.147599
vt 0.707777 0.138590
vt 0.707777 0.147599
vt 0.699441 0.152221
vt 0.689760 0.129581
vt 0.707777 0.129581
vt 0.725795 0.138590
vt 0.725795 0.129581
vt 0.725795 0.147599
vt 0.743813 0.138590
vt 0.743813 0.129581
vt 0.743813 0.147599
vt 0.743813 0.156608
vt 0.725795 0.156608
vt 0.707777 0.153585
vt 0.719141 0.156608
vt 0.725795 0.158628
vt 0.730549 0.160308
vt 0.722488 0.157757
vt 0.766259 0.173906
vt 0.768200 0.174625
vt 0.779848 0.165617
vt 0.779848 0.180772
vt 0.779848 0.174625
vt 0.797866 0.165617
vt 0.783477 0.183634
vt 0.815884 0.174625
vt 0.815884 0.165617
vt 0.797866 0.183634
vt 0.797866 0.174625
vt 0.815884 0.192643
vt 0.815884 0.183634
vt 0.790315 0.192576
vt 0.797866 0.201652
vt 0.797866 0.192643
vt 0.796684 0.201652
vt 0.815884 0.201652
vt 0.797866 0.205346
vt 0.799252 0.210661
vt 0.815884 0.219670
vt 0.799252 0.219670
vt 0.833901 0.210661
vt 0.833901 0.201652
vt 0.815884 0.210661
vt 0.833901 0.219670
vt 0.833901 0.228679
vt 0.815884 0.237687
vt 0.815884 0.228679
vt 0.799252 0.228679
vt 0.797866 0.233994
vt 0.815884 0.246696
vt 0.833901 0.237687
vt 0.797866 0.237687
vt 0.797866 0.246696
vt 0.815884 0.255705
vt 0.833901 0.246696
vt 0.797866 0.264714
vt 0.797866 0.255705
vt 0.815884 0.264714
vt 0.833901 0.255705
vt 0.833902 0.273723
vt 0.833901 0.264714
vt 0.815884 0.273723
vt 0.833902 0.282732
vt 0.797866 0.273723
vt 0.815884 0.282732
vt 0.815884 0.291741
vt 0.797866 0.282732
vt 0.815884 0.003457
vt 0.833901 0.012466
vt 0.833901 0.003457
vt 0.797866 0.003457
vt 0.815884 0.012466
vt 0.815884 0.021475
vt 0.797866 0.021475
vt 0.797866 0.012466
vt 0.833901 0.030484
vt 0.833901 0.021475
vt 0.815884 0.030484
vt 0.815884 0.039492
vt 0.797866 0.030484
vt 0.833901 0.048501
vt 0.833901 0.039492
vt 0.797866 0.039492
vt 0.815884 0.048501
vt 0.815884 0.057510
vt 0.797866 0.048501
vt 0.815884 0.066519
vt 0.833902 0.057510
vt 0.797866 0.066519
vt 0.797866 0.057510
vt 0.815884 0.075528
vt 0.833902 0.066519
vt 0.833901 0.084537
vt 0.833902 0.075528
vt 0.797866 0.075528
vt 0.815884 0.084537
vt 0.779848 0.075528
vt 0.797866 0.084537
vt 0.779848 0.066519
vt 0.761831 0.084537
vt 0.761831 0.075528
vt 0.761831 0.066519
vt 0.779848 0.057510
vt 0.761831 0.057510
vt 0.761831 0.048501
vt 0.779848 0.048501
vt 0.761831 0.039492
vt 0.779848 0.039492
vt 0.761831 0.030484
vt 0.779848 0.030484
vt 0.779848 0.021475
vt 0.761831 0.021475
vt 0.761831 0.012466
vt 0.779848 0.012466
vt 0.761831 0.003457
vt 0.779848 0.003457
vt 0.779848 0.291741
vt 0.779848 0.282732
vt 0.761831 0.282732
vt 0.779848 0.273723
vt 0.761831 0.273723
vt 0.750541 0.273723
vt 0.766259 0.265434
vt 0.765146 0.265984
vt 0.761831 0.268214
vt 0.768200 0.264714
vt 0.779848 0.264714
vt 0.779848 0.258567
vt 0.783477 0.255705
vt 0.790391 0.246696
vt 0.790315 0.246764
vt 0.796684 0.237687
vt 0.761831 0.093546
vt 0.779848 0.093546
vt 0.779848 0.084537
vt 0.761831 0.102555
vt 0.743813 0.102555
vt 0.743813 0.093546
vt 0.761831 0.111563
vt 0.779848 0.102554
vt 0.743813 0.111563
vt 0.743813 0.120572
vt 0.761831 0.120572
vt 0.779848 0.111563
vt 0.779848 0.129581
vt 0.779848 0.120572
vt 0.761831 0.129581
vt 0.779848 0.138590
vt 0.761831 0.147599
vt 0.761831 0.138590
vt 0.779848 0.156608
vt 0.779848 0.147599
vt 0.761831 0.156608
vt 0.761831 0.165617
vt 0.743813 0.163295
vt 0.750541 0.165617
vt 0.761831 0.171125
vt 0.797866 0.147599
vt 0.797866 0.156608
vt 0.815884 0.147599
vt 0.815884 0.156608
vt 0.833901 0.147599
vt 0.833901 0.156608
vt 0.833901 0.174625
vt 0.833901 0.165617
vt 0.851919 0.161112
vt 0.851919 0.170121
vt 0.833901 0.183634
vt 0.851919 0.179130
vt 0.833901 0.192643
vt 0.851919 0.188139
vt 0.851919 0.197148
vt 0.851919 0.206156
vt 0.851919 0.080032
vt 0.851919 0.071023
vt 0.833901 0.093546
vt 0.851919 0.089041
vt 0.833901 0.102554
vt 0.851919 0.098050
vt 0.833901 0.111563
vt 0.851919 0.107059
vt 0.833901 0.120572
vt 0.851919 0.116068
vt 0.833901 0.129581
vt 0.851919 0.125077
vt 0.833901 0.138590
vt 0.851919 0.134086
vt 0.851919 0.143094
vt 0.851919 0.152103
vt 0.851919 0.215165
vt 0.851919 0.224174
vt 0.851919 0.233183
vt 0.851919 0.242192
vt 0.851919 0.251201
vt 0.851919 0.260210
vt 0.851919 0.269219
vt 0.851919 0.278227
vt 0.833902 0.291741
vt 0.851919 0.287236
vt 0.851919 0.007961
vt 0.851919 0.016970
vt 0.851919 0.025979
vt 0.851919 0.034988
vt 0.851919 0.043997
vt 0.851919 0.053006
vt 0.851919 0.062015
vt 0.815884 0.138590
vt 0.815884 0.129581
vt 0.797866 0.129581
vt 0.797866 0.138590
vt 0.815884 0.120572
vt 0.797866 0.120572
vt 0.797866 0.111563
vt 0.815884 0.111563
vt 0.815884 0.102554
vt 0.797866 0.102554
vt 0.815884 0.093546
vt 0.797866 0.093546
vt 0.725795 0.120572
vt 0.725795 0.111563
vt 0.707777 0.111563
vt 0.707777 0.120572
vt 0.689760 0.120572
vt 0.689760 0.111563
vt 0.671742 0.111563
vt 0.707777 0.102555
vt 0.689760 0.102555
vt 0.671742 0.102555
vt 0.653724 0.102555
vt 0.653724 0.111563
vt 0.653724 0.093546
vt 0.671742 0.093546
vt 0.689760 0.093546
vt 0.707777 0.093546
vt 0.725795 0.093546
vt 0.725795 0.084537
vt 0.725795 0.102555
vt 0.599671 0.093546
vt 0.596274 0.093546
vt 0.597948 0.099241
vt 0.594630 0.084537
vt 0.725795 0.280712
vt 0.689760 0.290330
vt 0.689760 0.291741
vt 0.636486 0.134436
vt 0.765146 0.173355
vt 0.790391 0.192643
vt 0.797866 0.291741
vt 0.761831 0.291741
vt 0.370725 0.334690
vt 0.379734 0.352708
vt 0.370725 0.352708
vt 0.379734 0.370725
vt 0.370725 0.370725
vt 0.361717 0.352708
vt 0.361717 0.370725
vt 0.352708 0.334690
vt 0.352708 0.352708
vt 0.352708 0.370725
vt 0.343699 0.352708
vt 0.343699 0.370725
vt 0.334690 0.334690
vt 0.334690 0.352708
vt 0.334690 0.370725
vt 0.325681 0.334690
vt 0.325681 0.352708
vt 0.325681 0.370725
vt 0.316672 0.334690
vt 0.316672 0.352708
vt 0.316672 0.370725
vt 0.307663 0.352708
vt 0.307663 0.370725
vt 0.298655 0.352708
vt 0.307663 0.334690
vt 0.298655 0.370725
vt 0.577929 0.352708
vt 0.586938 0.334690
vt 0.586938 0.352708
vt 0.586938 0.370725
vt 0.577929 0.370725
vt 0.568920 0.352708
vt 0.577929 0.334690
vt 0.568920 0.370725
vt 0.559912 0.352708
vt 0.568920 0.334690
vt 0.559912 0.370725
vt 0.550903 0.334690
vt 0.550903 0.352708
vt 0.550903 0.370725
vt 0.541894 0.352708
vt 0.541894 0.370725
vt 0.532885 0.352708
vt 0.541894 0.334690
vt 0.532885 0.370725
vt 0.523876 0.334690
vt 0.523876 0.352708
vt 0.523876 0.370725
vt 0.514867 0.352708
vt 0.514867 0.370725
vt 0.505858 0.334690
vt 0.505858 0.352708
vt 0.505858 0.370725
vt 0.496850 0.352708
vt 0.496850 0.370725
vt 0.487841 0.334690
vt 0.487841 0.352708
vt 0.487841 0.370725
vt 0.478832 0.352708
vt 0.478832 0.370725
vt 0.469823 0.352708
vt 0.478832 0.334690
vt 0.469823 0.370725
vt 0.460814 0.352708
vt 0.469823 0.334690
vt 0.460814 0.370725
vt 0.451805 0.334690
vt 0.451805 0.352708
vt 0.451805 0.370725
vt 0.442796 0.352708
vt 0.442796 0.370725
vt 0.433788 0.334690
vt 0.433788 0.352708
vt 0.433788 0.370725
vt 0.424779 0.334690
vt 0.424779 0.352708
vt 0.424779 0.370725
vt 0.415770 0.352708
vt 0.415770 0.370725
vt 0.406761 0.352708
vt 0.415770 0.334690
vt 0.406761 0.370725
vt 0.397752 0.334690
vt 0.397752 0.352708
vt 0.397752 0.370725
vt 0.388743 0.334690
vt 0.388743 0.352708
vt 0.388743 0.370725
vt 0.379734 0.334690
vt 0.379734 0.388743
vt 0.388743 0.388743
vt 0.397752 0.388743
vt 0.370725 0.388743
vt 0.370725 0.406761
vt 0.379734 0.406761
vt 0.388743 0.406761
vt 0.361717 0.388743
vt 0.361717 0.406761
vt 0.352708 0.388743
vt 0.352708 0.406761
vt 0.343699 0.388743
vt 0.343699 0.406761
vt 0.334690 0.388743
vt 0.334690 0.406761
vt 0.325681 0.388743
vt 0.325681 0.406761
vt 0.316672 0.388743
vt 0.316672 0.406761
vt 0.307663 0.388743
vt 0.307663 0.406761
vt 0.298655 0.388743
vt 0.298655 0.406761
vt 0.577929 0.388743
vt 0.586938 0.388743
vt 0.577929 0.406761
vt 0.586938 0.406761
vt 0.568920 0.388743
vt 0.568920 0.406761
vt 0.559912 0.388743
vt 0.559912 0.406761
vt 0.550903 0.388743
vt 0.550903 0.406761
vt 0.541894 0.388743
vt 0.541894 0.406761
vt 0.532885 0.388743
vt 0.532885 0.406761
vt 0.523876 0.388743
vt 0.523876 0.406761
vt 0.514867 0.388743
vt 0.514867 0.406761
vt 0.505858 0.388743
vt 0.505858 0.406761
vt 0.496850 0.388743
vt 0.496850 0.406761
vt 0.487841 0.388743
vt 0.487841 0.406761
vt 0.478832 0.388743
vt 0.478832 0.406761
vt 0.469823 0.388743
vt 0.469823 0.406761
vt 0.460814 0.388743
vt 0.460814 0.406761
vt 0.451805 0.388743
vt 0.451805 0.406761
vt 0.442796 0.388743
vt 0.442796 0.406761
vt 0.433788 0.388743
vt 0.433788 0.406761
vt 0.424779 0.388743
vt 0.424779 0.406761
vt 0.415770 0.388743
vt 0.415770 0.406761
vt 0.406761 0.388743
vt 0.406761 0.406761
vt 0.397752 0.406761
vt 0.388743 0.424779
vt 0.397752 0.424779
vt 0.406761 0.424779
vt 0.379734 0.424779
vt 0.379734 0.442796
vt 0.388743 0.442796
vt 0.397752 0.442796
vt 0.370725 0.424779
vt 0.370725 0.442796
vt 0.361717 0.442796
vt 0.361717 0.424779
vt 0.352708 0.424779
vt 0.352708 0.442796
vt 0.343699 0.424779
vt 0.343699 0.442796
vt 0.334690 0.424779
vt 0.334690 0.442796
vt 0.325681 0.424779
vt 0.325681 0.442796
vt 0.316672 0.424779
vt 0.316672 0.442796
vt 0.307663 0.424779
vt 0.307663 0.442796
vt 0.298655 0.424779
vt 0.298655 0.442796
vt 0.586938 0.424779
vt 0.577929 0.424779
vt 0.577929 0.442796
vt 0.586938 0.442796
vt 0.568920 0.424779
vt 0.568921 0.442796
vt 0.559912 0.424779
vt 0.559912 0.442796
vt 0.550903 0.424779
vt 0.550903 0.442796
vt 0.541894 0.424779
vt 0.541894 0.442796
vt 0.532885 0.424779
vt 0.532885 0.442796
vt 0.523876 0.424779
vt 0.523876 0.442796
vt 0.514867 0.424779
vt 0.514867 0.442796
vt 0.505858 0.424779
vt 0.505858 0.442796
vt 0.496850 0.424779
vt 0.496850 0.442796
vt 0.487841 0.424779
vt 0.487841 0.442796
vt 0.478832 0.424779
vt 0.478832 0.442796
vt 0.469823 0.424779
vt 0.469823 0.442796
vt 0.460814 0.424779
vt 0.460814 0.442796
vt 0.451805 0.424779
vt 0.451805 0.442796
vt 0.442796 0.424779
vt 0.442796 0.442796
vt 0.433788 0.424779
vt 0.433788 0.442796
vt 0.424779 0.424779
vt 0.424779 0.442796
vt 0.415770 0.424779
vt 0.415770 0.442796
vt 0.406761 0.442796
vt 0.397752 0.460814
vt 0.406761 0.460814
vt 0.415770 0.460814
vt 0.388743 0.460814
vt 0.397752 0.478832
vt 0.388743 0.478832
vt 0.406761 0.478832
vt 0.379734 0.460814
vt 0.379734 0.478832
vt 0.370725 0.460814
vt 0.370725 0.478832
vt 0.361717 0.460814
vt 0.361717 0.478832
vt 0.352708 0.460814
vt 0.352708 0.478832
vt 0.343699 0.460814
vt 0.343699 0.478832
vt 0.334690 0.460814
vt 0.334690 0.478832
vt 0.325681 0.460814
vt 0.325681 0.478832
vt 0.316672 0.460814
vt 0.316672 0.478832
vt 0.307663 0.460814
vt 0.307663 0.478832
vt 0.298655 0.460814
vt 0.298655 0.478832
vt 0.586938 0.460814
vt 0.577929 0.460814
vt 0.577929 0.478832
vt 0.586938 0.478832
vt 0.568920 0.460814
vt 0.568920 0.478832
vt 0.559912 0.460814
vt 0.559912 0.478832
vt 0.550903 0.460814
vt 0.550903 0.478832
vt 0.541894 0.460814
vt 0.541894 0.478832
vt 0.532885 0.460814
vt 0.532885 0.478832
vt 0.523876 0.460814
vt 0.523876 0.478832
vt 0.514867 0.460814
vt 0.514867 0.478832
vt 0.505858 0.460814
vt 0.505858 0.478832
vt 0.496850 0.460814
vt 0.496850 0.478832
vt 0.487841 0.460814
vt 0.487841 0.478832
vt 0.478832 0.460814
vt 0.478832 0.478832
vt 0.469823 0.460814
vt 0.469823 0.478832
vt 0.460814 0.460814
vt 0.460814 0.478832
vt 0.451805 0.460814
vt 0.451805 0.478832
vt 0.442796 0.460814
vt 0.442796 0.478832
vt 0.433788 0.460814
vt 0.433788 0.478832
vt 0.424779 0.460814
vt 0.424779 0.478832
vt 0.415770 0.478832
vt 0.406761 0.496850
vt 0.415770 0.496850
vt 0.424779 0.496850
vt 0.397752 0.496850
vt 0.397752 0.514867
vt 0.406761 0.514867
vt 0.415770 0.514867
vt 0.388743 0.496850
vt 0.388743 0.514867
vt 0.379734 0.496850
vt 0.379734 0.514867
vt 0.370725 0.496850
vt 0.370725 0.514867
vt 0.361717 0.496850
vt 0.361717 0.514867
vt 0.352708 0.496850
vt 0.352708 0.514867
vt 0.343699 0.496850
vt 0.343699 0.514867
vt 0.334690 0.496850
vt 0.334690 0.514867
vt 0.325681 0.496850
vt 0.325681 0.514867
vt 0.316672 0.496850
vt 0.316672 0.514867
vt 0.307663 0.496850
vt 0.307663 0.514867
vt 0.298655 0.496850
vt 0.298655 0.514867
vt 0.586938 0.496850
vt 0.577929 0.496850
vt 0.586938 0.514867
vt 0.577929 0.514867
vt 0.568920 0.496850
vt 0.568920 0.514867
vt 0.559912 0.496850
vt 0.559912 0.514867
vt 0.550903 0.496850
vt 0.550903 0.514867
vt 0.541894 0.496850
vt 0.541894 0.514867
vt 0.532885 0.496850
vt 0.532885 0.514867
vt 0.523876 0.496850
vt 0.523876 0.514867
vt 0.514867 0.496850
vt 0.514867 0.514867
vt 0.505858 0.496850
vt 0.505858 0.514867
vt 0.496850 0.496850
vt 0.496850 0.514867
vt 0.487841 0.496850
vt 0.487841 0.514867
vt 0.478832 0.496850
vt 0.478832 0.514867
vt 0.469823 0.496850
vt 0.469823 0.514867
vt 0.460814 0.496850
vt 0.460814 0.514867
vt 0.451805 0.496850
vt 0.451805 0.514867
vt 0.442796 0.496850
vt 0.442796 0.514867
vt 0.433788 0.496850
vt 0.433788 0.514867
vt 0.424779 0.514867
vt 0.424779 0.532885
vt 0.415770 0.532885
vt 0.433788 0.532885
vt 0.406761 0.532885
vt 0.415770 0.550903
vt 0.406761 0.550903
vt 0.424779 0.550903
vt 0.397752 0.532885
vt 0.397752 0.550903
vt 0.388743 0.532885
vt 0.388743 0.550903
vt 0.379734 0.532885
vt 0.379734 0.550903
vt 0.370725 0.532885
vt 0.370725 0.550903
vt 0.361717 0.532885
vt 0.361717 0.550903
vt 0.352708 0.532885
vt 0.352708 0.550903
vt 0.343699 0.532885
vt 0.343699 0.550903
vt 0.334690 0.532885
vt 0.334690 0.550903
vt 0.325681 0.532885
vt 0.325681 0.550903
vt 0.316672 0.532885
vt 0.316672 0.550903
vt 0.307663 0.532885
vt 0.307663 0.550903
vt 0.298655 0.532885
vt 0.298655 0.550903
vt 0.577929 0.532885
vt 0.586938 0.532885
vt 0.586938 0.550903
vt 0.577929 0.550903
vt 0.568920 0.532885
vt 0.568920 0.550903
vt 0.559912 0.532885
vt 0.559912 0.550903
vt 0.550903 0.532885
vt 0.550903 0.550903
vt 0.541894 0.532885
vt 0.541894 0.550903
vt 0.532885 0.532885
vt 0.532885 0.550903
vt 0.523876 0.532885
vt 0.523876 0.550903
vt 0.514867 0.532885
vt 0.514867 0.550903
vt 0.505858 0.532885
vt 0.505858 0.550903
vt 0.496850 0.532885
vt 0.496850 0.550903
vt 0.487841 0.532885
vt 0.487841 0.550903
vt 0.478832 0.532885
vt 0.478832 0.550903
vt 0.469823 0.532885
vt 0.469823 0.550903
vt 0.460814 0.532885
vt 0.460814 0.550903
vt 0.451805 0.532885
vt 0.451805 0.550903
vt 0.442796 0.532885
vt 0.442796 0.550903
vt 0.433788 0.550903
vt 0.424779 0.568921
vt 0.433788 0.568920
vt 0.442796 0.568920
vt 0.415770 0.568921
vt 0.420274 0.586938
vt 0.429283 0.586938
vt 0.546398 0.586938
vt 0.541894 0.568920
vt 0.550903 0.568920
vt 0.555407 0.586938
vt 0.559912 0.568920
vt 0.375230 0.586938
vt 0.370725 0.568921
vt 0.379734 0.568921
vt 0.366221 0.586938
vt 0.361717 0.568921
vt 0.384239 0.586938
vt 0.388743 0.568921
vt 0.393248 0.586938
vt 0.397752 0.568921
vt 0.402257 0.586938
vt 0.406761 0.568921
vt 0.411265 0.586938
vt 0.438292 0.586938
vt 0.447301 0.586938
vt 0.451805 0.568920
vt 0.456310 0.586938
vt 0.460814 0.568920
vt 0.465319 0.586938
vt 0.469823 0.568920
vt 0.474327 0.586938
vt 0.478832 0.568920
vt 0.483336 0.586938
vt 0.487841 0.568920
vt 0.492345 0.586938
vt 0.496850 0.568920
vt 0.501354 0.586938
vt 0.505858 0.568920
vt 0.510363 0.586938
vt 0.514867 0.568920
vt 0.519372 0.586938
vt 0.523876 0.568920
vt 0.528381 0.586938
vt 0.532885 0.568920
vt 0.537389 0.586938
vt 0.564416 0.586938
vt 0.568920 0.568920
vt 0.573425 0.586938
vt 0.577929 0.568920
vt 0.582434 0.586938
vt 0.586938 0.568920
vt 0.303159 0.586938
vt 0.298655 0.568921
vt 0.307663 0.568921
vt 0.312168 0.586938
vt 0.316672 0.568921
vt 0.321177 0.586938
vt 0.325681 0.568921
vt 0.330186 0.586938
vt 0.334690 0.568921
vt 0.339194 0.586938
vt 0.343699 0.568921
vt 0.348203 0.586938
vt 0.352708 0.568921
vt 0.357212 0.586938
vt 0.379734 0.316672
vt 0.388743 0.316672
vt 0.384239 0.298655
vt 0.370725 0.316672
vt 0.375230 0.298655
vt 0.361717 0.334690
vt 0.361717 0.316672
vt 0.366221 0.298655
vt 0.352708 0.316672
vt 0.357212 0.298655
vt 0.343699 0.334690
vt 0.343699 0.316672
vt 0.348203 0.298655
vt 0.334690 0.316672
vt 0.339194 0.298655
vt 0.325681 0.316672
vt 0.330186 0.298655
vt 0.316672 0.316672
vt 0.321177 0.298655
vt 0.307663 0.316672
vt 0.312168 0.298655
vt 0.298655 0.316672
vt 0.298655 0.334690
vt 0.303159 0.298655
vt 0.577929 0.316672
vt 0.582434 0.298655
vt 0.586938 0.316672
vt 0.568920 0.316672
vt 0.573425 0.298655
vt 0.559912 0.334690
vt 0.559912 0.316672
vt 0.564416 0.298655
vt 0.550903 0.316672
vt 0.555407 0.298655
vt 0.541894 0.316672
vt 0.546398 0.298655
vt 0.532885 0.316672
vt 0.532885 0.334690
vt 0.537389 0.298655
vt 0.523876 0.316672
vt 0.528381 0.298655
vt 0.514867 0.334690
vt 0.514867 0.316672
vt 0.519372 0.298655
vt 0.505858 0.316672
vt 0.510363 0.298655
vt 0.496850 0.334690
vt 0.496850 0.316672
vt 0.501354 0.298655
vt 0.487841 0.316672
vt 0.492345 0.298655
vt 0.478832 0.316672
vt 0.483336 0.298655
vt 0.469823 0.316672
vt 0.474327 0.298655
vt 0.460814 0.316672
vt 0.460814 0.334690
vt 0.465319 0.298655
vt 0.451805 0.316672
vt 0.456310 0.298655
vt 0.442796 0.334690
vt 0.442796 0.316672
vt 0.447301 0.298655
vt 0.433788 0.316672
vt 0.438292 0.298655
vt 0.424779 0.316672
vt 0.429283 0.298655
vt 0.415770 0.316672
vt 0.420274 0.298655
vt 0.406761 0.316672
vt 0.406761 0.334690
vt 0.411265 0.298655
vt 0.397752 0.316672
vt 0.402256 0.298655
vt 0.393248 0.298655
vt 0.352708 0.219670
vt 0.334690 0.210661
vt 0.352708 0.210661
vt 0.370725 0.219670
vt 0.370725 0.210661
vt 0.352708 0.228679
vt 0.334690 0.219670
vt 0.370725 0.228679
vt 0.334690 0.237687
vt 0.352708 0.237687
vt 0.370725 0.237687
vt 0.352708 0.246696
vt 0.370725 0.246696
vt 0.334690 0.255705
vt 0.352708 0.255705
vt 0.370725 0.255705
vt 0.352708 0.264714
vt 0.370725 0.264714
vt 0.334690 0.273723
vt 0.352708 0.273723
vt 0.370725 0.273723
vt 0.334690 0.282732
vt 0.352708 0.282732
vt 0.370725 0.282732
vt 0.352708 0.291741
vt 0.370725 0.291741
vt 0.352708 0.012466
vt 0.334690 0.003457
vt 0.352708 0.003457
vt 0.370725 0.003457
vt 0.370725 0.012466
vt 0.352708 0.021475
vt 0.334690 0.012466
vt 0.370725 0.021475
vt 0.352708 0.030484
vt 0.334690 0.021475
vt 0.370725 0.030484
vt 0.334690 0.039492
vt 0.352708 0.039492
vt 0.370725 0.039492
vt 0.334690 0.048501
vt 0.352708 0.048501
vt 0.370725 0.048501
vt 0.352708 0.057510
vt 0.370725 0.057510
vt 0.334690 0.066519
vt 0.352708 0.066519
vt 0.370725 0.066519
vt 0.352708 0.075528
vt 0.370725 0.075528
vt 0.334690 0.084537
vt 0.352708 0.084537
vt 0.370725 0.084537
vt 0.352708 0.093546
vt 0.370725 0.093546
vt 0.334690 0.102554
vt 0.352708 0.102554
vt 0.370725 0.102554
vt 0.352708 0.111563
vt 0.370725 0.111563
vt 0.352708 0.120572
vt 0.334690 0.111563
vt 0.370725 0.120572
vt 0.334690 0.129581
vt 0.352708 0.129581
vt 0.370725 0.129581
vt 0.334690 0.138590
vt 0.352708 0.138590
vt 0.370725 0.138590
vt 0.352708 0.147599
vt 0.370725 0.147599
vt 0.334690 0.156608
vt 0.352708 0.156608
vt 0.370725 0.156608
vt 0.352708 0.165617
vt 0.370725 0.165617
vt 0.352708 0.174625
vt 0.334690 0.165617
vt 0.370725 0.174625
vt 0.334690 0.183634
vt 0.352708 0.183634
vt 0.370726 0.183634
vt 0.352708 0.192643
vt 0.370725 0.192643
vt 0.352708 0.201652
vt 0.334690 0.192643
vt 0.370725 0.201652
vt 0.388743 0.210661
vt 0.388743 0.201652
vt 0.388743 0.192643
vt 0.388743 0.219670
vt 0.406761 0.219670
vt 0.406761 0.210661
vt 0.406761 0.201652
vt 0.388743 0.228679
vt 0.406761 0.228679
vt 0.388743 0.237687
vt 0.406761 0.237687
vt 0.388743 0.246696
vt 0.406761 0.246696
vt 0.388743 0.255705
vt 0.406761 0.255705
vt 0.388743 0.264714
vt 0.406761 0.264714
vt 0.388743 0.273723
vt 0.406761 0.273723
vt 0.388743 0.282732
vt 0.406761 0.282732
vt 0.388743 0.291741
vt 0.406761 0.291741
vt 0.388743 0.012466
vt 0.388743 0.003457
vt 0.406761 0.003457
vt 0.406761 0.012466
vt 0.388743 0.021475
vt 0.406761 0.021475
vt 0.388743 0.030484
vt 0.406761 0.030484
vt 0.388743 0.039492
vt 0.406761 0.039492
vt 0.388743 0.048501
vt 0.406761 0.048501
vt 0.388743 0.057510
vt 0.406761 0.057510
vt 0.388743 0.066519
vt 0.406761 0.066519
vt 0.388743 0.075528
vt 0.406761 0.075528
vt 0.388743 0.084537
vt 0.406761 0.084537
vt 0.388743 0.093546
vt 0.406761 0.093546
vt 0.388743 0.102554
vt 0.406761 0.102554
vt 0.388743 0.111563
vt 0.406761 0.111563
vt 0.388743 0.120572
vt 0.406761 0.120572
vt 0.388743 0.129581
vt 0.406761 0.129581
vt 0.388743 0.138590
vt 0.406761 0.138590
vt 0.388743 0.147599
vt 0.406761 0.147599
vt 0.388743 0.156608
vt 0.406761 0.156608
vt 0.388743 0.165617
vt 0.406761 0.165617
vt 0.388743 0.174625
vt 0.406761 0.174625
vt 0.388743 0.183634
vt 0.406761 0.183634
vt 0.406761 0.192643
vt 0.424779 0.201652
vt 0.424779 0.192643
vt 0.424779 0.183634
vt 0.424779 0.210661
vt 0.442796 0.201652
vt 0.442796 0.210661
vt 0.442796 0.192643
vt 0.424779 0.219670
vt 0.442796 0.219670
vt 0.442796 0.228679
vt 0.424779 0.228679
vt 0.424779 0.237687
vt 0.442796 0.237687
vt 0.424779 0.246696
vt 0.442796 0.246696
vt 0.424779 0.255705
vt 0.442796 0.255705
vt 0.424779 0.264714
vt 0.442796 0.264714
vt 0.424779 0.273723
vt 0.442796 0.273723
vt 0.424779 0.282732
vt 0.442796 0.282732
vt 0.424779 0.291741
vt 0.442796 0.291741
vt 0.424779 0.012466
vt 0.424779 0.003457
vt 0.442796 0.012466
vt 0.442796 0.003457
vt 0.424779 0.021475
vt 0.442796 0.021475
vt 0.424779 0.030484
vt 0.442796 0.030484
vt 0.424779 0.039492
vt 0.442796 0.039492
vt 0.424779 0.048501
vt 0.442796 0.048501
vt 0.424779 0.057510
vt 0.442796 0.057510
vt 0.424779 0.066519
vt 0.442796 0.066519
vt 0.424779 0.075528
vt 0.442796 0.075528
vt 0.424779 0.084537
vt 0.442796 0.084537
vt 0.424779 0.093546
vt 0.442796 0.093546
vt 0.424779 0.102554
vt 0.442796 0.102554
vt 0.424779 0.111563
vt 0.442796 0.111563
vt 0.424779 0.120572
vt 0.442796 0.120572
vt 0.424779 0.129581
vt 0.442796 0.129581
vt 0.424779 0.138590
vt 0.442796 0.138590
vt 0.424779 0.147599
vt 0.442796 0.147599
vt 0.424779 0.156608
vt 0.442796 0.156608
vt 0.424779 0.165617
vt 0.442796 0.165617
vt 0.424779 0.174625
vt 0.442796 0.174625
vt 0.442796 0.183634
vt 0.460814 0.183634
vt 0.460814 0.192643
vt 0.460814 0.174625
vt 0.460814 0.201652
vt 0.478832 0.192643
vt 0.478832 0.201652
vt 0.478832 0.183634
vt 0.460814 0.210661
vt 0.478832 0.210661
vt 0.460814 0.219670
vt 0.478832 0.219670
vt 0.460814 0.228679
vt 0.478832 0.228679
vt 0.460814 0.237687
vt 0.478832 0.237687
vt 0.460814 0.246696
vt 0.478832 0.246696
vt 0.460814 0.255705
vt 0.478832 0.255705
vt 0.460814 0.264714
vt 0.478832 0.264714
vt 0.460814 0.273723
vt 0.478832 0.273723
vt 0.460814 0.282732
vt 0.478832 0.282732
vt 0.460814 0.291741
vt 0.478832 0.291741
vt 0.460814 0.003457
vt 0.460814 0.012466
vt 0.478832 0.003457
vt 0.478832 0.012466
vt 0.460814 0.021475
vt 0.478832 0.021475
vt 0.460814 0.030484
vt 0.478832 0.030484
vt 0.460814 0.039492
vt 0.478832 0.039492
vt 0.460814 0.048501
vt 0.478832 0.048501
vt 0.460814 0.057510
vt 0.478832 0.057510
vt 0.460814 0.066519
vt 0.478832 0.066519
vt 0.460814 0.075528
vt 0.478832 0.075528
vt 0.460814 0.084537
vt 0.478832 0.084537
vt 0.460814 0.093546
vt 0.478832 0.093546
vt 0.460814 0.102554
vt 0.478832 0.102554
vt 0.460814 0.111563
vt 0.478832 0.111563
vt 0.460814 0.120572
vt 0.478832 0.120572
vt 0.460814 0.129581
vt 0.478832 0.129581
vt 0.460814 0.138590
vt 0.478832 0.138590
vt 0.460814 0.147599
vt 0.478832 0.147599
vt 0.460814 0.156608
vt 0.478832 0.156608
vt 0.460814 0.165617
vt 0.478832 0.165617
vt 0.478832 0.174625
vt 0.496850 0.183634
vt 0.496850 0.174625
vt 0.496850 0.165617
vt 0.496850 0.192643
vt 0.514867 0.183634
vt 0.514867 0.192643
vt 0.514867 0.174625
vt 0.496850 0.201652
vt 0.514867 0.201652
vt 0.496850 0.210661
vt 0.514867 0.210661
vt 0.496850 0.219670
vt 0.514867 0.219670
vt 0.496850 0.228679
vt 0.514867 0.228679
vt 0.496850 0.237687
vt 0.514867 0.237687
vt 0.496850 0.246696
vt 0.514867 0.246696
vt 0.496850 0.255705
vt 0.514867 0.255705
vt 0.496850 0.264714
vt 0.514867 0.264714
vt 0.496850 0.273723
vt 0.514867 0.273723
vt 0.496850 0.282732
vt 0.514867 0.282732
vt 0.496850 0.291741
vt 0.514867 0.291741
vt 0.496850 0.012466
vt 0.496850 0.003457
vt 0.514867 0.003457
vt 0.514867 0.012466
vt 0.496850 0.021475
vt 0.514867 0.021475
vt 0.496850 0.030484
vt 0.514867 0.030484
vt 0.496850 0.039492
vt 0.514867 0.039492
vt 0.496850 0.048501
vt 0.514867 0.048501
vt 0.496850 0.057510
vt 0.514867 0.057510
vt 0.496850 0.066519
vt 0.514867 0.066519
vt 0.496850 0.075528
vt 0.514867 0.075528
vt 0.496850 0.084537
vt 0.514867 0.084537
vt 0.496850 0.093546
vt 0.514867 0.093546
vt 0.496850 0.102554
vt 0.514867 0.102554
vt 0.496850 0.111563
vt 0.514867 0.111563
vt 0.496850 0.120572
vt 0.514867 0.120572
vt 0.496850 0.129581
vt 0.514867 0.129581
vt 0.496850 0.138590
vt 0.514867 0.138590
vt 0.496850 0.147599
vt 0.514867 0.147599
vt 0.496850 0.156608
vt 0.514867 0.156608
vt 0.514867 0.165616
vt 0.532885 0.174625
vt 0.532885 0.165616
vt 0.532885 0.156608
vt 0.532885 0.183634
vt 0.550903 0.183634
vt 0.550903 0.174625
vt 0.550903 0.165616
vt 0.532885 0.192643
vt 0.550903 0.192643
vt 0.532885 0.201652
vt 0.550903 0.201652
vt 0.532885 0.210661
vt 0.550903 0.210661
vt 0.532885 0.219670
vt 0.550903 0.219670
vt 0.532885 0.228679
vt 0.550903 0.228679
vt 0.532885 0.237687
vt 0.550903 0.237687
vt 0.532885 0.246696
vt 0.550903 0.246696
vt 0.532885 0.255705
vt 0.550903 0.255705
vt 0.532885 0.264714
vt 0.550903 0.264714
vt 0.532885 0.273723
vt 0.550903 0.273723
vt 0.532885 0.282732
vt 0.550903 0.282732
vt 0.532885 0.291741
vt 0.550903 0.291741
vt 0.532885 0.012466
vt 0.532885 0.003457
vt 0.550903 0.003457
vt 0.550903 0.012466
vt 0.532885 0.021475
vt 0.550903 0.021475
vt 0.532885 0.030484
vt 0.550903 0.030484
vt 0.532885 0.039492
vt 0.550903 0.039492
vt 0.532885 0.048501
vt 0.550903 0.048501
vt 0.532885 0.057510
vt 0.550903 0.057510
vt 0.532885 0.066519
vt 0.550903 0.066519
vt 0.532885 0.075528
vt 0.550903 0.075528
vt 0.532885 0.084537
vt 0.550903 0.084537
vt 0.532885 0.093546
vt 0.550903 0.093546
vt 0.532885 0.102554
vt 0.550903 0.102554
vt 0.532885 0.111563
vt 0.550903 0.111563
vt 0.532885 0.120572
vt 0.550903 0.120572
vt 0.532885 0.129581
vt 0.550903 0.129581
vt 0.532885 0.138590
vt 0.550903 0.138590
vt 0.532885 0.147599
vt 0.550903 0.147599
vt 0.550903 0.156608
vt 0.568921 0.156608
vt 0.568921 0.165616
vt 0.568921 0.147599
vt 0.568921 0.174625
vt 0.586938 0.170121
vt 0.586938 0.161112
vt 0.586938 0.043997
vt 0.568921 0.048501
vt 0.568921 0.039492
vt 0.586938 0.034988
vt 0.568921 0.030484
vt 0.586938 0.215165
vt 0.568921 0.219670
vt 0.568921 0.210661
vt 0.586938 0.224174
vt 0.568921 0.228679
vt 0.586938 0.206156
vt 0.568921 0.201652
vt 0.586938 0.197148
vt 0.568921 0.192643
vt 0.586938 0.188139
vt 0.568921 0.183634
vt 0.586938 0.179130
vt 0.586938 0.152103
vt 0.586938 0.143094
vt 0.568921 0.138590
vt 0.586938 0.134085
vt 0.568921 0.129581
vt 0.586938 0.125077
vt 0.568921 0.120572
vt 0.586938 0.116068
vt 0.568921 0.111563
vt 0.586938 0.107059
vt 0.568921 0.102554
vt 0.586938 0.098050
vt 0.568921 0.093546
vt 0.586938 0.089041
vt 0.568921 0.084537
vt 0.586938 0.080032
vt 0.568921 0.075528
vt 0.586938 0.071023
vt 0.568921 0.066519
vt 0.586938 0.062015
vt 0.568921 0.057510
vt 0.586938 0.053006
vt 0.586938 0.025979
vt 0.568921 0.021475
vt 0.586938 0.016970
vt 0.568921 0.012466
vt 0.586938 0.007961
vt 0.568921 0.003457
vt 0.586938 0.287236
vt 0.568921 0.291741
vt 0.568921 0.282732
vt 0.586938 0.278227
vt 0.568921 0.273723
vt 0.586938 0.269218
vt 0.568921 0.264714
vt 0.586938 0.260210
vt 0.568921 0.255705
vt 0.586938 0.251201
vt 0.568921 0.246696
vt 0.586938 0.242192
vt 0.568921 0.237687
vt 0.586938 0.233183
vt 0.316672 0.210661
vt 0.334690 0.201652
vt 0.316672 0.192643
vt 0.298655 0.206156
vt 0.316672 0.201652
vt 0.316672 0.219670
vt 0.298655 0.215165
vt 0.316672 0.228679
vt 0.334690 0.228679
vt 0.298655 0.224174
vt 0.316672 0.237687
vt 0.298655 0.233183
vt 0.316672 0.246696
vt 0.334690 0.246696
vt 0.298655 0.242192
vt 0.316672 0.255705
vt 0.298655 0.251201
vt 0.334690 0.264714
vt 0.316672 0.264714
vt 0.298655 0.260210
vt 0.316672 0.273723
vt 0.298655 0.269218
vt 0.316672 0.282732
vt 0.298655 0.278227
vt 0.334690 0.291741
vt 0.316672 0.291741
vt 0.298655 0.287236
vt 0.316672 0.012466
vt 0.298655 0.007961
vt 0.316672 0.003457
vt 0.316672 0.021475
vt 0.298655 0.016970
vt 0.316672 0.030484
vt 0.334690 0.030484
vt 0.298655 0.025979
vt 0.316672 0.039492
vt 0.298655 0.034988
vt 0.316672 0.048501
vt 0.298655 0.043997
vt 0.334690 0.057510
vt 0.316672 0.057510
vt 0.298655 0.053006
vt 0.316672 0.066519
vt 0.298655 0.062015
vt 0.334690 0.075528
vt 0.316672 0.075528
vt 0.298655 0.071023
vt 0.316672 0.084537
vt 0.298655 0.080032
vt 0.334690 0.093546
vt 0.316672 0.093546
vt 0.298655 0.089041
vt 0.316672 0.102554
vt 0.298655 0.098050
vt 0.316672 0.111563
vt 0.298655 0.107059
vt 0.334690 0.120572
vt 0.316672 0.120572
vt 0.298655 0.116068
vt 0.316672 0.129581
vt 0.298655 0.125077
vt 0.316672 0.138590
vt 0.298655 0.134086
vt 0.334690 0.147599
vt 0.316672 0.147599
vt 0.298655 0.143094
vt 0.316672 0.156608
vt 0.298655 0.152103
vt 0.316672 0.165617
vt 0.298655 0.161112
vt 0.316672 0.174625
vt 0.298655 0.170121
vt 0.334690 0.174625
vt 0.316672 0.183634
vt 0.298655 0.179130
vt 0.298655 0.188139
vt 0.298655 0.197148
vt 0.370725 0.737994
vt 0.442796 0.665923
vt 0.442796 0.737994
vt 0.350511 0.593852
vt 0.348833 0.593852
vt 0.370726 0.593852
vt 0.298655 0.665923
vt 0.335779 0.596403
vt 0.338486 0.596477
vt 0.834997 0.385375
vt 0.838362 0.388743
vt 0.838362 0.385375
vt 0.834997 0.379734
vt 0.838362 0.370725
vt 0.834997 0.370725
vt 0.349556 0.810065
vt 0.351136 0.810065
vt 0.370725 0.810065
vt 0.341700 0.807514
vt 0.339105 0.807441
vt 0.834997 0.397752
vt 0.834997 0.388743
vt 0.834997 0.406761
vt 0.838362 0.397752
vt 0.834997 0.415770
vt 0.838362 0.406761
vt 0.834997 0.424779
vt 0.838362 0.415770
vt 0.834997 0.433788
vt 0.838362 0.424779
vt 0.834997 0.442796
vt 0.838362 0.433788
vt 0.834997 0.451805
vt 0.838362 0.442796
vt 0.834997 0.460814
vt 0.838362 0.451805
vt 0.834997 0.469823
vt 0.838362 0.460814
vt 0.834997 0.478832
vt 0.838362 0.469823
vt 0.834997 0.487841
vt 0.838362 0.478832
vt 0.834997 0.496850
vt 0.838362 0.487841
vt 0.834997 0.500217
vt 0.838362 0.505859
vt 0.838362 0.500217
vt 0.298654 0.810065
vt 0.325032 0.810065
vt 0.326429 0.810065
vt 0.834997 0.514867
vt 0.834997 0.505859
vt 0.325662 0.593852
vt 0.324357 0.593852
vt 0.298655 0.593852
vt 0.838362 0.523876
vt 0.838362 0.514867
vt 0.834997 0.523876
vt 0.838362 0.532885
vt 0.834997 0.532885
vt 0.838362 0.541894
vt 0.834997 0.541894
vt 0.838362 0.550903
vt 0.834997 0.550903
vt 0.838362 0.559912
vt 0.834997 0.559912
vt 0.838362 0.568921
vt 0.834997 0.568921
vt 0.838362 0.577929
vt 0.834997 0.579955
vt 0.838362 0.586938
vt 0.838362 0.579955
vt 0.336184 0.593852
vt 0.336014 0.593852
vt 0.370725 0.593852
vt 0.335844 0.593852
vt 0.335844 0.882136
vt 0.298655 0.810065
vt 0.338705 0.810065
vt 0.370725 0.882136
vt 0.338331 0.810065
vt 0.337957 0.810065
vt 0.226584 0.737994
vt 0.226584 0.665923
vt 0.298655 0.737994
vt 0.370725 0.665923
vt 0.834997 0.298655
vt 0.838362 0.307663
vt 0.838362 0.298655
vt 0.834997 0.307663
vt 0.838362 0.316672
vt 0.834997 0.316672
vt 0.838362 0.325681
vt 0.834997 0.325681
vt 0.838362 0.334690
vt 0.834997 0.334690
vt 0.838362 0.343699
vt 0.834997 0.343699
vt 0.838362 0.352708
vt 0.834997 0.352708
vt 0.838362 0.361717
vt 0.834997 0.361717
vt 0.219670 0.665923
vt 0.219670 0.737994
vt 0.147599 0.737994
vt 0.075528 0.665923
vt 0.112652 0.596403
vt 0.115360 0.596477
vt 0.127385 0.593852
vt 0.125706 0.593852
vt 0.147599 0.593852
vt 0.848314 0.500218
vt 0.845277 0.500218
vt 0.848314 0.505858
vt 0.845277 0.514867
vt 0.848315 0.514867
vt 0.126430 0.810065
vt 0.128009 0.810065
vt 0.147599 0.810065
vt 0.848314 0.523876
vt 0.845277 0.523876
vt 0.848314 0.532885
vt 0.845277 0.532885
vt 0.848314 0.541894
vt 0.845277 0.541894
vt 0.848314 0.550903
vt 0.845277 0.550903
vt 0.848314 0.559912
vt 0.845277 0.559912
vt 0.848314 0.568920
vt 0.845277 0.568920
vt 0.848315 0.577929
vt 0.845277 0.577929
vt 0.848314 0.586938
vt 0.845277 0.586938
vt 0.848314 0.305638
vt 0.845277 0.298655
vt 0.845276 0.305638
vt 0.075528 0.810065
vt 0.101905 0.810065
vt 0.103302 0.810065
vt 0.848314 0.316672
vt 0.845277 0.307663
vt 0.845277 0.316672
vt 0.102535 0.593852
vt 0.101230 0.593852
vt 0.075528 0.593852
vt 0.848314 0.325681
vt 0.845277 0.325681
vt 0.845277 0.334690
vt 0.848314 0.343699
vt 0.845277 0.343699
vt 0.848314 0.352708
vt 0.845277 0.352708
vt 0.848314 0.361717
vt 0.845277 0.361717
vt 0.848314 0.370725
vt 0.845277 0.370725
vt 0.845277 0.379734
vt 0.848314 0.379734
vt 0.848314 0.385375
vt 0.845277 0.385375
vt 0.848314 0.388743
vt 0.845277 0.397752
vt 0.848314 0.397752
vt 0.118573 0.807514
vt 0.115978 0.807441
vt 0.845277 0.406761
vt 0.848314 0.406761
vt 0.845277 0.415770
vt 0.848314 0.415770
vt 0.845277 0.424779
vt 0.848314 0.424779
vt 0.848315 0.433788
vt 0.845277 0.433788
vt 0.848314 0.442796
vt 0.845277 0.442796
vt 0.845277 0.451805
vt 0.848314 0.451805
vt 0.845277 0.460814
vt 0.848315 0.460814
vt 0.848314 0.469823
vt 0.845277 0.469823
vt 0.845277 0.478832
vt 0.848314 0.478832
vt 0.845277 0.487841
vt 0.848314 0.487841
vt 0.845277 0.496850
vt 0.848314 0.496850
vt 0.003457 0.737994
vt 0.075528 0.737994
vt 0.003457 0.665923
vt 0.147599 0.665923
vt 0.114830 0.810065
vt 0.115204 0.810065
vt 0.115578 0.810065
vt 0.113057 0.593852
vt 0.112887 0.593852
vt 0.112717 0.882136
vt 0.147599 0.882136
vt 0.112717 0.593852
vt 0.338570 0.593852
vt 0.336336 0.593852
vt 0.344208 0.593852
vt 0.351678 0.593852
vt 0.351320 0.593852
vt 0.351917 0.593852
vt 0.352374 0.593852
vt 0.341456 0.593852
vt 0.352301 0.593852
vt 0.346703 0.593852
vt 0.351028 0.594120
vt 0.343673 0.596186
vt 0.348077 0.595358
vt 0.349768 0.594780
vt 0.332999 0.596186
vt 0.324658 0.593852
vt 0.324970 0.594120
vt 0.326336 0.594780
vt 0.346019 0.595833
vt 0.328180 0.595358
vt 0.330430 0.595833
vt 0.341130 0.596403
vt 0.838362 0.379734
vt 0.352321 0.810065
vt 0.351711 0.810065
vt 0.352223 0.810065
vt 0.345169 0.810065
vt 0.347540 0.810065
vt 0.337621 0.810065
vt 0.339776 0.810065
vt 0.342543 0.810065
vt 0.352811 0.810065
vt 0.352783 0.810065
vt 0.333600 0.807731
vt 0.325446 0.809797
vt 0.325130 0.810065
vt 0.344196 0.807731
vt 0.351423 0.809797
vt 0.350183 0.809137
vt 0.326832 0.809137
vt 0.328704 0.808559
vt 0.348521 0.808559
vt 0.346499 0.808084
vt 0.330990 0.808084
vt 0.336422 0.807514
vt 0.838362 0.496850
vt 0.336888 0.810065
vt 0.330868 0.810065
vt 0.333739 0.810065
vt 0.324509 0.810065
vt 0.324077 0.810065
vt 0.324245 0.810065
vt 0.328398 0.810065
vt 0.324014 0.593852
vt 0.329869 0.593852
vt 0.327521 0.593852
vt 0.335628 0.593852
vt 0.332610 0.593852
vt 0.323537 0.593852
vt 0.323646 0.593852
vt 0.834997 0.577929
vt 0.834997 0.586938
vt 0.298655 0.882136
vt 0.127902 0.594120
vt 0.128194 0.593852
vt 0.120547 0.596186
vt 0.124950 0.595358
vt 0.126642 0.594780
vt 0.109872 0.596186
vt 0.101531 0.593852
vt 0.101843 0.594120
vt 0.103210 0.594780
vt 0.122892 0.595833
vt 0.105053 0.595358
vt 0.107303 0.595833
vt 0.118004 0.596403
vt 0.115443 0.593852
vt 0.113209 0.593852
vt 0.121081 0.593852
vt 0.128551 0.593852
vt 0.128790 0.593852
vt 0.129247 0.593852
vt 0.118329 0.593852
vt 0.129174 0.593852
vt 0.123576 0.593852
vt 0.845277 0.505858
vt 0.129195 0.810065
vt 0.128584 0.810065
vt 0.129096 0.810065
vt 0.122042 0.810065
vt 0.124414 0.810065
vt 0.114495 0.810065
vt 0.116649 0.810065
vt 0.119416 0.810065
vt 0.129684 0.810065
vt 0.129657 0.810065
vt 0.848314 0.307663
vt 0.848314 0.298655
vt 0.113761 0.810065
vt 0.107741 0.810065
vt 0.110613 0.810065
vt 0.102004 0.810065
vt 0.101382 0.810065
vt 0.100951 0.810065
vt 0.101119 0.810065
vt 0.105271 0.810065
vt 0.100887 0.593852
vt 0.106742 0.593852
vt 0.104395 0.593852
vt 0.112502 0.593852
vt 0.109484 0.593852
vt 0.100410 0.593852
vt 0.100519 0.593852
vt 0.848314 0.334690
vt 0.845277 0.388743
vt 0.110473 0.807731
vt 0.102320 0.809797
vt 0.121069 0.807731
vt 0.128296 0.809797
vt 0.127056 0.809137
vt 0.103706 0.809137
vt 0.105577 0.808559
vt 0.125394 0.808559
vt 0.123373 0.808084
vt 0.107863 0.808084
vt 0.113295 0.807514
vt 0.075528 0.882136
vt 0.857874 0.532218
vt 0.891468 0.573152
vt 0.956698 0.451115
vt 0.968034 0.593852
vt 0.823893 0.602861
vt 0.823893 0.593852
vt 0.968034 0.873127
vt 0.823893 0.882136
vt 0.823893 0.873127
vt 0.968034 0.864118
vt 0.823893 0.864118
vt 0.874205 0.116204
vt 0.883795 0.018829
vt 0.981171 0.028419
vt 0.968034 0.855109
vt 0.823893 0.855109
vt 0.968034 0.846100
vt 0.823893 0.846100
vt 0.968034 0.837091
vt 0.823893 0.837091
vt 0.968034 0.828083
vt 0.823893 0.828083
vt 0.968034 0.819074
vt 0.823893 0.819074
vt 0.968034 0.810065
vt 0.823893 0.810065
vt 0.968034 0.801056
vt 0.823893 0.801056
vt 0.968034 0.792047
vt 0.823893 0.792047
vt 0.968034 0.783038
vt 0.823893 0.783038
vt 0.968034 0.774029
vt 0.823893 0.774029
vt 0.968034 0.765020
vt 0.823893 0.765020
vt 0.968034 0.756012
vt 0.823893 0.756012
vt 0.968034 0.747003
vt 0.823893 0.747003
vt 0.968034 0.737994
vt 0.823893 0.737994
vt 0.968034 0.728985
vt 0.823893 0.728985
vt 0.968034 0.719976
vt 0.823893 0.719976
vt 0.968034 0.710967
vt 0.823893 0.710967
vt 0.968034 0.701958
vt 0.823893 0.701958
vt 0.968034 0.692950
vt 0.823893 0.692950
vt 0.968034 0.683941
vt 0.823893 0.683941
vt 0.968034 0.674932
vt 0.823893 0.674932
vt 0.968034 0.665923
vt 0.823893 0.665923
vt 0.968034 0.656914
vt 0.823893 0.656914
vt 0.968034 0.647905
vt 0.823893 0.647905
vt 0.968034 0.638896
vt 0.823893 0.638896
vt 0.968034 0.629887
vt 0.823893 0.629888
vt 0.968034 0.620879
vt 0.823893 0.620879
vt 0.968034 0.611870
vt 0.823893 0.611870
vt 0.968034 0.602861
vt 0.903999 0.578342
vt 0.944167 0.578342
vt 0.917301 0.580988
vt 0.930865 0.580988
vt 0.956698 0.573152
vt 0.985101 0.544748
vt 0.967975 0.565616
vt 0.977566 0.556026
vt 0.990292 0.532218
vt 0.990292 0.492049
vt 0.992938 0.518915
vt 0.992938 0.505352
vt 0.985102 0.479518
vt 0.977566 0.468241
vt 0.967976 0.458650
vt 0.944167 0.445924
vt 0.903999 0.445924
vt 0.930865 0.443278
vt 0.917302 0.443278
vt 0.891468 0.451115
vt 0.880191 0.458650
vt 0.870600 0.468241
vt 0.863065 0.479518
vt 0.857874 0.492049
vt 0.855228 0.505352
vt 0.855228 0.518915
vt 0.863065 0.544748
vt 0.870600 0.556026
vt 0.880191 0.565616
vt 0.968034 0.882136
vt 0.988706 0.039697
vt 0.993897 0.052228
vt 0.996543 0.065530
vt 0.996543 0.079093
vt 0.993897 0.092396
vt 0.988706 0.104927
vt 0.981171 0.116204
vt 0.971581 0.125795
vt 0.960303 0.133330
vt 0.947772 0.138521
vt 0.934470 0.141167
vt 0.920906 0.141167
vt 0.907604 0.138521
vt 0.895073 0.133330
vt 0.883796 0.125795
vt 0.866670 0.104927
vt 0.861479 0.092396
vt 0.858833 0.079093
vt 0.858833 0.065530
vt 0.861479 0.052228
vt 0.866670 0.039697
vt 0.874205 0.028419
vt 0.895073 0.011293
vt 0.907604 0.006103
vt 0.920906 0.003457
vt 0.934470 0.003457
vt 0.947772 0.006103
vt 0.960303 0.011293
vt 0.971580 0.018829
s 1
usemtl 体
f 65/1/1 514/2/2 66/3/3
f 68/4/4 66/3/3 160/5/5
f 69/6/6 67/7/7 65/1/1
f 71/8/8 65/1/1 68/4/4
f 72/9/9 70/10/10 69/6/6
f 72/9/9 71/8/8 74/11/11
f 76/12/12 72/9/9 75/13/13
f 75/13/13 74/11/11 77/14/14
f 78/15/15 76/12/12 75/13/13
f 78/15/15 77/14/14 80/16/16
f 81/17/17 79/18/18 78/15/15
f 81/17/17 80/16/16 83/19/19
f 85/20/20 81/17/17 84/21/21
f 84/21/21 83/19/19 86/22/22
f 87/23/23 85/20/20 84/21/21
f 87/23/23 86/22/22 89/24/24
f 91/25/25 87/23/23 90/26/26
f 90/26/26 89/24/24 92/27/27
f 93/28/28 91/29/25 90/30/26
f 93/28/28 92/31/27 95/32/29
f 97/33/30 93/28/28 96/34/31
f 96/34/31 95/32/29 98/35/32
f 100/36/33 96/34/31 99/37/34
f 99/37/34 98/35/32 101/38/35
f 102/39/36 100/36/33 99/37/34
f 104/40/37 99/37/34 101/38/35
f 105/41/38 103/42/39 102/39/36
f 105/41/38 104/40/37 107/43/40
f 108/44/41 106/45/42 105/41/38
f 110/46/43 105/41/38 107/43/40
f 112/47/44 108/44/41 111/48/45
f 111/48/45 110/46/43 113/49/46
f 115/50/47 111/48/45 114/51/48
f 116/52/49 111/48/45 113/49/46
f 118/53/50 114/51/48 117/54/51
f 119/55/52 114/51/48 116/52/49
f 120/56/53 118/53/50 117/54/51
f 122/57/54 117/54/51 119/55/52
f 124/58/55 120/56/53 123/59/56
f 125/60/57 120/56/53 122/57/54
f 126/61/58 124/58/55 123/59/56
f 126/61/58 125/60/57 128/62/59
f 130/63/60 126/61/58 129/64/61
f 129/64/61 128/62/59 131/65/62
f 132/66/63 130/63/60 129/64/61
f 132/66/63 131/65/62 134/67/64
f 136/68/65 132/66/63 135/69/66
f 135/69/66 134/67/64 137/70/67
f 138/71/68 136/68/65 135/69/66
f 138/71/68 137/70/67 140/72/69
f 142/73/70 138/71/68 141/74/71
f 141/74/71 140/72/69 143/75/72
f 145/76/73 141/74/71 144/77/74
f 144/77/74 143/75/72 146/78/75
f 147/79/76 145/76/73 144/77/74
f 149/80/77 144/77/74 146/78/75
f 151/81/78 147/79/76 150/82/79
f 152/83/80 147/79/76 149/80/77
f 154/84/81 150/82/79 153/85/82
f 153/85/82 152/83/80 155/86/83
f 157/87/84 153/85/82 156/88/85
f 156/88/85 155/86/83 158/89/86
f 514/2/2 156/88/85 66/3/3
f 160/5/5 156/88/85 158/89/86
f 160/5/5 159/90/87 161/91/88
f 158/89/86 221/92/89 159/90/87
f 163/93/90 160/5/5 161/91/88
f 164/94/91 161/91/88 162/95/92
f 161/91/88 224/96/93 162/95/92
f 165/97/94 68/4/4 163/93/90
f 166/98/95 163/93/90 164/94/91
f 167/99/96 71/8/8 165/97/94
f 167/99/96 166/98/95 168/100/97
f 169/101/98 74/11/11 167/99/96
f 169/101/98 168/100/97 170/102/99
f 171/103/100 77/14/14 169/101/98
f 171/103/100 170/102/99 172/104/101
f 173/105/102 80/16/16 171/103/100
f 173/105/102 172/104/101 174/106/103
f 175/107/104 83/19/19 173/105/102
f 175/107/104 174/106/103 176/108/105
f 177/109/106 86/22/22 175/107/104
f 177/109/106 176/108/105 178/110/107
f 179/111/108 89/24/24 177/109/106
f 179/111/108 178/110/107 180/112/109
f 95/32/29 179/113/108 181/114/110
f 181/114/110 180/115/109 182/116/111
f 183/117/112 95/32/29 181/114/110
f 183/117/112 182/116/111 184/118/113
f 101/38/35 183/117/112 185/119/114
f 185/119/114 184/118/113 186/120/115
f 187/121/116 101/38/35 185/119/114
f 187/121/116 186/120/115 188/122/117
f 189/123/118 104/40/37 187/121/116
f 189/123/118 188/122/117 190/124/119
f 191/125/120 107/43/40 189/123/118
f 191/125/120 190/124/119 192/126/121
f 193/127/122 110/46/43 191/125/120
f 193/127/122 192/126/121 194/128/123
f 195/129/124 113/49/46 193/127/122
f 195/129/124 194/128/123 196/130/125
f 119/55/52 195/129/124 197/131/126
f 197/131/126 196/130/125 198/132/127
f 122/57/54 197/131/126 199/133/128
f 199/133/128 198/132/127 200/134/129
f 125/60/57 199/133/128 201/135/130
f 201/135/130 200/134/129 202/136/131
f 128/62/59 201/135/130 203/137/132
f 203/137/132 202/136/131 204/138/133
f 205/139/134 128/62/59 203/137/132
f 205/139/134 204/138/133 206/140/135
f 207/141/136 131/65/62 205/139/134
f 207/141/136 206/140/135 208/142/137
f 209/143/138 134/67/64 207/141/136
f 209/143/138 208/142/137 210/144/139
f 140/72/69 209/143/138 211/145/140
f 211/145/140 210/144/139 212/146/141
f 213/147/142 140/72/69 211/145/140
f 213/147/142 212/146/141 214/148/143
f 215/149/144 143/75/72 213/147/142
f 215/149/144 214/148/143 216/150/145
f 217/151/146 146/78/75 215/149/144
f 217/151/146 216/150/145 218/152/147
f 219/153/148 149/80/77 217/151/146
f 219/153/148 218/152/147 220/154/149
f 221/92/89 152/83/80 219/153/148
f 221/92/89 220/154/149 222/155/150
f 159/90/87 222/155/150 224/96/93
f 224/96/93 223/156/151 225/157/152
f 223/156/151 220/154/149 285/158/153
f 227/159/154 224/96/93 225/157/152
f 228/160/155 225/157/152 226/161/156
f 226/161/156 223/156/151 288/162/157
f 164/94/91 227/159/154 229/163/158
f 230/164/159 227/159/154 228/160/155
f 232/165/160 229/163/158 230/164/159
f 231/166/161 164/94/91 229/163/158
f 233/167/162 166/98/95 231/166/161
f 233/167/162 232/165/160 234/168/163
f 235/169/164 168/100/97 233/167/162
f 236/170/165 233/167/162 234/168/163
f 237/171/166 170/102/99 235/169/164
f 238/172/167 235/169/164 236/170/165
f 239/173/168 172/104/101 237/171/166
f 240/174/169 237/171/166 238/172/167
f 241/175/170 174/106/103 239/173/168
f 242/176/171 239/173/168 240/174/169
f 243/177/172 176/108/105 241/175/170
f 244/178/173 241/175/170 242/176/171
f 245/179/174 178/110/107 243/177/172
f 246/180/175 243/177/172 244/178/173
f 247/181/176 180/115/109 245/182/174
f 248/183/177 245/182/174 246/184/175
f 249/185/178 182/116/111 247/181/176
f 250/186/179 247/181/176 248/183/177
f 251/187/180 184/118/113 249/185/178
f 252/188/181 249/185/178 250/186/179
f 253/189/182 186/120/115 251/187/180
f 254/190/183 251/187/180 252/188/181
f 255/191/184 188/122/117 253/189/182
f 256/192/185 253/189/182 254/190/183
f 257/193/186 190/124/119 255/191/184
f 258/194/187 255/191/184 256/192/185
f 259/195/188 192/126/121 257/193/186
f 260/196/189 257/193/186 258/194/187
f 261/197/190 194/128/123 259/195/188
f 262/198/191 259/195/188 260/196/189
f 263/199/192 196/130/125 261/197/190
f 264/200/193 261/197/190 262/198/191
f 265/201/194 198/132/127 263/199/192
f 266/202/195 263/199/192 264/200/193
f 267/203/196 200/134/129 265/201/194
f 268/204/197 265/201/194 266/202/195
f 269/205/198 202/136/131 267/203/196
f 270/206/199 267/203/196 268/204/197
f 271/207/200 204/138/133 269/205/198
f 272/208/201 269/205/198 270/206/199
f 273/209/202 206/140/135 271/207/200
f 274/210/203 271/207/200 272/208/201
f 275/211/204 208/142/137 273/209/202
f 276/212/205 273/209/202 274/210/203
f 277/213/206 210/144/139 275/211/204
f 278/214/207 275/211/204 276/212/205
f 279/215/208 212/146/141 277/213/206
f 280/216/209 277/213/206 278/214/207
f 281/217/210 214/148/143 279/215/208
f 282/218/211 279/215/208 280/216/209
f 283/219/212 216/150/145 281/217/210
f 284/220/213 281/217/210 282/218/211
f 285/158/153 218/152/147 283/219/212
f 286/221/214 283/219/212 284/220/213
f 288/162/157 285/158/153 286/221/214
f 288/162/157 287/222/215 289/223/216
f 286/221/214 349/224/217 287/222/215
f 226/161/156 289/223/216 291/225/218
f 292/226/219 289/223/216 290/227/220
f 289/223/216 352/228/221 290/227/220
f 228/160/155 291/225/218 293/229/222
f 293/229/222 292/226/219 294/230/223
f 230/164/159 293/229/222 295/231/224
f 296/232/225 293/229/222 294/230/223
f 232/165/160 295/231/224 297/233/226
f 297/233/226 296/232/225 298/234/227
f 299/235/228 232/165/160 297/233/226
f 299/235/228 298/234/227 300/236/229
f 236/170/165 299/235/228 301/237/230
f 301/237/230 300/236/229 302/238/231
f 238/172/167 301/237/230 303/239/232
f 303/239/232 302/238/231 304/240/233
f 240/174/169 303/239/232 305/241/234
f 305/241/234 304/240/233 306/242/235
f 242/176/171 305/241/234 307/243/236
f 307/243/236 306/242/235 308/244/237
f 244/178/173 307/243/236 309/245/238
f 309/245/238 308/244/237 310/246/239
f 246/180/175 309/245/238 311/247/240
f 311/247/240 310/246/239 312/248/241
f 248/183/177 311/249/240 313/250/242
f 313/250/242 312/251/241 314/252/243
f 250/186/179 313/250/242 315/253/244
f 315/253/244 314/252/243 316/254/245
f 252/188/181 315/253/244 317/255/246
f 317/255/246 316/254/245 318/256/247
f 254/190/183 317/255/246 319/257/248
f 319/257/248 318/256/247 320/258/249
f 256/192/185 319/257/248 321/259/250
f 321/259/250 320/258/249 322/260/251
f 258/194/187 321/259/250 323/261/252
f 323/261/252 322/260/251 324/262/253
f 260/196/189 323/261/252 325/263/254
f 325/263/254 324/262/253 326/264/255
f 262/198/191 325/263/254 327/265/256
f 327/265/256 326/264/255 328/266/257
f 264/200/193 327/265/256 329/267/258
f 329/267/258 328/266/257 330/268/259
f 266/202/195 329/267/258 331/269/260
f 331/269/260 330/268/259 332/270/261
f 268/204/197 331/269/260 333/271/262
f 333/271/262 332/270/261 334/272/263
f 270/206/199 333/271/262 335/273/264
f 335/273/264 334/272/263 336/274/265
f 272/208/201 335/273/264 337/275/266
f 337/275/266 336/274/265 338/276/267
f 274/210/203 337/275/266 339/277/268
f 339/277/268 338/276/267 340/278/269
f 276/212/205 339/277/268 341/279/270
f 341/279/270 340/278/269 342/280/271
f 278/214/207 341/279/270 343/281/272
f 343/281/272 342/280/271 344/282/273
f 280/216/209 343/281/272 345/283/274
f 345/283/274 344/282/273 346/284/275
f 282/218/211 345/283/274 347/285/276
f 347/285/276 346/284/275 348/286/277
f 284/220/213 347/285/276 349/224/217
f 349/224/217 348/286/277 350/287/278
f 287/222/215 350/287/278 352/228/221
f 353/288/279 350/287/278 351/289/280
f 351/289/280 348/286/277 413/290/281
f 355/291/282 352/228/221 353/288/279
f 355/291/282 354/292/283 356/293/284
f 353/288/279 416/294/285 354/292/283
f 357/295/286 290/227/220 355/291/282
f 358/296/287 355/291/282 356/293/284
f 359/297/288 292/226/219 357/295/286
f 360/298/289 357/295/286 358/296/287
f 296/232/225 359/297/288 361/299/290
f 361/299/290 360/298/289 362/300/291
f 298/234/227 361/299/290 363/301/292
f 363/301/292 362/300/291 364/302/293
f 365/303/294 298/234/227 363/301/292
f 365/303/294 364/302/293 366/304/295
f 367/305/296 300/236/229 365/303/294
f 367/305/296 366/304/295 368/306/297
f 369/307/298 302/238/231 367/305/296
f 369/307/298 368/306/297 370/308/299
f 371/309/300 304/240/233 369/307/298
f 371/309/300 370/308/299 372/310/301
f 373/311/302 306/242/235 371/309/300
f 373/311/302 372/310/301 374/312/303
f 375/313/304 308/244/237 373/311/302
f 375/313/304 374/312/303 376/314/305
f 377/315/306 310/246/239 375/313/304
f 377/315/306 376/314/305 378/316/307
f 379/317/308 312/251/241 377/318/306
f 379/317/308 378/319/307 380/320/309
f 381/321/310 314/252/243 379/317/308
f 381/321/310 380/320/309 382/322/311
f 383/323/312 316/254/245 381/321/310
f 384/324/313 381/321/310 382/322/311
f 385/325/314 318/256/247 383/323/312
f 385/325/314 384/324/313 386/326/315
f 387/327/316 320/258/249 385/325/314
f 387/327/316 386/326/315 388/328/317
f 389/329/318 322/260/251 387/327/316
f 389/329/318 388/328/317 390/330/319
f 391/331/320 324/262/253 389/329/318
f 391/331/320 390/330/319 392/332/321
f 393/333/322 326/264/255 391/331/320
f 393/333/322 392/332/321 394/334/323
f 395/335/324 328/266/257 393/333/322
f 396/336/325 393/333/322 394/334/323
f 397/337/326 330/268/259 395/335/324
f 398/338/327 395/335/324 396/336/325
f 399/339/328 332/270/261 397/337/326
f 399/339/328 398/338/327 400/340/329
f 401/341/330 334/272/263 399/339/328
f 402/342/331 399/339/328 400/340/329
f 403/343/332 336/274/265 401/341/330
f 403/343/332 402/342/331 404/344/333
f 405/345/334 338/276/267 403/343/332
f 405/345/334 404/344/333 406/346/335
f 407/347/336 340/278/269 405/345/334
f 407/347/336 406/346/335 408/348/337
f 409/349/338 342/280/271 407/347/336
f 410/350/339 407/347/336 408/348/337
f 411/351/340 344/282/273 409/349/338
f 411/351/340 410/350/339 412/352/341
f 413/290/281 346/284/275 411/351/340
f 413/290/281 412/352/341 414/353/342
f 351/289/280 414/353/342 416/294/285
f 416/294/285 415/354/343 417/355/344
f 415/354/343 412/352/341 477/356/345
f 354/292/283 417/355/344 419/357/346
f 420/358/347 417/355/344 418/359/348
f 417/355/344 480/360/349 418/359/348
f 421/361/350 354/292/283 419/357/346
f 422/362/351 419/357/346 420/358/347
f 423/363/352 356/293/284 421/361/350
f 423/363/352 422/362/351 424/364/353
f 360/298/289 423/363/352 425/365/354
f 426/366/355 423/363/352 424/364/353
f 362/300/291 425/365/354 427/367/356
f 427/367/356 426/366/355 428/368/357
f 429/369/358 362/300/291 427/367/356
f 429/369/358 428/368/357 430/370/359
f 431/371/360 364/302/293 429/369/358
f 431/371/360 430/370/359 432/372/361
f 433/373/362 366/304/295 431/371/360
f 433/373/362 432/372/361 434/374/363
f 435/375/364 368/306/297 433/373/362
f 435/375/364 434/374/363 436/376/365
f 437/377/366 370/308/299 435/375/364
f 437/377/366 436/376/365 438/378/367
f 439/379/368 372/310/301 437/377/366
f 440/380/369 437/377/366 438/378/367
f 441/381/370 374/312/303 439/379/368
f 441/381/370 440/380/369 442/382/371
f 443/383/372 376/314/305 441/381/370
f 444/384/373 441/381/370 442/382/371
f 445/385/374 378/319/307 443/386/372
f 445/385/374 444/387/373 446/388/375
f 447/389/376 380/320/309 445/385/374
f 448/390/377 445/385/374 446/388/375
f 449/391/378 382/322/311 447/389/376
f 449/391/378 448/390/377 450/392/379
f 386/326/315 449/391/378 451/393/380
f 451/393/380 450/392/379 452/394/381
f 453/395/382 386/326/315 451/393/380
f 453/395/382 452/394/381 454/396/383
f 390/330/319 453/395/382 455/397/384
f 455/397/384 454/396/383 456/398/385
f 457/399/386 390/330/319 455/397/384
f 458/400/387 455/397/384 456/398/385
f 394/334/323 457/399/386 459/401/388
f 460/402/389 457/399/386 458/400/387
f 396/336/325 459/401/388 461/403/390
f 462/404/391 459/401/388 460/402/389
f 398/338/327 461/403/390 463/405/392
f 463/405/392 462/404/391 464/406/393
f 400/340/329 463/405/392 465/407/394
f 466/408/395 463/405/392 464/406/393
f 467/409/396 400/340/329 465/407/394
f 467/409/396 466/408/395 468/410/397
f 469/411/398 402/342/331 467/409/396
f 470/412/399 467/409/396 468/410/397
f 471/413/400 404/344/333 469/411/398
f 471/413/400 470/412/399 472/414/401
f 473/415/402 406/346/335 471/413/400
f 474/416/403 471/413/400 472/414/401
f 475/417/404 408/348/337 473/415/402
f 475/417/404 474/416/403 476/418/405
f 477/356/345 410/350/339 475/417/404
f 478/419/406 475/417/404 476/418/405
f 415/354/343 478/419/406 480/360/349
f 481/420/407 478/419/406 479/421/408
f 479/421/408 476/418/405 490/422/409
f 482/423/410 480/360/349 481/420/407
f 483/424/411 482/423/412 481/420/413
f 483/425/411 481/420/413 479/421/414
f 483/426/411 501/427/415 484/428/416
f 483/429/411 484/428/416 502/430/417
f 483/431/411 485/432/418 486/433/419
f 483/434/411 512/435/420 485/432/418
f 483/436/411 486/433/419 487/437/421
f 483/438/411 487/437/421 488/439/422
f 483/440/411 488/439/422 489/441/423
f 483/442/411 489/441/423 482/423/412
f 483/443/411 479/421/414 490/422/424
f 483/444/411 490/422/424 491/445/425
f 483/446/411 491/445/425 492/447/426
f 483/448/411 492/447/426 493/449/427
f 483/450/411 493/449/427 494/451/428
f 483/452/411 494/451/428 495/453/429
f 483/454/411 495/453/429 496/455/430
f 483/456/411 496/455/430 497/457/431
f 483/458/411 497/457/431 498/459/432
f 483/460/411 498/459/432 499/461/433
f 483/462/411 499/461/433 500/463/434
f 483/464/411 500/463/434 501/427/415
f 483/465/411 502/430/417 503/466/435
f 483/467/411 503/466/435 504/468/436
f 483/469/411 504/468/436 505/470/437
f 483/471/411 505/472/437 506/473/438
f 483/474/411 506/473/438 507/475/439
f 483/476/411 507/475/439 508/477/440
f 483/478/411 508/477/440 509/479/441
f 483/480/411 509/479/441 510/481/442
f 483/482/411 510/481/442 511/483/443
f 483/484/411 511/483/443 512/435/420
f 511/483/444 430/370/359 512/435/445
f 512/435/445 428/368/357 485/432/446
f 434/374/363 511/483/444 510/481/447
f 509/479/448 434/374/363 510/481/447
f 438/378/367 509/479/448 508/477/449
f 440/380/369 508/477/449 507/475/450
f 442/382/371 507/475/450 506/473/451
f 505/472/452 442/382/371 506/473/451
f 446/388/375 505/470/452 504/468/453
f 503/466/454 446/388/375 504/468/453
f 502/430/455 448/390/377 503/466/454
f 452/394/381 502/430/455 484/428/456
f 500/463/457 454/396/383 501/427/458
f 454/396/383 484/428/456 501/427/458
f 499/461/459 456/398/385 500/463/457
f 498/459/460 458/400/387 499/461/459
f 462/404/391 498/459/460 497/457/461
f 464/406/393 497/457/461 496/455/462
f 466/408/395 496/455/462 495/453/463
f 468/410/397 495/453/463 494/451/464
f 493/449/465 468/410/397 494/451/464
f 492/447/466 470/412/399 493/449/465
f 491/445/467 472/414/401 492/447/466
f 476/418/405 491/445/467 490/422/409
f 488/439/468 420/358/347 489/441/469
f 420/358/347 482/423/410 489/441/469
f 487/437/470 422/362/351 488/439/468
f 426/366/355 487/437/470 486/433/471
f 428/368/357 486/433/471 485/432/446
f 514/2/2 513/485/472 157/87/84
f 513/485/472 154/84/81 157/87/84
f 67/7/7 515/486/473 514/2/2
f 515/486/474 516/487/475 513/485/476
f 517/488/477 516/489/475 515/486/474
f 518/490/478 67/7/7 70/10/10
f 518/490/479 516/491/475 517/488/477
f 519/492/480 70/10/10 73/493/481
f 519/492/482 516/494/475 518/490/479
f 76/12/12 519/492/480 73/493/481
f 520/495/483 516/496/475 519/492/482
f 521/497/484 76/12/12 79/18/18
f 521/497/485 516/498/475 520/495/483
f 82/499/486 521/497/484 79/18/18
f 522/500/487 516/501/475 521/497/485
f 85/20/20 522/500/488 82/499/486
f 523/502/489 516/503/475 522/500/487
f 88/504/490 523/502/491 85/20/20
f 524/505/492 516/506/475 523/502/489
f 525/507/493 88/504/490 91/25/25
f 525/507/494 516/508/475 524/505/492
f 94/509/495 525/510/493 91/29/25
f 526/511/496 516/512/475 525/510/494
f 527/513/497 94/509/495 97/33/30
f 527/513/498 516/514/475 526/511/496
f 528/515/499 97/33/30 100/36/33
f 528/515/500 516/516/475 527/513/498
f 103/42/39 528/515/499 100/36/33
f 529/517/501 516/518/475 528/515/500
f 106/45/42 529/517/502 103/42/39
f 530/519/503 516/520/475 529/517/501
f 531/521/504 106/45/42 109/522/505
f 531/521/506 516/523/475 530/519/503
f 532/524/507 109/522/505 112/47/44
f 532/524/508 516/525/475 531/521/506
f 533/526/509 112/47/44 115/50/47
f 533/526/510 516/527/475 532/524/508
f 118/53/50 533/526/509 115/50/47
f 534/528/511 516/529/475 533/526/510
f 121/530/512 534/528/513 118/53/50
f 535/531/514 516/532/475 534/528/511
f 124/58/55 535/531/515 121/530/512
f 536/533/516 516/534/475 535/531/514
f 127/535/517 536/533/518 124/58/55
f 537/536/519 516/537/475 536/533/516
f 538/538/520 127/535/517 130/63/60
f 538/538/521 516/539/475 537/536/519
f 539/540/522 130/63/60 133/541/523
f 539/540/524 516/542/475 538/538/521
f 540/543/525 133/541/523 136/68/65
f 540/543/526 516/544/475 539/540/524
f 139/545/527 540/543/525 136/68/65
f 541/546/528 516/547/475 540/543/526
f 542/548/529 139/545/527 142/73/70
f 542/548/530 516/549/475 541/546/528
f 543/550/531 142/73/70 145/76/73
f 543/550/532 516/551/475 542/548/530
f 544/552/533 516/553/475 543/550/532
f 544/552/534 145/76/73 148/554/535
f 151/81/78 544/552/534 148/554/535
f 545/555/536 516/556/475 544/552/533
f 546/557/537 151/81/78 154/84/81
f 546/557/538 516/558/475 545/555/536
f 513/485/476 516/559/475 546/557/538
f 550/560/4 548/561/3 642/562/5
f 547/563/1 996/564/539 548/561/3
f 551/565/6 549/566/7 547/563/1
f 553/567/8 547/563/1 550/560/4
f 554/568/9 552/569/10 551/565/6
f 556/570/11 551/565/6 553/567/8
f 557/571/540 555/572/481 554/568/9
f 557/571/540 556/570/11 559/573/14
f 560/574/15 558/575/12 557/571/540
f 560/574/15 559/573/14 562/576/16
f 563/577/17 561/578/541 560/574/15
f 563/577/17 562/576/16 565/579/19
f 567/580/20 563/577/17 566/581/21
f 566/581/21 565/579/19 568/582/22
f 569/583/23 567/580/20 566/581/21
f 569/583/23 568/582/22 571/584/24
f 572/585/26 570/586/490 569/583/23
f 572/585/26 571/584/24 574/587/27
f 576/588/495 572/589/26 575/590/28
f 575/590/28 574/591/27 577/592/29
f 578/593/31 576/588/495 575/590/28
f 578/593/31 577/592/29 580/594/32
f 581/595/34 579/596/30 578/593/31
f 581/595/34 580/594/32 583/597/35
f 584/598/36 582/599/33 581/595/34
f 584/598/36 583/597/35 586/600/37
f 587/601/38 585/602/542 584/598/36
f 587/601/38 586/600/37 589/603/40
f 591/604/505 587/601/38 590/605/41
f 590/605/41 589/603/40 592/606/43
f 594/607/44 590/605/41 593/608/45
f 593/608/45 592/606/43 595/609/46
f 596/610/48 594/607/44 593/608/45
f 596/610/48 595/609/46 598/611/49
f 600/612/50 596/610/48 599/613/51
f 599/613/51 598/611/49 601/614/52
f 602/615/53 600/612/50 599/613/51
f 602/615/53 601/614/52 604/616/54
f 606/617/55 602/615/53 605/618/56
f 605/618/56 604/616/54 607/619/57
f 609/620/517 605/618/56 608/621/58
f 610/622/59 605/618/56 607/619/57
f 612/623/60 608/621/58 611/624/61
f 611/624/61 610/622/59 613/625/62
f 615/626/523 611/624/61 614/627/63
f 614/627/63 613/625/62 616/628/64
f 618/629/65 614/627/63 617/630/66
f 617/630/66 616/628/64 619/631/67
f 620/632/68 618/629/65 617/630/66
f 620/632/68 619/631/67 622/633/69
f 623/634/71 621/635/527 620/632/68
f 623/634/71 622/633/69 625/636/72
f 626/637/74 624/638/70 623/634/71
f 628/639/75 623/634/71 625/636/72
f 629/640/76 627/641/73 626/637/74
f 629/640/76 628/639/75 631/642/77
f 632/643/79 630/644/535 629/640/76
f 632/643/79 631/642/77 634/645/80
f 635/646/82 633/647/543 632/643/79
f 635/646/82 634/645/80 637/648/83
f 638/649/85 636/650/81 635/646/82
f 640/651/86 635/646/82 637/648/83
f 996/564/539 638/649/85 548/561/3
f 642/562/5 638/649/85 640/651/86
f 640/651/86 703/652/89 641/653/87
f 643/654/88 640/651/86 641/653/87
f 645/655/90 642/562/5 643/654/88
f 643/654/88 706/656/93 644/657/92
f 646/658/91 643/654/88 644/657/92
f 647/659/94 550/560/4 645/655/90
f 648/660/95 645/655/90 646/658/91
f 649/661/96 553/567/8 647/659/94
f 649/661/96 648/660/95 650/662/97
f 559/573/14 649/661/96 651/663/98
f 651/663/98 650/662/97 652/664/99
f 653/665/100 559/573/14 651/663/98
f 653/665/100 652/664/99 654/666/101
f 655/667/102 562/576/16 653/665/100
f 655/667/102 654/666/101 656/668/103
f 657/669/104 565/579/19 655/667/102
f 657/669/104 656/668/103 658/670/105
f 659/671/106 568/582/22 657/669/104
f 659/671/106 658/670/105 660/672/107
f 661/673/544 571/584/24 659/671/106
f 661/673/544 660/672/107 662/674/109
f 663/675/110 574/591/27 661/676/544
f 663/675/110 662/677/109 664/678/111
f 665/679/112 577/592/29 663/675/110
f 665/679/112 664/678/111 666/680/545
f 667/681/114 580/594/32 665/679/112
f 667/681/114 666/680/545 668/682/115
f 669/683/116 583/597/35 667/681/114
f 669/683/116 668/682/115 670/684/117
f 671/685/118 586/600/37 669/683/116
f 671/685/118 670/684/117 672/686/119
f 673/687/120 589/603/40 671/685/118
f 673/687/120 672/686/119 674/688/121
f 675/689/122 592/606/43 673/687/120
f 675/689/122 674/688/121 676/690/123
f 677/691/124 595/609/46 675/689/122
f 677/691/124 676/690/123 678/692/125
f 601/614/52 677/691/124 679/693/126
f 679/693/126 678/692/125 680/694/127
f 681/695/128 601/614/52 679/693/126
f 681/695/128 680/694/127 682/696/129
f 683/697/130 604/616/54 681/695/128
f 683/697/130 682/696/129 684/698/131
f 685/699/132 607/619/57 683/697/130
f 685/699/132 684/698/131 686/700/133
f 613/625/62 685/699/132 687/701/134
f 687/701/134 686/700/133 688/702/135
f 689/703/136 613/625/62 687/701/134
f 689/703/136 688/702/135 690/704/137
f 619/631/67 689/703/136 691/705/138
f 691/705/138 690/704/137 692/706/139
f 693/707/140 619/631/67 691/705/138
f 693/707/140 692/706/139 694/708/141
f 695/709/142 622/633/69 693/707/140
f 695/709/142 694/708/141 696/710/143
f 697/711/144 625/636/72 695/709/142
f 697/711/144 696/710/143 698/712/546
f 631/642/77 697/711/144 699/713/146
f 699/713/146 698/712/546 700/714/147
f 701/715/148 631/642/77 699/713/146
f 701/715/148 700/714/147 702/716/149
f 703/652/89 634/645/80 701/715/148
f 703/652/89 702/716/149 704/717/150
f 641/653/87 704/717/150 706/656/93
f 705/718/151 702/716/149 767/719/153
f 707/720/152 704/717/150 705/718/151
f 709/721/154 706/656/93 707/720/152
f 707/720/152 770/722/157 708/723/156
f 709/721/154 708/723/156 710/724/155
f 646/658/91 709/721/154 711/725/158
f 712/726/159 709/721/154 710/724/155
f 714/727/160 711/725/158 712/726/159
f 713/728/161 646/658/91 711/725/158
f 715/729/162 648/660/95 713/728/161
f 716/730/163 713/728/161 714/727/160
f 717/731/164 650/662/97 715/729/162
f 718/732/165 715/729/162 716/730/163
f 719/733/166 652/664/99 717/731/164
f 720/734/167 717/731/164 718/732/165
f 721/735/168 654/666/101 719/733/166
f 722/736/169 719/733/166 720/734/167
f 723/737/170 656/668/103 721/735/168
f 724/738/171 721/735/168 722/736/169
f 725/739/172 658/670/105 723/737/170
f 726/740/173 723/737/170 724/738/171
f 727/741/174 660/672/107 725/739/172
f 728/742/175 725/739/172 726/740/173
f 729/743/176 662/677/109 727/744/174
f 730/745/177 727/744/174 728/746/175
f 731/747/178 664/678/111 729/743/176
f 732/748/179 729/743/176 730/745/177
f 733/749/180 666/680/545 731/747/178
f 734/750/181 731/747/178 732/748/179
f 735/751/182 668/682/115 733/749/180
f 736/752/183 733/749/180 734/750/181
f 737/753/184 670/684/117 735/751/182
f 738/754/185 735/751/182 736/752/183
f 739/755/186 672/686/119 737/753/184
f 740/756/187 737/753/184 738/754/185
f 741/757/188 674/688/121 739/755/186
f 742/758/189 739/755/186 740/756/187
f 678/692/125 741/757/188 743/759/190
f 744/760/191 741/757/188 742/758/189
f 745/761/192 678/692/125 743/759/190
f 746/762/193 743/759/190 744/760/191
f 747/763/194 680/694/127 745/761/192
f 747/763/194 746/762/193 748/764/195
f 749/765/196 682/696/129 747/763/194
f 749/765/196 748/764/195 750/766/197
f 751/767/198 684/698/131 749/765/196
f 752/768/199 749/765/196 750/766/197
f 753/769/200 686/700/133 751/767/198
f 754/770/201 751/767/198 752/768/199
f 755/771/202 688/702/135 753/769/200
f 756/772/203 753/769/200 754/770/201
f 757/773/204 690/704/137 755/771/202
f 758/774/205 755/771/202 756/772/203
f 759/775/206 692/706/139 757/773/204
f 760/776/207 757/773/204 758/774/205
f 761/777/208 694/708/141 759/775/206
f 762/778/209 759/775/206 760/776/207
f 763/779/210 696/710/143 761/777/208
f 764/780/211 761/777/208 762/778/209
f 765/781/212 698/712/546 763/779/210
f 766/782/213 763/779/210 764/780/211
f 767/719/153 700/714/147 765/781/212
f 768/783/214 765/781/212 766/782/213
f 770/722/157 767/719/153 768/783/214
f 768/783/214 831/784/217 769/785/215
f 770/722/157 769/785/215 771/786/216
f 708/723/156 771/786/216 773/787/218
f 771/786/216 834/788/221 772/789/220
f 773/787/218 772/789/220 774/790/219
f 775/791/222 708/723/156 773/787/218
f 775/791/222 774/790/219 776/792/223
f 712/726/159 775/791/222 777/793/224
f 778/794/225 775/791/222 776/792/223
f 714/727/160 777/793/224 779/795/226
f 779/795/226 778/794/225 780/796/227
f 716/730/163 779/795/226 781/797/228
f 781/797/228 780/796/227 782/798/229
f 718/732/165 781/797/228 783/799/230
f 783/799/230 782/798/229 784/800/231
f 720/734/167 783/799/230 785/801/232
f 785/801/232 784/800/231 786/802/233
f 722/736/169 785/801/232 787/803/234
f 787/803/234 786/802/233 788/804/235
f 724/738/171 787/803/234 789/805/236
f 789/805/236 788/804/235 790/806/237
f 726/740/173 789/805/236 791/807/238
f 791/807/238 790/806/237 792/808/239
f 728/742/175 791/807/238 793/809/240
f 793/809/240 792/808/239 794/810/241
f 730/745/177 793/811/240 795/812/242
f 795/812/242 794/813/241 796/814/243
f 732/748/179 795/812/242 797/815/244
f 797/815/244 796/814/243 798/816/547
f 734/750/181 797/815/244 799/817/246
f 799/817/246 798/816/547 800/818/247
f 736/752/183 799/817/246 801/819/248
f 801/819/248 800/818/247 802/820/249
f 738/754/185 801/819/248 803/821/250
f 803/821/250 802/820/249 804/822/251
f 740/756/187 803/821/250 805/823/252
f 805/823/252 804/822/251 806/824/253
f 742/758/189 805/823/252 807/825/254
f 807/825/254 806/824/253 808/826/255
f 744/760/191 807/825/254 809/827/256
f 810/828/257 807/825/254 808/826/255
f 746/762/193 809/827/256 811/829/258
f 811/829/258 810/828/257 812/830/259
f 813/831/260 746/762/193 811/829/258
f 813/831/260 812/830/259 814/832/261
f 815/833/262 748/764/195 813/831/260
f 815/833/262 814/832/261 816/834/263
f 752/768/199 815/833/262 817/835/264
f 817/835/264 816/834/263 818/836/265
f 754/770/201 817/835/264 819/837/266
f 819/837/266 818/836/265 820/838/267
f 756/772/203 819/837/266 821/839/268
f 821/839/268 820/838/267 822/840/269
f 758/774/205 821/839/268 823/841/270
f 823/841/270 822/840/269 824/842/271
f 760/776/207 823/841/270 825/843/272
f 825/843/272 824/842/271 826/844/273
f 762/778/209 825/843/272 827/845/274
f 827/845/274 826/844/273 828/846/275
f 764/780/211 827/845/274 829/847/276
f 829/847/276 828/846/275 830/848/277
f 766/782/213 829/847/276 831/784/217
f 831/784/217 830/848/277 832/849/278
f 769/785/215 832/849/278 834/788/221
f 833/850/280 830/848/277 895/851/281
f 835/852/279 832/849/278 833/850/280
f 837/853/282 834/788/221 835/852/279
f 835/852/279 898/854/285 836/855/283
f 837/853/282 836/855/283 838/856/284
f 839/857/286 772/789/220 837/853/282
f 840/858/287 837/853/282 838/856/284
f 841/859/288 774/790/219 839/857/286
f 841/859/288 840/858/287 842/860/289
f 778/794/225 841/859/288 843/861/290
f 843/861/290 842/860/289 844/862/291
f 780/796/227 843/861/290 845/863/292
f 845/863/292 844/862/291 846/864/293
f 847/865/294 780/796/227 845/863/292
f 847/865/294 846/864/293 848/866/295
f 849/867/296 782/798/229 847/865/294
f 850/868/297 847/865/294 848/866/295
f 851/869/298 784/800/231 849/867/296
f 851/869/298 850/868/297 852/870/299
f 853/871/300 786/802/233 851/869/298
f 853/871/300 852/870/299 854/872/301
f 855/873/302 788/804/235 853/871/300
f 855/873/302 854/872/301 856/874/303
f 857/875/304 790/806/237 855/873/302
f 857/875/304 856/874/303 858/876/305
f 859/877/306 792/808/239 857/875/304
f 859/877/306 858/876/305 860/878/307
f 861/879/308 794/813/241 859/880/306
f 861/879/308 860/881/307 862/882/309
f 863/883/310 796/814/243 861/879/308
f 863/883/310 862/882/309 864/884/311
f 865/885/312 798/816/547 863/883/310
f 865/885/312 864/884/311 866/886/313
f 867/887/314 800/818/247 865/885/312
f 867/887/314 866/886/313 868/888/315
f 869/889/316 802/820/249 867/887/314
f 869/889/316 868/888/315 870/890/317
f 871/891/318 804/822/251 869/889/316
f 871/891/318 870/890/317 872/892/319
f 873/893/320 806/824/253 871/891/318
f 873/893/320 872/892/319 874/894/321
f 875/895/322 808/826/255 873/893/320
f 875/895/322 874/894/321 876/896/323
f 877/897/324 810/828/257 875/895/322
f 878/898/325 875/895/322 876/896/323
f 879/899/326 812/830/259 877/897/324
f 879/899/326 878/898/325 880/900/327
f 881/901/328 814/832/261 879/899/326
f 881/901/328 880/900/327 882/902/329
f 883/903/330 816/834/263 881/901/328
f 883/903/330 882/902/329 884/904/331
f 885/905/332 818/836/265 883/903/330
f 886/906/333 883/903/330 884/904/331
f 887/907/334 820/838/267 885/905/332
f 887/907/334 886/906/333 888/908/335
f 889/909/336 822/840/269 887/907/334
f 890/910/337 887/907/334 888/908/335
f 891/911/338 824/842/271 889/909/336
f 891/911/338 890/910/337 892/912/339
f 893/913/340 826/844/273 891/911/338
f 893/913/340 892/912/339 894/914/341
f 895/851/281 828/846/275 893/913/340
f 895/851/281 894/914/341 896/915/342
f 833/850/280 896/915/342 898/854/285
f 896/915/342 959/916/345 897/917/343
f 899/918/344 896/915/342 897/917/343
f 901/919/346 898/854/285 899/918/344
f 899/918/344 962/920/349 900/921/348
f 901/919/346 900/921/348 902/922/548
f 903/923/350 836/855/283 901/919/346
f 903/923/350 902/922/548 904/924/351
f 840/858/287 903/923/350 905/925/352
f 905/925/352 904/924/351 906/926/353
f 842/860/289 905/925/352 907/927/354
f 908/928/355 905/925/352 906/926/353
f 844/862/291 907/927/354 909/929/356
f 909/929/356 908/928/355 910/930/357
f 911/931/358 844/862/291 909/929/356
f 911/931/358 910/930/357 912/932/359
f 848/866/295 911/931/358 913/933/360
f 913/933/360 912/932/359 914/934/361
f 915/935/362 848/866/295 913/933/360
f 915/935/362 914/934/361 916/936/363
f 917/937/364 850/868/297 915/935/362
f 917/937/364 916/936/363 918/938/549
f 919/939/366 852/870/299 917/937/364
f 919/939/366 918/938/549 920/940/367
f 921/941/368 854/872/301 919/939/366
f 922/942/369 919/939/366 920/940/367
f 923/943/370 856/874/303 921/941/368
f 923/943/370 922/942/369 924/944/371
f 925/945/372 858/876/305 923/943/370
f 925/945/372 924/944/371 926/946/373
f 927/947/374 860/881/307 925/948/372
f 928/949/375 925/948/372 926/950/373
f 929/951/376 862/882/309 927/947/374
f 929/951/376 928/949/375 930/952/377
f 931/953/550 864/884/311 929/951/376
f 931/953/550 930/952/377 932/954/379
f 933/955/380 866/886/313 931/953/550
f 933/955/380 932/954/379 934/956/381
f 935/957/382 868/888/315 933/955/380
f 935/957/382 934/956/381 936/958/383
f 937/959/384 870/890/317 935/957/382
f 938/960/385 935/957/382 936/958/383
f 939/961/386 872/892/319 937/959/384
f 940/962/387 937/959/384 938/960/385
f 941/963/388 874/894/321 939/961/386
f 941/963/388 940/962/387 942/964/389
f 943/965/390 876/896/323 941/963/388
f 944/966/391 941/963/388 942/964/389
f 945/967/392 878/898/325 943/965/390
f 945/967/392 944/966/391 946/968/393
f 947/969/394 880/900/327 945/967/392
f 948/970/395 945/967/392 946/968/393
f 884/904/331 947/969/394 949/971/396
f 950/972/397 947/969/394 948/970/395
f 951/973/398 884/904/331 949/971/396
f 952/974/399 949/971/396 950/972/397
f 953/975/400 886/906/333 951/973/398
f 954/976/401 951/973/398 952/974/399
f 955/977/402 888/908/335 953/975/400
f 956/978/403 953/975/400 954/976/401
f 957/979/404 890/910/337 955/977/402
f 957/979/404 956/978/403 958/980/405
f 959/916/345 892/912/339 957/979/404
f 959/916/345 958/980/405 960/981/406
f 897/917/343 960/981/406 962/920/349
f 961/982/408 958/980/405 972/983/409
f 962/920/349 961/982/408 963/984/407
f 964/985/410 962/920/349 963/984/407
f 965/986/411 964/985/412 963/984/413
f 965/987/411 963/984/413 961/982/414
f 965/988/411 966/989/416 984/990/417
f 965/991/411 983/992/415 966/989/416
f 965/993/411 994/994/420 967/995/418
f 965/996/411 967/995/418 968/997/419
f 965/998/411 968/997/419 969/999/421
f 965/1000/411 969/999/421 970/1001/422
f 965/1002/411 970/1001/422 971/1003/423
f 965/1004/411 971/1003/423 964/985/412
f 965/1005/411 961/982/414 972/983/424
f 965/1006/411 972/983/424 973/1007/425
f 965/1008/411 973/1007/425 974/1009/426
f 965/1010/411 974/1009/426 975/1011/427
f 965/1012/411 975/1011/427 976/1013/428
f 965/1014/411 976/1013/428 977/1015/429
f 965/1016/411 977/1015/429 978/1017/430
f 965/1018/411 978/1017/430 979/1019/431
f 965/1020/411 979/1019/431 980/1021/432
f 965/1022/411 980/1021/432 981/1023/433
f 965/1024/411 981/1023/433 982/1025/434
f 965/1026/411 982/1025/434 983/992/415
f 965/1027/411 984/990/417 985/1028/435
f 965/1029/411 985/1028/435 986/1030/436
f 965/1031/411 986/1030/436 987/1032/437
f 965/1033/411 987/1034/437 988/1035/438
f 965/1036/411 988/1035/438 989/1037/439
f 965/1038/411 989/1037/439 990/1039/440
f 965/1040/411 990/1039/440 991/1041/441
f 965/1042/411 991/1041/441 992/1043/442
f 965/1044/411 992/1043/442 993/1045/443
f 965/1046/411 993/1045/443 994/994/420
f 912/932/359 967/995/446 994/994/445
f 914/934/361 994/994/445 993/1045/444
f 916/936/363 993/1045/444 992/1043/447
f 918/938/549 992/1043/447 991/1041/448
f 990/1039/449 918/938/549 991/1041/448
f 989/1037/450 920/940/367 990/1039/449
f 924/944/371 989/1037/450 988/1035/451
f 926/946/373 988/1035/451 987/1034/452
f 986/1030/453 926/950/373 987/1032/452
f 930/952/377 986/1030/453 985/1028/454
f 932/954/379 985/1028/454 984/990/551
f 966/989/456 932/954/379 984/990/551
f 983/992/458 934/956/381 966/989/456
f 982/1025/457 936/958/383 983/992/458
f 981/1023/459 938/960/385 982/1025/457
f 980/1021/460 940/962/387 981/1023/459
f 944/966/391 980/1021/460 979/1019/461
f 946/968/393 979/1019/461 978/1017/462
f 948/970/395 978/1017/462 977/1015/463
f 976/1013/464 948/970/395 977/1015/463
f 975/1011/552 950/972/397 976/1013/464
f 954/976/401 975/1011/552 974/1009/466
f 973/1007/467 954/976/401 974/1009/466
f 958/980/405 973/1007/467 972/983/409
f 971/1003/469 900/921/348 964/985/410
f 904/924/351 971/1003/469 970/1001/468
f 969/999/470 904/924/351 970/1001/468
f 908/928/355 969/999/470 968/997/471
f 910/930/357 968/997/471 967/995/446
f 995/1047/472 636/650/81 639/1048/84
f 996/564/539 995/1047/472 639/1048/84
f 549/566/7 997/1049/473 996/564/539
f 997/1049/474 998/1050/475 995/1047/476
f 999/1051/477 998/1052/475 997/1049/474
f 552/569/10 999/1051/553 549/566/7
f 1000/1053/479 998/1054/475 999/1051/477
f 555/572/481 1000/1053/478 552/569/10
f 1001/1055/482 998/1056/475 1000/1053/479
f 558/575/12 1001/1055/480 555/572/481
f 1002/1057/483 998/1058/475 1001/1055/482
f 561/578/541 1002/1057/554 558/575/12
f 1003/1059/485 998/1060/475 1002/1057/483
f 1004/1061/488 561/578/541 564/1062/486
f 1004/1061/487 998/1063/475 1003/1059/485
f 1005/1064/491 564/1062/486 567/580/20
f 1005/1064/489 998/1065/475 1004/1061/487
f 570/586/490 1005/1064/491 567/580/20
f 1006/1066/492 998/1067/475 1005/1064/489
f 573/1068/25 1006/1066/555 570/586/490
f 1007/1069/494 998/1070/475 1006/1066/492
f 1008/1071/556 573/1072/25 576/588/495
f 1008/1071/496 998/1073/475 1007/1074/494
f 579/596/30 1008/1071/556 576/588/495
f 1009/1075/498 998/1076/475 1008/1071/496
f 582/599/33 1009/1075/497 579/596/30
f 1010/1077/500 998/1078/475 1009/1075/498
f 1011/1079/502 582/599/33 585/602/542
f 1011/1079/501 998/1080/475 1010/1077/500
f 1012/1081/557 585/602/542 588/1082/42
f 1012/1081/503 998/1083/475 1011/1079/501
f 1013/1084/504 588/1082/42 591/604/505
f 1013/1084/506 998/1085/475 1012/1081/503
f 1014/1086/507 591/604/505 594/607/44
f 1014/1086/508 998/1087/475 1013/1084/506
f 1015/1088/509 594/607/44 597/1089/47
f 1015/1088/510 998/1090/475 1014/1086/508
f 600/612/50 1015/1088/509 597/1089/47
f 1016/1091/511 998/1092/475 1015/1088/510
f 603/1093/512 1016/1091/513 600/612/50
f 1017/1094/514 998/1095/475 1016/1091/511
f 606/617/55 1017/1094/515 603/1093/512
f 1018/1096/516 998/1097/475 1017/1094/514
f 1019/1098/558 606/617/55 609/620/517
f 1019/1098/519 998/1099/475 1018/1096/516
f 1020/1100/520 609/620/517 612/623/60
f 1020/1100/521 998/1101/475 1019/1098/519
f 615/626/523 1020/1100/520 612/623/60
f 1021/1102/524 998/1103/475 1020/1100/521
f 1022/1104/525 615/626/523 618/629/65
f 1022/1104/526 998/1105/475 1021/1102/524
f 621/635/527 1022/1104/525 618/629/65
f 1023/1106/528 998/1107/475 1022/1104/526
f 1024/1108/529 621/635/527 624/638/70
f 1024/1108/530 998/1109/475 1023/1106/528
f 627/641/73 1024/1108/529 624/638/70
f 1025/1110/532 998/1111/475 1024/1108/530
f 1026/1112/533 998/1113/475 1025/1110/532
f 1026/1112/534 627/641/73 630/644/535
f 1027/1114/559 630/644/535 633/647/543
f 1027/1114/536 998/1115/475 1026/1112/533
f 636/650/81 1027/1114/559 633/647/543
f 1028/1116/538 998/1117/475 1027/1114/536
f 995/1047/476 998/1118/475 1028/1116/538
f 1031/1119/560 1030/1120/561 1679/1121/562
f 1222/1122/475 1551/1123/475 1616/1124/475
f 1034/1125/563 1029/1126/564 1031/1119/560
f 1033/1127/565 1034/1125/563 1035/1128/566
f 1037/1129/96 1034/1125/563 1036/1130/94
f 1036/1130/94 1031/1119/560 1039/1131/90
f 1037/1129/96 1038/1132/95 1177/1133/97
f 1038/1132/95 1039/1131/90 1041/1134/91
f 1039/1131/90 1679/1121/562 1040/1135/88
f 1041/1134/91 1040/1135/88 1042/1136/92
f 1043/1137/158 1042/1136/92 1045/1138/154
f 1046/1139/161 1041/1134/91 1043/1137/158
f 1043/1137/158 1678/1140/155 1044/1141/159
f 1048/1142/160 1043/1137/158 1044/1141/159
f 1047/1143/162 1038/1132/95 1046/1139/161
f 1049/1144/163 1046/1139/161 1048/1142/160
f 1049/1144/163 1050/1145/226 1051/1146/228
f 1048/1142/160 1053/1147/224 1050/1145/226
f 1051/1146/228 1052/1148/227 1168/1149/229
f 1050/1145/226 1055/1150/225 1052/1148/227
f 1053/1147/224 1678/1140/155 1054/1151/222
f 1053/1147/224 1056/1152/223 1055/1150/225
f 1055/1150/225 1058/1153/288 1057/1154/290
f 1052/1148/227 1057/1154/290 1060/1155/292
f 1057/1154/290 1677/1156/289 1059/1157/291
f 1060/1155/292 1059/1157/291 1062/1158/293
f 1061/1159/294 1052/1148/227 1060/1155/292
f 1061/1159/294 1062/1158/293 1063/1160/295
f 1065/1161/360 1062/1158/293 1064/1162/358
f 1064/1162/358 1059/1157/291 1067/1163/356
f 1065/1161/360 1066/1164/359 1157/1165/361
f 1064/1162/358 1069/1166/357 1066/1164/359
f 1059/1157/291 1068/1167/354 1067/1163/356
f 1067/1163/356 1071/1168/355 1069/1166/357
f 1069/1166/357 1072/1169/471 1070/1170/567
f 1066/1164/359 1070/1170/567 1160/1171/445
f 1072/1169/471 1073/1172/353 1075/1173/470
f 1071/1168/355 1074/1174/352 1073/1172/353
f 1074/1174/352 1076/1175/351 1073/1172/353
f 1075/1173/470 1076/1175/351 1078/1176/468
f 1076/1175/351 1080/1177/346 1079/1178/548
f 1078/1176/468 1079/1178/548 1081/1179/469
f 1080/1177/346 1082/1180/348 1079/1178/548
f 1079/1178/548 1084/1181/410 1081/1179/469
f 1082/1180/348 1087/1182/343 1085/1183/349
f 1084/1181/410 1085/1183/349 1086/1184/407
f 1085/1183/349 1090/1185/408 1086/1184/407
f 1087/1182/343 1088/1186/406 1085/1183/349
f 1088/1186/406 1092/1187/404 1091/1188/405
f 1090/1185/408 1091/1188/405 1093/1189/409
f 1092/1187/404 1094/1190/403 1091/1188/405
f 1091/1188/405 1096/1191/467 1093/1189/409
f 1094/1190/403 1098/1192/400 1097/1193/401
f 1096/1191/467 1097/1193/401 1099/1194/466
f 1098/1192/400 1100/1195/399 1097/1193/401
f 1099/1194/466 1100/1195/399 1102/1196/552
f 1100/1195/399 1104/1197/396 1103/1198/568
f 1102/1196/552 1103/1198/568 1105/1199/464
f 1104/1197/396 1106/1200/395 1103/1198/568
f 1103/1198/568 1108/1201/463 1105/1199/464
f 1106/1200/395 1110/1202/392 1109/1203/393
f 1108/1201/463 1109/1203/393 1111/1204/462
f 1109/1203/393 1387/1205/569 1762/1206/570
f 1109/1203/393 1114/1207/461 1111/1204/462
f 1112/1208/391 1764/1209/571 1765/1210/571
f 1112/1208/391 1117/1211/460 1114/1207/461
f 1337/1212/572 1338/1213/572 1118/1214/387
f 1115/1215/389 1119/1216/459 1117/1211/460
f 1119/1216/459 1121/1217/385 1123/1218/457
f 1121/1217/385 1340/1219/573 1347/1220/574
f 1122/1221/384 1124/1222/383 1121/1217/385
f 1121/1217/385 1125/1223/458 1123/1218/457
f 1125/1223/458 1127/1224/575 1129/1225/456
f 1124/1222/383 1128/1226/380 1127/1224/575
f 1128/1226/380 1130/1227/379 1127/1224/575
f 1127/1224/575 1132/1228/455 1129/1225/456
f 1130/1227/379 1134/1229/376 1133/1230/377
f 1130/1227/379 1135/1231/454 1132/1228/455
f 1134/1229/376 1136/1232/375 1133/1230/377
f 1133/1230/377 1138/1233/453 1135/1231/454
f 1137/1234/374 1139/1235/373 1136/1232/375
f 1138/1233/453 1139/1235/373 1141/1236/452
f 1140/1237/372 1142/1238/371 1139/1239/373
f 1139/1239/373 1144/1240/451 1141/1241/452
f 1143/1242/370 1145/1243/369 1142/1238/371
f 1144/1240/451 1145/1243/369 1147/1244/450
f 1146/1245/368 1148/1246/367 1145/1243/369
f 1147/1244/450 1148/1246/367 1150/1247/449
f 1148/1246/367 1152/1248/364 1151/1249/549
f 1150/1247/449 1151/1249/549 1153/1250/448
f 1152/1248/364 1154/1251/363 1151/1249/549
f 1151/1249/549 1156/1252/447 1153/1250/448
f 1155/1253/362 1157/1165/361 1154/1251/363
f 1156/1252/447 1157/1165/361 1158/1254/444
f 1158/1254/444 1066/1164/359 1160/1171/445
f 1159/1255/411 1156/1252/442 1158/1254/443
f 1159/1256/411 1158/1254/443 1160/1171/420
f 1159/1257/411 1160/1171/420 1070/1170/418
f 1159/1258/411 1070/1170/418 1072/1169/419
f 1159/1259/411 1072/1169/419 1075/1173/421
f 1159/1260/411 1075/1173/421 1078/1176/422
f 1159/1261/411 1078/1176/422 1081/1179/423
f 1159/1262/411 1081/1179/423 1084/1181/412
f 1159/1263/411 1084/1181/412 1086/1184/413
f 1159/1264/411 1086/1184/413 1090/1185/414
f 1159/1265/411 1090/1185/414 1093/1189/424
f 1159/1266/411 1093/1189/424 1096/1191/425
f 1159/1267/411 1096/1191/425 1099/1194/426
f 1159/1268/411 1099/1194/426 1102/1196/427
f 1159/1269/411 1102/1196/427 1105/1199/428
f 1159/1270/411 1105/1199/428 1108/1201/429
f 1159/1271/411 1108/1201/429 1111/1204/430
f 1159/1272/411 1111/1204/430 1114/1207/431
f 1159/1273/411 1114/1207/431 1117/1211/432
f 1159/1274/411 1117/1211/432 1119/1216/433
f 1159/1275/411 1119/1216/433 1123/1218/434
f 1159/1276/411 1123/1218/434 1125/1223/415
f 1159/1277/411 1125/1223/415 1129/1225/416
f 1159/1278/411 1129/1225/416 1132/1228/417
f 1159/1279/411 1132/1228/417 1135/1231/435
f 1159/1280/411 1135/1231/435 1138/1233/436
f 1159/1281/411 1138/1233/436 1141/1236/437
f 1159/1282/411 1141/1241/437 1144/1240/438
f 1159/1283/411 1144/1240/438 1147/1244/439
f 1159/1284/411 1147/1244/439 1150/1247/440
f 1159/1285/411 1150/1247/440 1153/1250/441
f 1159/1286/411 1153/1250/441 1156/1252/442
f 1152/1248/364 1161/1287/297 1155/1253/362
f 1155/1253/362 1063/1160/295 1065/1161/360
f 1164/1288/298 1161/1287/297 1162/1289/299
f 1163/1290/296 1063/1160/295 1161/1287/297
f 1164/1288/298 1165/1291/231 1163/1290/296
f 1163/1290/296 1168/1149/229 1061/1159/294
f 1169/1292/232 1165/1291/231 1166/1293/233
f 1167/1294/230 1168/1149/229 1165/1291/231
f 1171/1295/167 1167/1294/230 1169/1292/232
f 1170/1296/165 1051/1146/228 1167/1294/230
f 1171/1295/167 1172/1297/164 1170/1296/165
f 1170/1296/165 1047/1143/162 1049/1144/163
f 1173/1298/166 1174/1299/99 1172/1297/164
f 1172/1297/164 1177/1133/97 1047/1143/162
f 1178/1300/100 1174/1299/99 1175/1301/101
f 1176/1302/98 1177/1133/97 1174/1299/99
f 1178/1300/100 1179/1303/576 1176/1302/98
f 1176/1302/98 1035/1128/566 1037/1129/96
f 1182/1304/577 1179/1303/576 1180/1305/578
f 1181/1306/579 1035/1128/566 1179/1303/576
f 1183/1307/580 1180/1305/578 1185/1308/581
f 1184/1309/582 1185/1308/581 1186/1310/583
f 1188/1311/104 1185/1308/581 1187/1312/102
f 1187/1312/102 1180/1305/578 1178/1300/100
f 1188/1311/104 1189/1313/103 1190/1314/105
f 1187/1312/102 1175/1301/101 1189/1313/103
f 1192/1315/170 1189/1313/103 1191/1316/168
f 1191/1316/168 1175/1301/101 1173/1298/166
f 1194/1317/171 1191/1316/168 1193/1318/169
f 1193/1318/169 1173/1298/166 1171/1295/167
f 1194/1317/171 1195/1319/234 1196/1320/236
f 1193/1318/169 1169/1292/232 1195/1319/234
f 1196/1320/236 1197/1321/235 1198/1322/237
f 1195/1319/234 1166/1293/233 1197/1321/235
f 1200/1323/302 1197/1321/235 1199/1324/300
f 1199/1324/300 1166/1293/233 1164/1288/298
f 1200/1323/302 1201/1325/301 1202/1326/303
f 1199/1324/300 1162/1289/299 1201/1325/301
f 1146/1245/368 1201/1325/301 1149/1327/366
f 1149/1327/366 1162/1289/299 1152/1248/364
f 1205/1328/304 1202/1326/303 1203/1329/305
f 1143/1242/370 1202/1326/303 1146/1245/368
f 1206/1330/306 1203/1329/305 1204/1331/307
f 1140/1237/372 1203/1329/305 1143/1242/370
f 1206/1330/306 1207/1332/239 1205/1328/304
f 1205/1328/304 1198/1322/237 1200/1323/302
f 1210/1333/240 1207/1332/239 1208/1334/241
f 1209/1335/238 1198/1322/237 1207/1332/239
f 1212/1336/175 1209/1335/238 1210/1333/240
f 1211/1337/173 1196/1320/236 1209/1335/238
f 1212/1336/175 1213/1338/172 1211/1337/173
f 1211/1337/173 1192/1315/170 1194/1317/171
f 1214/1339/174 1215/1340/107 1213/1338/172
f 1213/1338/172 1190/1314/105 1192/1315/170
f 1218/1341/108 1215/1340/107 1216/1342/109
f 1217/1343/106 1190/1314/105 1215/1340/107
f 1218/1341/108 1219/1344/584 1217/1343/106
f 1217/1343/106 1186/1310/583 1188/1311/104
f 1222/1345/585 1219/1344/584 1220/1346/586
f 1221/1347/587 1186/1310/583 1219/1344/584
f 1223/1348/588 1220/1349/586 1225/1350/589
f 1224/1351/590 1225/1350/589 1226/1352/591
f 1228/1353/112 1225/1350/589 1227/1354/110
f 1227/1354/110 1220/1349/586 1218/1355/108
f 1228/1353/112 1229/1356/111 1230/1357/113
f 1227/1354/110 1216/1358/109 1229/1356/111
f 1232/1359/178 1229/1356/111 1231/1360/176
f 1231/1360/176 1216/1358/109 1214/1361/174
f 1234/1362/179 1231/1360/176 1233/1363/177
f 1233/1363/177 1214/1361/174 1212/1364/175
f 1234/1362/179 1235/1365/242 1236/1366/244
f 1233/1363/177 1210/1367/240 1235/1365/242
f 1236/1366/244 1237/1368/243 1238/1369/245
f 1235/1365/242 1208/1370/241 1237/1368/243
f 1240/1371/310 1237/1368/243 1239/1372/308
f 1239/1372/308 1208/1370/241 1206/1373/306
f 1240/1371/310 1241/1374/309 1242/1375/311
f 1239/1372/308 1204/1376/307 1241/1374/309
f 1134/1229/376 1241/1374/309 1137/1234/374
f 1137/1234/374 1204/1376/307 1140/1377/372
f 1245/1378/312 1242/1375/311 1243/1379/313
f 1131/1380/550 1242/1375/311 1134/1229/376
f 1246/1381/314 1243/1379/313 1244/1382/315
f 1128/1226/380 1243/1379/313 1131/1380/550
f 1246/1381/314 1247/1383/247 1245/1378/312
f 1245/1378/312 1238/1369/245 1240/1371/310
f 1250/1384/248 1247/1383/247 1248/1385/249
f 1249/1386/246 1238/1369/245 1247/1383/247
f 1252/1387/183 1249/1386/246 1250/1384/248
f 1251/1388/181 1236/1366/244 1249/1386/246
f 1252/1387/183 1253/1389/180 1251/1388/181
f 1251/1388/181 1232/1359/178 1234/1362/179
f 1254/1390/182 1255/1391/115 1253/1389/180
f 1253/1389/180 1230/1357/113 1232/1359/178
f 1258/1392/116 1255/1391/115 1256/1393/117
f 1257/1394/114 1230/1357/113 1255/1391/115
f 1258/1392/116 1259/1395/592 1257/1394/114
f 1257/1394/114 1226/1352/591 1228/1353/112
f 1262/1396/593 1259/1395/592 1260/1397/594
f 1261/1398/595 1226/1352/591 1259/1395/592
f 1263/1399/596 1260/1397/594 1265/1400/597
f 1264/1401/598 1265/1400/597 1266/1402/599
f 1268/1403/120 1265/1400/597 1267/1404/118
f 1267/1404/118 1260/1397/594 1258/1392/116
f 1268/1403/120 1269/1405/119 1270/1406/121
f 1267/1404/118 1256/1393/117 1269/1405/119
f 1272/1407/186 1269/1405/119 1271/1408/184
f 1271/1408/184 1256/1393/117 1254/1390/182
f 1274/1409/187 1271/1408/184 1273/1410/185
f 1273/1410/185 1254/1390/182 1252/1387/183
f 1273/1410/185 1530/1411/600 1529/1412/600
f 1273/1410/185 1250/1384/248 1275/1413/250
f 1275/1413/250 1278/1414/601 1276/1415/602
f 1250/1384/248 1280/1416/603 1279/1417/603
f 1339/1418/604 1340/1419/605 1342/1420/606
f 1122/1221/384 1348/1421/607 1349/1422/608
f 1126/1423/382 1351/1424/609 1352/1425/609
f 1244/1382/315 1370/1426/610 1369/1427/610
f 1128/1226/380 1126/1423/382 1372/1428/611
f 1374/1429/612 1375/1430/612 1248/1385/249
f 1107/1431/394 1391/1432/613 1390/1433/613
f 1401/1434/614 1400/1435/614 1594/1436/331
f 1588/1437/265 1406/1438/615 1405/1439/615
f 1421/1440/616 1424/1441/262 1422/1442/617
f 1425/1443/264 1420/1444/618 1590/1445/618
f 1427/1446/199 1424/1441/262 1425/1443/264
f 1426/1447/197 1705/1448/619 1707/1449/619
f 1427/1446/199 1428/1450/196 1426/1447/197
f 1426/1447/197 1430/1451/194 1429/1452/195
f 1434/1453/620 1433/1454/620 1430/1451/194
f 1432/1455/621 1431/1456/622 1429/1452/195
f 1543/1457/190 1450/1458/623 1449/1459/623
f 1274/1409/187 1532/1460/624 1533/1461/625
f 1535/1462/626 1537/1463/626 1272/1407/186
f 1539/1464/188 1541/1465/627 1542/1466/628
f 1543/1457/190 1544/1467/123 1539/1464/188
f 1539/1464/188 1270/1406/121 1272/1407/186
f 1547/1468/124 1544/1467/123 1545/1469/125
f 1546/1470/122 1270/1406/121 1544/1467/123
f 1547/1468/124 1548/1471/629 1546/1470/122
f 1546/1470/122 1266/1402/599 1268/1403/120
f 1551/1123/630 1548/1471/629 1549/1472/631
f 1550/1473/632 1266/1402/599 1548/1471/629
f 1552/1474/633 1549/1472/631 1554/1475/634
f 1553/1476/635 1554/1475/634 1555/1477/636
f 1557/1478/128 1554/1475/634 1556/1479/126
f 1556/1479/126 1549/1472/631 1547/1468/124
f 1557/1478/128 1558/1480/127 1559/1481/129
f 1556/1479/126 1545/1469/125 1558/1480/127
f 1430/1451/194 1558/1480/127 1560/1482/192
f 1560/1482/192 1545/1469/125 1543/1457/190
f 1564/1483/130 1559/1481/129 1562/1484/131
f 1428/1450/196 1559/1481/129 1430/1451/194
f 1565/1485/132 1562/1484/131 1563/1486/133
f 1581/1487/198 1562/1484/131 1428/1450/196
f 1565/1485/132 1566/1488/637 1564/1483/130
f 1564/1483/130 1555/1477/636 1557/1478/128
f 1569/1489/638 1566/1488/637 1567/1490/639
f 1568/1491/640 1555/1477/636 1566/1488/637
f 1570/1492/641 1567/1490/639 1572/1493/642
f 1571/1494/643 1572/1493/642 1573/1495/644
f 1575/1496/136 1572/1493/642 1574/1497/134
f 1572/1493/642 1565/1485/132 1574/1497/134
f 1575/1496/136 1576/1498/135 1577/1499/137
f 1574/1497/134 1563/1486/133 1576/1498/135
f 1579/1500/202 1576/1498/135 1578/1501/200
f 1578/1501/200 1563/1486/133 1581/1487/198
f 1582/1502/203 1578/1501/200 1580/1503/201
f 1580/1503/201 1581/1487/198 1427/1446/199
f 1582/1502/203 1583/1504/266 1584/1505/268
f 1580/1503/201 1425/1443/264 1583/1504/266
f 1584/1505/268 1585/1506/267 1586/1507/269
f 1583/1504/266 1588/1437/265 1585/1506/267
f 1591/1508/334 1585/1506/267 1587/1509/332
f 1587/1509/332 1588/1437/265 1403/1510/330
f 1591/1508/334 1592/1511/333 1593/1512/335
f 1592/1511/333 1403/1510/330 1594/1436/331
f 1098/1192/400 1592/1511/333 1101/1513/398
f 1101/1513/398 1594/1436/331 1104/1197/396
f 1594/1436/331 1595/1514/645 1596/1515/646
f 1599/1516/336 1593/1512/335 1597/1517/337
f 1095/1518/402 1593/1512/335 1098/1192/400
f 1600/1519/338 1597/1517/337 1598/1520/339
f 1092/1187/404 1597/1517/337 1095/1518/402
f 1600/1519/338 1601/1521/271 1599/1516/336
f 1599/1516/336 1586/1507/269 1591/1508/334
f 1604/1522/272 1601/1521/271 1602/1523/273
f 1603/1524/270 1586/1507/269 1601/1521/271
f 1606/1525/207 1603/1524/270 1604/1522/272
f 1605/1526/205 1584/1505/268 1603/1524/270
f 1606/1525/207 1607/1527/204 1605/1526/205
f 1605/1526/205 1579/1500/202 1582/1502/203
f 1608/1528/206 1609/1529/139 1607/1527/204
f 1607/1527/204 1577/1499/137 1579/1500/202
f 1612/1530/647 1609/1529/139 1610/1531/141
f 1611/1532/138 1577/1499/137 1609/1529/139
f 1612/1530/647 1613/1533/648 1611/1532/138
f 1611/1532/138 1573/1495/644 1575/1496/136
f 1616/1124/649 1613/1533/648 1614/1534/650
f 1615/1535/651 1573/1495/644 1613/1533/648
f 1617/1536/652 1614/1534/650 1619/1537/653
f 1620/1538/654 1617/1536/652 1619/1537/653
f 1622/1539/144 1619/1537/653 1621/1540/142
f 1621/1540/142 1614/1534/650 1612/1530/647
f 1622/1539/144 1623/1541/143 1624/1542/145
f 1621/1540/142 1610/1531/141 1623/1541/143
f 1626/1543/210 1623/1541/143 1625/1544/208
f 1625/1544/208 1610/1531/141 1608/1528/206
f 1628/1545/211 1625/1544/208 1627/1546/209
f 1627/1546/209 1608/1528/206 1606/1525/207
f 1628/1545/211 1629/1547/274 1630/1548/276
f 1627/1546/209 1604/1522/272 1629/1547/274
f 1630/1548/276 1631/1549/275 1632/1550/655
f 1629/1547/274 1602/1523/273 1631/1549/275
f 1634/1551/281 1631/1549/275 1633/1552/340
f 1633/1552/340 1602/1523/273 1600/1519/338
f 1634/1551/281 1635/1553/341 1636/1554/342
f 1633/1552/340 1598/1520/339 1635/1553/341
f 1636/1554/342 1089/1555/345 1087/1182/343
f 1089/1555/345 1598/1520/339 1092/1187/404
f 1639/1556/280 1636/1554/342 1637/1557/285
f 1083/1558/656 1636/1554/342 1087/1182/343
f 1640/1559/279 1637/1557/285 1638/1560/283
f 1080/1177/346 1637/1557/285 1083/1558/656
f 1640/1559/279 1641/1561/278 1639/1556/280
f 1639/1556/280 1632/1550/655 1634/1551/281
f 1644/1562/215 1641/1561/278 1642/1563/221
f 1643/1564/217 1632/1550/655 1641/1561/278
f 1646/1565/214 1643/1564/217 1644/1562/215
f 1645/1566/213 1630/1548/276 1643/1564/217
f 1646/1565/214 1647/1567/212 1645/1566/213
f 1645/1566/213 1626/1543/210 1628/1545/211
f 1648/1568/153 1649/1569/147 1647/1567/212
f 1647/1567/212 1624/1542/145 1626/1543/210
f 1652/1570/148 1649/1569/147 1650/1571/149
f 1651/1572/146 1624/1542/145 1649/1569/147
f 1652/1570/148 1653/1573/657 1651/1572/146
f 1651/1572/146 1620/1538/654 1622/1539/144
f 1656/1574/658 1653/1573/657 1654/1575/659
f 1655/1576/660 1620/1538/654 1653/1573/657
f 1657/1577/661 1654/1575/659 1659/1578/662
f 1660/1579/663 1657/1577/661 1659/1578/662
f 1662/1580/87 1659/1578/662 1661/1581/89
f 1659/1578/662 1652/1570/148 1661/1581/89
f 1662/1580/87 1663/1582/150 1664/1583/93
f 1661/1581/89 1650/1571/149 1663/1582/150
f 1666/1584/152 1663/1582/150 1665/1585/151
f 1665/1585/151 1650/1571/149 1648/1568/153
f 1668/1586/156 1665/1585/151 1667/1587/157
f 1667/1587/157 1648/1568/153 1646/1565/214
f 1668/1586/156 1669/1588/216 1670/1589/218
f 1667/1587/157 1644/1562/215 1669/1588/216
f 1670/1589/218 1671/1590/220 1672/1591/219
f 1669/1588/216 1642/1563/221 1671/1590/220
f 1674/1592/286 1671/1590/220 1673/1593/282
f 1673/1593/282 1642/1563/221 1640/1559/279
f 1674/1592/286 1675/1594/284 1676/1595/287
f 1675/1594/284 1640/1559/279 1638/1560/283
f 1676/1595/287 1077/1596/350 1074/1174/352
f 1077/1596/350 1638/1560/283 1080/1177/346
f 1677/1156/289 1674/1592/286 1676/1595/287
f 1068/1167/354 1676/1595/287 1074/1174/352
f 1058/1153/288 1672/1591/219 1674/1592/286
f 1054/1151/222 1672/1591/219 1056/1152/223
f 1678/1140/155 1670/1589/218 1054/1151/222
f 1045/1138/154 1668/1586/156 1678/1140/155
f 1045/1138/154 1664/1583/93 1666/1584/152
f 1040/1135/88 1664/1583/93 1042/1136/92
f 1679/1121/562 1662/1580/87 1040/1135/88
f 1030/1120/561 1660/1579/663 1679/1121/562
f 1761/1597/664 1110/1202/392 1760/1598/665
f 1762/1599/666 1384/1600/667 1763/1601/668
f 2349/1602/669 2346/1602/669 2351/1602/669
f 2345/1602/670 2915/1602/670 2346/1602/670
f 2916/1602/671 2345/1602/671 2348/1602/671
f 2348/1602/672 2349/1602/672 2352/1602/672
f 2352/1602/673 2350/1602/673 2354/1602/673
f 2350/1602/674 2351/1602/674 2364/1602/674
f 2353/1602/675 2348/1602/675 2352/1602/675
f 2355/1602/676 2352/1602/676 2354/1602/676
f 2355/1602/677 2356/1602/677 2357/1602/677
f 2356/1602/678 2350/1602/678 2359/1602/678
f 2357/1602/679 2358/1602/679 2399/1602/680
f 2358/1602/681 2359/1602/681 2360/1602/681
f 2359/1602/682 2362/1602/682 2360/1602/682
f 2350/1602/683 2361/1602/683 2359/1602/683
f 2362/1602/684 2363/1602/684 2411/1602/684
f 2361/1602/685 2365/1602/685 2363/1602/685
f 2351/1602/686 2365/1602/686 2364/1602/686
f 2365/1602/687 2414/1602/687 2363/1602/687
f 2365/1602/688 2368/1602/688 2366/1602/688
f 2346/1602/689 2367/1602/689 2351/1602/689
f 2367/1602/690 2371/1602/690 2368/1602/690
f 2346/1602/691 2370/1602/691 2369/1602/691
f 2369/1602/692 2372/1602/692 2371/1602/692
f 2372/1602/693 2373/1602/693 2371/1602/693
f 2371/1602/694 2376/1602/694 2368/1602/694
f 2373/1602/695 2920/1602/695 2375/1602/695
f 2376/1602/696 2375/1602/696 2378/1602/696
f 2366/1602/697 2376/1602/697 2377/1602/697
f 2377/1602/698 2378/1602/698 2379/1602/698
f 2379/1602/699 2380/1602/699 2381/1602/699
f 2375/1602/700 2380/1602/700 2378/1602/700
f 2380/1602/701 2422/1602/701 2381/1602/701
f 2380/1602/702 2385/1602/702 2382/1602/702
f 2375/1602/703 2384/1602/703 2383/1602/703
f 2384/1602/704 2385/1602/704 2383/1602/704
f 2386/1602/705 2387/1602/705 2385/1602/705
f 2385/1602/706 2390/1602/706 2382/1602/706
f 2387/1602/707 2918/1602/707 2389/1602/707
f 2390/1602/708 2389/1602/708 2392/1602/708
f 2382/1602/709 2391/1602/709 2422/1602/709
f 2390/1602/710 2393/1602/710 2391/1602/710
f 2392/1602/711 2355/1602/711 2393/1602/711
f 2389/1602/712 2353/1602/712 2392/1602/712
f 2391/1602/713 2394/1602/713 2395/1602/713
f 2394/1602/714 2355/1602/714 2357/1602/714
f 2395/1602/715 2396/1602/715 2397/1602/716
f 2396/1602/717 2357/1602/717 2399/1602/717
f 2397/1602/718 2398/1602/718 2426/1602/718
f 2398/1602/719 2399/1602/719 2400/1602/720
f 2399/1602/721 2402/1602/722 2400/1602/722
f 2429/1602/723 2400/1602/723 2401/1602/723
f 2401/1602/724 2402/1602/724 2403/1602/724
f 2402/1602/725 2405/1602/725 2403/1602/725
f 2358/1602/726 2404/1602/726 2402/1602/726
f 2405/1602/727 2406/1602/727 2407/1602/727
f 2404/1602/728 2362/1602/728 2406/1602/728
f 2406/1602/729 2409/1602/729 2407/1602/729
f 2406/1602/730 2411/1602/730 2408/1602/730
f 2408/1602/731 2445/1602/731 2409/1602/732
f 2411/1602/733 2410/1602/733 2408/1602/733
f 2363/1602/734 2412/1602/734 2411/1602/734
f 2410/1602/735 2413/1602/735 2448/1602/735
f 2412/1602/736 2415/1602/736 2413/1602/736
f 2414/1602/737 2377/1602/737 2415/1602/737
f 2415/1602/738 2417/1602/739 2413/1602/738
f 2377/1602/740 2416/1602/740 2415/1602/740
f 2416/1602/741 2419/1602/741 2417/1602/741
f 2416/1602/742 2381/1602/742 2418/1602/742
f 2419/1602/743 2420/1602/743 2421/1602/743
f 2381/1602/744 2420/1602/744 2418/1602/744
f 2421/1602/745 2395/1602/745 2397/1602/745
f 2420/1602/746 2391/1602/746 2395/1602/746
f 2419/1602/747 2423/1602/747 2424/1602/747
f 2421/1602/748 2426/1602/748 2423/1602/749
f 2424/1602/750 2425/1602/750 2451/1602/750
f 2425/1602/751 2426/1602/751 2427/1602/751
f 2427/1602/752 2398/1602/752 2429/1602/752
f 2454/1602/753 2427/1602/753 2428/1602/753
f 2427/1602/754 2430/1602/754 2428/1602/754
f 2430/1602/755 2401/1602/755 2432/1602/755
f 2428/1602/756 2431/1602/756 2457/1602/756
f 2431/1602/757 2432/1602/757 2433/1602/757
f 2433/1602/758 2434/1602/758 2435/1602/758
f 2432/1602/759 2403/1602/759 2434/1602/759
f 2434/1602/760 2437/1602/760 2435/1602/760
f 2403/1602/761 2436/1602/761 2434/1602/761
f 2437/1602/762 2438/1602/762 2439/1602/762
f 2436/1602/763 2407/1602/763 2438/1602/763
f 2438/1602/764 2441/1602/764 2439/1602/764
f 2407/1602/765 2440/1602/765 2438/1602/765
f 2440/1602/766 2443/1602/766 2441/1602/766
f 2409/1602/767 2442/1602/767 2440/1602/767
f 2443/1602/768 2444/1602/768 2477/1602/768
f 2442/1602/769 2446/1602/769 2444/1602/769
f 2410/1602/770 2446/1602/770 2445/1602/770
f 2446/1602/771 2450/1602/771 2444/1602/771
f 2448/1602/772 2447/1602/772 2446/1602/772
f 2448/1602/773 2417/1602/773 2449/1602/774
f 2447/1602/775 2424/1602/775 2451/1602/776
f 2449/1602/777 2419/1602/777 2424/1602/777
f 2450/1602/778 2451/1602/778 2452/1602/779
f 2451/1602/780 2454/1602/780 2452/1602/781
f 2478/1602/782 2452/1602/782 2453/1602/783
f 2452/1602/784 2455/1602/784 2453/1602/785
f 2455/1602/786 2428/1602/786 2457/1602/786
f 2453/1602/787 2456/1602/787 2480/1602/788
f 2455/1602/789 2458/1602/789 2456/1602/789
f 2457/1602/790 2460/1602/790 2458/1602/790
f 2483/1602/791 2458/1602/791 2459/1602/791
f 2459/1602/792 2460/1602/792 2461/1602/792
f 2461/1602/793 2462/1602/793 2463/1602/793
f 2460/1602/794 2433/1602/794 2462/1602/794
f 2463/1602/795 2464/1602/795 2465/1602/795
f 2462/1602/796 2435/1602/796 2464/1602/796
f 2464/1602/797 2467/1602/797 2465/1602/797
f 2435/1602/798 2466/1602/798 2464/1602/798
f 2467/1602/799 2468/1602/799 2469/1602/799
f 2466/1602/800 2439/1602/800 2468/1602/801
f 2468/1602/802 2471/1602/802 2469/1602/802
f 2439/1602/803 2470/1602/803 2468/1602/803
f 2470/1602/804 2473/1602/804 2471/1602/804
f 2441/1602/805 2472/1602/805 2470/1602/806
f 2472/1602/807 2475/1602/807 2473/1602/807
f 2472/1602/808 2477/1602/808 2474/1602/808
f 2474/1602/809 2479/1602/809 2475/1602/809
f 2474/1602/810 2478/1602/810 2476/1602/810
f 2477/1602/811 2450/1602/811 2478/1602/812
f 2476/1602/813 2453/1602/813 2480/1602/813
f 2479/1602/814 2480/1602/814 2481/1602/814
f 2480/1602/815 2483/1602/815 2481/1602/815
f 2504/1602/816 2481/1602/816 2482/1602/817
f 2481/1602/818 2484/1602/818 2482/1602/819
f 2483/1602/820 2486/1602/820 2484/1602/820
f 2507/1602/821 2484/1602/822 2485/1602/822
f 2484/1602/823 2487/1602/823 2485/1602/823
f 2486/1602/824 2489/1602/824 2487/1602/824
f 2486/1602/825 2461/1602/825 2488/1602/826
f 2488/1602/827 2491/1602/827 2489/1602/827
f 2488/1602/828 2463/1602/828 2490/1602/828
f 2490/1602/829 2493/1602/829 2491/1602/829
f 2463/1602/830 2492/1602/830 2490/1602/830
f 2493/1602/831 2494/1602/831 2495/1602/831
f 2465/1602/832 2494/1602/832 2492/1602/832
f 2494/1602/833 2497/1602/833 2495/1602/833
f 2494/1602/834 2469/1602/834 2496/1602/834
f 2497/1602/835 2498/1602/835 2499/1602/835
f 2496/1602/836 2471/1602/836 2498/1602/836
f 2499/1602/837 2500/1602/837 2501/1602/837
f 2471/1602/838 2500/1602/838 2498/1602/838
f 2501/1602/839 2502/1602/839 2503/1602/839
f 2473/1602/840 2502/1602/840 2500/1602/840
f 2503/1602/841 2504/1602/841 2505/1602/841
f 2502/1602/842 2479/1602/842 2504/1602/842
f 2504/1602/843 2507/1602/844 2505/1602/843
f 2503/1602/845 2506/1602/845 2528/1602/845
f 2506/1602/846 2507/1602/846 2508/1602/846
f 2507/1602/847 2510/1602/847 2508/1602/847
f 2506/1602/848 2509/1602/848 2531/1602/848
f 2509/1602/849 2510/1602/849 2511/1602/849
f 2511/1602/850 2512/1602/850 2513/1602/850
f 2510/1602/851 2487/1602/851 2512/1602/851
f 2512/1602/852 2515/1602/852 2513/1602/853
f 2512/1602/854 2489/1602/854 2514/1602/854
f 2514/1602/855 2517/1602/855 2515/1602/855
f 2514/1602/856 2491/1602/856 2516/1602/856
f 2517/1602/857 2518/1602/857 2519/1602/857
f 2516/1602/858 2493/1602/858 2518/1602/858
f 2519/1602/859 2520/1602/859 2521/1602/860
f 2493/1602/861 2520/1602/861 2518/1602/861
f 2520/1602/862 2523/1602/862 2521/1602/863
f 2520/1602/864 2497/1602/864 2522/1602/864
f 2522/1602/865 2525/1602/865 2523/1602/865
f 2497/1602/866 2524/1602/866 2522/1602/866
f 2525/1602/867 2526/1602/867 2527/1602/867
f 2499/1602/868 2526/1602/868 2524/1602/868
f 2527/1602/869 2528/1602/869 2529/1602/869
f 2501/1602/870 2528/1602/870 2526/1602/870
f 2528/1602/871 2531/1602/871 2529/1602/871
f 2552/1602/872 2529/1602/872 2530/1602/872
f 2530/1602/873 2531/1602/873 2532/1602/874
f 2531/1602/875 2534/1602/875 2532/1602/875
f 2530/1602/876 2533/1602/876 2555/1602/876
f 2532/1602/877 2535/1602/877 2533/1602/877
f 2535/1602/878 2536/1602/878 2537/1602/878
f 2534/1602/879 2511/1602/879 2536/1602/879
f 2537/1602/880 2538/1602/880 2539/1602/880
f 2511/1602/881 2538/1602/881 2536/1602/882
f 2539/1602/883 2540/1602/883 2541/1602/883
f 2513/1602/884 2540/1602/884 2538/1602/884
f 2540/1602/885 2543/1602/885 2541/1602/886
f 2515/1602/887 2542/1602/887 2540/1602/887
f 2542/1602/888 2545/1602/888 2543/1602/888
f 2517/1602/889 2544/1602/889 2542/1602/889
f 2545/1602/890 2546/1602/890 2547/1602/891
f 2544/1602/892 2521/1602/892 2546/1602/892
f 2546/1602/893 2549/1602/893 2547/1602/893
f 2521/1602/894 2548/1602/894 2546/1602/894
f 2549/1602/895 2550/1602/895 2551/1602/895
f 2548/1602/896 2525/1602/896 2550/1602/896
f 2551/1602/897 2552/1602/897 2553/1602/897
f 2550/1602/898 2527/1602/898 2552/1602/898
f 2552/1602/899 2555/1602/899 2553/1602/899
f 2576/1602/900 2553/1602/900 2554/1602/900
f 2553/1602/901 2556/1602/901 2554/1602/901
f 2555/1602/902 2558/1602/902 2556/1602/902
f 2554/1602/903 2557/1602/903 2579/1602/903
f 2557/1602/904 2558/1602/904 2559/1602/904
f 2559/1602/905 2560/1602/905 2561/1602/906
f 2558/1602/907 2535/1602/907 2560/1602/908
f 2560/1602/909 2563/1602/909 2561/1602/909
f 2535/1602/910 2562/1602/911 2560/1602/912
f 2562/1602/913 2565/1602/913 2563/1602/913
f 2562/1602/914 2539/1602/914 2564/1602/914
f 2565/1602/915 2566/1602/915 2567/1602/915
f 2564/1602/916 2541/1602/916 2566/1602/916
f 2566/1602/917 2569/1602/917 2567/1602/917
f 2541/1602/918 2568/1602/918 2566/1602/918
f 2568/1602/919 2571/1602/919 2569/1602/919
f 2543/1602/920 2570/1602/920 2568/1602/920
f 2571/1602/921 2572/1602/921 2573/1602/921
f 2570/1602/922 2547/1602/922 2572/1602/922
f 2572/1602/923 2575/1602/923 2573/1602/923
f 2547/1602/924 2574/1602/924 2572/1602/925
f 2575/1602/926 2576/1602/926 2577/1602/926
f 2574/1602/927 2551/1602/927 2576/1602/927
f 2577/1602/928 2554/1602/928 2579/1602/928
f 2575/1602/929 2578/1602/929 2600/1602/929
f 2578/1602/930 2579/1602/930 2580/1602/930
f 2580/1602/931 2557/1602/931 2582/1602/932
f 2603/1602/933 2580/1602/933 2581/1602/933
f 2580/1602/934 2583/1602/934 2581/1602/934
f 2583/1602/935 2584/1602/935 2585/1602/935
f 2582/1602/936 2559/1602/936 2584/1602/936
f 2584/1602/937 2587/1602/937 2585/1602/937
f 2559/1602/938 2586/1602/938 2584/1602/938
f 2587/1602/939 2588/1602/939 2589/1602/939
f 2586/1602/940 2563/1602/940 2588/1602/940
f 2588/1602/941 2591/1602/941 2589/1602/941
f 2563/1602/942 2590/1602/942 2588/1602/942
f 2591/1602/943 2592/1602/943 2593/1602/943
f 2565/1602/944 2592/1602/944 2590/1602/944
f 2592/1602/945 2595/1602/945 2593/1602/945
f 2567/1602/946 2594/1602/946 2592/1602/946
f 2595/1602/947 2596/1602/948 2597/1602/947
f 2594/1602/949 2571/1602/949 2596/1602/950
f 2597/1602/951 2598/1602/951 2599/1602/951
f 2596/1602/952 2573/1602/952 2598/1602/952
f 2598/1602/953 2601/1602/953 2599/1602/953
f 2573/1602/954 2600/1602/954 2598/1602/954
f 2600/1602/955 2603/1602/955 2601/1602/956
f 2599/1602/957 2602/1602/957 2624/1602/958
f 2601/1602/959 2604/1602/959 2602/1602/959
f 2604/1602/960 2581/1602/960 2606/1602/960
f 2602/1602/961 2605/1602/961 2627/1602/961
f 2605/1602/962 2606/1602/962 2607/1602/962
f 2606/1602/963 2609/1602/963 2607/1602/963
f 2606/1602/964 2583/1602/964 2608/1602/964
f 2609/1602/965 2610/1602/965 2611/1602/965
f 2608/1602/966 2585/1602/966 2610/1602/966
f 2610/1602/967 2613/1602/967 2611/1602/967
f 2585/1602/968 2612/1602/968 2610/1602/968
f 2613/1602/969 2614/1602/969 2615/1602/969
f 2612/1602/970 2589/1602/970 2614/1602/970
f 2614/1602/971 2617/1602/971 2615/1602/971
f 2589/1602/972 2616/1602/972 2614/1602/972
f 2617/1602/973 2618/1602/973 2619/1602/973
f 2591/1602/974 2618/1602/974 2616/1602/974
f 2618/1602/975 2621/1602/975 2619/1602/975
f 2593/1602/976 2620/1602/976 2618/1602/976
f 2621/1602/977 2622/1602/977 2623/1602/977
f 2620/1602/978 2597/1602/978 2622/1602/978
f 2623/1602/979 2624/1602/979 2625/1602/979
f 2622/1602/980 2599/1602/980 2624/1602/981
f 2624/1602/982 2627/1602/982 2625/1602/982
f 2648/1602/983 2625/1602/983 2626/1602/983
f 2625/1602/984 2628/1602/984 2626/1602/984
f 2628/1602/985 2605/1602/985 2630/1602/985
f 2626/1602/703 2629/1602/703 2651/1602/703
f 2629/1602/695 2630/1602/695 2631/1602/695
f 2630/1602/693 2633/1602/693 2631/1602/693
f 2605/1602/986 2632/1602/986 2630/1602/986
f 2633/1602/692 2634/1602/692 2635/1602/692
f 2632/1602/987 2609/1602/987 2634/1602/987
f 2634/1602/691 2637/1602/691 2635/1602/691
f 2609/1602/988 2636/1602/988 2634/1602/988
f 2637/1602/670 2638/1602/670 2639/1602/670
f 2611/1602/989 2638/1602/989 2636/1602/989
f 2638/1602/671 2641/1602/671 2639/1602/671
f 2638/1602/990 2615/1602/990 2640/1602/990
f 2641/1602/991 2642/1602/991 2643/1602/991
f 2640/1602/992 2617/1602/992 2642/1602/992
f 2642/1602/993 2645/1602/993 2643/1602/993
f 2617/1602/994 2644/1602/994 2642/1602/994
f 2645/1602/707 2646/1602/707 2647/1602/707
f 2644/1602/995 2621/1602/995 2646/1602/995
f 2646/1602/705 2649/1602/705 2647/1602/705
f 2621/1602/996 2648/1602/996 2646/1602/996
f 2649/1602/704 2626/1602/704 2651/1602/704
f 2672/1602/706 2649/1602/706 2650/1602/706
f 2650/1602/702 2651/1602/702 2652/1602/702
f 2651/1602/700 2654/1602/700 2652/1602/700
f 2675/1602/701 2652/1602/701 2653/1602/701
f 2652/1602/699 2655/1602/699 2653/1602/699
f 2654/1602/698 2657/1602/698 2655/1602/698
f 2629/1602/696 2656/1602/696 2654/1602/696
f 2656/1602/697 2659/1602/697 2657/1602/697
f 2631/1602/694 2658/1602/694 2656/1602/694
f 2659/1602/688 2660/1602/688 2661/1602/997
f 2658/1602/690 2635/1602/690 2660/1602/690
f 2661/1602/686 2662/1602/686 2663/1602/686
f 2635/1602/689 2662/1602/689 2660/1602/689
f 2662/1602/674 2665/1602/674 2663/1602/674
f 2637/1602/669 2664/1602/669 2662/1602/669
f 2665/1602/673 2666/1602/673 2667/1602/673
f 2664/1602/672 2641/1602/672 2666/1602/672
f 2666/1602/676 2669/1602/676 2667/1602/676
f 2666/1602/675 2643/1602/675 2668/1602/675
f 2668/1602/711 2671/1602/711 2669/1602/711
f 2643/1602/712 2670/1602/712 2668/1602/712
f 2671/1602/710 2672/1602/710 2673/1602/710
f 2670/1602/708 2647/1602/708 2672/1602/708
f 2673/1602/709 2650/1602/709 2675/1602/709
f 2671/1602/713 2674/1602/713 2696/1602/713
f 2674/1602/746 2675/1602/746 2676/1602/746
f 2675/1602/744 2678/1602/744 2676/1602/744
f 2699/1602/998 2676/1602/998 2677/1602/998
f 2676/1602/743 2679/1602/743 2677/1602/743
f 2679/1602/741 2680/1602/741 2681/1602/741
f 2678/1602/742 2655/1602/742 2680/1602/742
f 2680/1602/739 2683/1602/739 2681/1602/739
f 2655/1602/740 2682/1602/740 2680/1602/740
f 2683/1602/736 2684/1602/736 2685/1602/736
f 2682/1602/737 2659/1602/737 2684/1602/737
f 2684/1602/734 2687/1602/734 2685/1602/734
f 2684/1602/687 2661/1602/687 2686/1602/687
f 2686/1602/999 2689/1602/999 2687/1602/999
f 2686/1602/685 2663/1602/685 2688/1602/685
f 2689/1602/682 2690/1602/682 2691/1602/1000
f 2663/1602/683 2690/1602/683 2688/1602/683
f 2690/1602/681 2693/1602/681 2691/1602/681
f 2690/1602/678 2667/1602/678 2692/1602/678
f 2693/1602/680 2694/1602/680 2695/1602/680
f 2667/1602/677 2694/1602/677 2692/1602/677
f 2695/1602/717 2696/1602/717 2697/1602/717
f 2669/1602/714 2696/1602/714 2694/1602/714
f 2696/1602/715 2699/1602/715 2697/1602/715
f 2695/1602/719 2698/1602/719 2720/1602/719
f 2697/1602/718 2700/1602/718 2698/1602/1001
f 2699/1602/1002 2702/1602/1002 2700/1602/1002
f 2723/1602/752 2700/1602/752 2701/1602/752
f 2700/1602/1003 2703/1602/1003 2701/1602/1003
f 2703/1602/750 2704/1602/750 2705/1602/1004
f 2702/1602/747 2679/1602/747 2704/1602/747
f 2704/1602/775 2707/1602/776 2705/1602/776
f 2679/1602/777 2706/1602/777 2704/1602/777
f 2707/1602/1005 2708/1602/1005 2709/1602/1005
f 2706/1602/774 2683/1602/774 2708/1602/1006
f 2708/1602/770 2711/1602/770 2709/1602/1007
f 2708/1602/735 2685/1602/735 2710/1602/735
f 2711/1602/731 2712/1602/731 2713/1602/731
f 2710/1602/733 2687/1602/733 2712/1602/733
f 2712/1602/1008 2715/1602/1008 2713/1602/729
f 2687/1602/1009 2714/1602/1009 2712/1602/1010
f 2715/1602/1011 2716/1602/727 2717/1602/727
f 2714/1602/728 2691/1602/728 2716/1602/728
f 2716/1602/1012 2719/1602/1012 2717/1602/1012
f 2691/1602/726 2718/1602/726 2716/1602/726
f 2719/1602/1013 2720/1602/1013 2721/1602/724
f 2718/1602/721 2695/1602/721 2720/1602/1014
f 2720/1602/723 2723/1602/723 2721/1602/723
f 2744/1602/759 2721/1602/759 2722/1602/759
f 2721/1602/755 2724/1602/755 2722/1602/755
f 2723/1602/754 2726/1602/754 2724/1602/754
f 2747/1602/757 2724/1602/757 2725/1602/757
f 2725/1602/756 2726/1602/756 2727/1602/756
f 2727/1602/786 2728/1602/786 2729/1602/786
f 2701/1602/753 2728/1602/753 2726/1602/753
f 2729/1602/784 2730/1602/784 2731/1602/784
f 2728/1602/780 2705/1602/780 2730/1602/780
f 2730/1602/782 2733/1602/782 2731/1602/782
f 2705/1602/778 2732/1602/778 2730/1602/778
f 2732/1602/811 2735/1602/811 2733/1602/811
f 2732/1602/771 2709/1602/771 2734/1602/771
f 2734/1602/768 2737/1602/768 2735/1602/768
f 2709/1602/769 2736/1602/769 2734/1602/769
f 2736/1602/766 2739/1602/766 2737/1602/766
f 2736/1602/767 2713/1602/767 2738/1602/767
f 2738/1602/764 2741/1602/764 2739/1602/764
f 2713/1602/765 2740/1602/765 2738/1602/765
f 2741/1602/762 2742/1602/762 2743/1602/762
f 2740/1602/763 2717/1602/763 2742/1602/763
f 2742/1602/760 2745/1602/760 2743/1602/760
f 2717/1602/761 2744/1602/761 2742/1602/761
f 2745/1602/758 2722/1602/758 2747/1602/758
f 2768/1602/1015 2745/1602/1015 2746/1602/798
f 2746/1602/796 2747/1602/796 2748/1602/796
f 2747/1602/794 2750/1602/794 2748/1602/794
f 2746/1602/795 2749/1602/795 2771/1602/795
f 2748/1602/793 2751/1602/793 2749/1602/793
f 2750/1602/792 2753/1602/792 2751/1602/792
f 2725/1602/1016 2752/1602/1016 2750/1602/1016
f 2753/1602/791 2754/1602/791 2755/1602/791
f 2727/1602/789 2754/1602/789 2752/1602/789
f 2754/1602/815 2757/1602/815 2755/1602/815
f 2729/1602/788 2756/1602/788 2754/1602/788
f 2757/1602/814 2758/1602/814 2759/1602/814
f 2756/1602/813 2733/1602/813 2758/1602/1017
f 2758/1602/809 2761/1602/809 2759/1602/809
f 2758/1602/810 2735/1602/810 2760/1602/810
f 2761/1602/807 2762/1602/807 2763/1602/807
f 2760/1602/808 2737/1602/808 2762/1602/808
f 2763/1602/804 2764/1602/804 2765/1602/804
f 2762/1602/805 2739/1602/805 2764/1602/805
f 2765/1602/802 2766/1602/802 2767/1602/802
f 2739/1602/803 2766/1602/803 2764/1602/803
f 2767/1602/799 2768/1602/799 2769/1602/799
f 2741/1602/800 2768/1602/800 2766/1602/800
f 2768/1602/797 2771/1602/797 2769/1602/797
f 2767/1602/1018 2770/1602/834 2792/1602/1018
f 2770/1602/1019 2771/1602/1019 2772/1602/832
f 2772/1602/830 2749/1602/830 2774/1602/830
f 2770/1602/831 2773/1602/831 2795/1602/831
f 2772/1602/829 2775/1602/829 2773/1602/829
f 2774/1602/827 2777/1602/827 2775/1602/827
f 2774/1602/828 2751/1602/828 2776/1602/1020
f 2776/1602/824 2779/1602/824 2777/1602/824
f 2776/1602/1021 2753/1602/1021 2778/1602/1021
f 2779/1602/823 2780/1602/823 2781/1602/823
f 2778/1602/820 2755/1602/820 2780/1602/820
f 2780/1602/821 2783/1602/821 2781/1602/821
f 2780/1602/818 2757/1602/818 2782/1602/818
f 2783/1602/844 2784/1602/844 2785/1602/844
f 2757/1602/1022 2784/1602/1022 2782/1602/816
f 2784/1602/841 2787/1602/841 2785/1602/841
f 2759/1602/842 2786/1602/842 2784/1602/842
f 2787/1602/839 2788/1602/839 2789/1602/839
f 2761/1602/840 2788/1602/840 2786/1602/840
f 2789/1602/837 2790/1602/837 2791/1602/837
f 2763/1602/838 2790/1602/838 2788/1602/838
f 2791/1602/835 2792/1602/835 2793/1602/835
f 2765/1602/836 2792/1602/836 2790/1602/836
f 2793/1602/833 2770/1602/833 2795/1602/833
f 2791/1602/866 2794/1602/866 2816/1602/866
f 2793/1602/864 2796/1602/864 2794/1602/1023
f 2796/1602/861 2773/1602/861 2798/1602/1024
f 2819/1602/863 2796/1602/862 2797/1602/862
f 2796/1602/860 2799/1602/860 2797/1602/860
f 2798/1602/857 2801/1602/857 2799/1602/857
f 2798/1602/858 2775/1602/858 2800/1602/858
f 2800/1602/855 2803/1602/855 2801/1602/855
f 2800/1602/856 2777/1602/856 2802/1602/856
f 2802/1602/853 2805/1602/853 2803/1602/853
f 2802/1602/854 2779/1602/854 2804/1602/854
f 2804/1602/850 2807/1602/850 2805/1602/850
f 2779/1602/851 2806/1602/851 2804/1602/851
f 2807/1602/1025 2808/1602/849 2809/1602/1025
f 2806/1602/1026 2783/1602/1026 2808/1602/847
f 2808/1602/1027 2811/1602/1027 2809/1602/1027
f 2783/1602/1028 2810/1602/1028 2808/1602/1028
f 2811/1602/871 2812/1602/871 2813/1602/871
f 2810/1602/845 2787/1602/845 2812/1602/845
f 2813/1602/869 2814/1602/869 2815/1602/869
f 2787/1602/870 2814/1602/870 2812/1602/870
f 2815/1602/867 2816/1602/867 2817/1602/867
f 2789/1602/868 2816/1602/868 2814/1602/868
f 2817/1602/865 2794/1602/865 2819/1602/865
f 2815/1602/898 2818/1602/898 2840/1602/898
f 2817/1602/896 2820/1602/896 2818/1602/896
f 2819/1602/894 2822/1602/894 2820/1602/1029
f 2843/1602/895 2820/1602/895 2821/1602/895
f 2821/1602/893 2822/1602/893 2823/1602/893
f 2822/1602/891 2825/1602/891 2823/1602/891
f 2822/1602/892 2799/1602/892 2824/1602/892
f 2824/1602/888 2827/1602/888 2825/1602/1030
f 2824/1602/889 2801/1602/889 2826/1602/889
f 2827/1602/885 2828/1602/885 2829/1602/885
f 2826/1602/887 2803/1602/887 2828/1602/887
f 2829/1602/1031 2830/1602/1031 2831/1602/1031
f 2828/1602/884 2805/1602/884 2830/1602/884
f 2831/1602/880 2832/1602/880 2833/1602/880
f 2805/1602/881 2832/1602/881 2830/1602/881
f 2832/1602/1032 2835/1602/1032 2833/1602/878
f 2832/1602/879 2809/1602/879 2834/1602/879
f 2835/1602/877 2836/1602/877 2837/1602/877
f 2809/1602/875 2836/1602/875 2834/1602/875
f 2836/1602/876 2839/1602/876 2837/1602/876
f 2836/1602/873 2813/1602/873 2838/1602/873
f 2838/1602/899 2841/1602/899 2839/1602/1033
f 2813/1602/872 2840/1602/872 2838/1602/872
f 2840/1602/897 2843/1602/897 2841/1602/897
f 2864/1602/901 2841/1602/901 2842/1602/901
f 2842/1602/900 2843/1602/900 2844/1602/900
f 2844/1602/927 2821/1602/927 2846/1602/927
f 2842/1602/928 2845/1602/928 2867/1602/928
f 2845/1602/926 2846/1602/926 2847/1602/926
f 2846/1602/923 2849/1602/923 2847/1602/923
f 2821/1602/925 2848/1602/925 2846/1602/925
f 2849/1602/921 2850/1602/921 2851/1602/1034
f 2848/1602/922 2825/1602/922 2850/1602/1035
f 2850/1602/919 2853/1602/919 2851/1602/1036
f 2825/1602/920 2852/1602/920 2850/1602/920
f 2853/1602/917 2854/1602/917 2855/1602/917
f 2827/1602/918 2854/1602/918 2852/1602/918
f 2855/1602/915 2856/1602/915 2857/1602/915
f 2829/1602/916 2856/1602/916 2854/1602/916
f 2857/1602/913 2858/1602/913 2859/1602/913
f 2856/1602/914 2833/1602/914 2858/1602/914
f 2858/1602/909 2861/1602/909 2859/1602/909
f 2833/1602/910 2860/1602/910 2858/1602/910
f 2861/1602/905 2862/1602/905 2863/1602/905
f 2860/1602/1037 2837/1602/1037 2862/1602/1037
f 2862/1602/904 2865/1602/904 2863/1602/904
f 2837/1602/902 2864/1602/902 2862/1602/902
f 2864/1602/903 2867/1602/903 2865/1602/903
f 2863/1602/1038 2866/1602/1038 2888/1602/1038
f 2866/1602/931 2867/1602/931 2868/1602/931
f 2868/1602/930 2845/1602/930 2870/1602/1039
f 2866/1602/934 2869/1602/934 2891/1602/934
f 2868/1602/933 2871/1602/933 2869/1602/933
f 2871/1602/956 2872/1602/956 2873/1602/1040
f 2870/1602/1041 2847/1602/1041 2872/1602/1041
f 2872/1602/953 2875/1602/953 2873/1602/953
f 2847/1602/1042 2874/1602/954 2872/1602/1042
f 2875/1602/951 2876/1602/951 2877/1602/951
f 2874/1602/1043 2851/1602/1043 2876/1602/1043
f 2876/1602/947 2879/1602/947 2877/1602/1044
f 2851/1602/950 2878/1602/950 2876/1602/950
f 2879/1602/945 2880/1602/945 2881/1602/945
f 2853/1602/946 2880/1602/946 2878/1602/946
f 2881/1602/943 2882/1602/943 2883/1602/943
f 2855/1602/944 2882/1602/944 2880/1602/944
f 2883/1602/1045 2884/1602/1045 2885/1602/941
f 2882/1602/1046 2859/1602/1046 2884/1602/942
f 2885/1602/939 2886/1602/939 2887/1602/939
f 2859/1602/940 2886/1602/940 2884/1602/1047
f 2886/1602/937 2889/1602/937 2887/1602/937
f 2886/1602/938 2863/1602/938 2888/1602/938
f 2888/1602/1048 2891/1602/1048 2889/1602/1049
f 2887/1602/1050 2890/1602/1050 2912/1602/968
f 2890/1602/1051 2891/1602/1051 2892/1602/1051
f 2891/1602/964 2894/1602/964 2892/1602/964
f 2914/1602/965 2892/1602/965 2893/1602/965
f 2892/1602/963 2895/1602/963 2893/1602/963
f 2894/1602/962 2897/1602/962 2895/1602/962
f 2894/1602/960 2871/1602/960 2896/1602/960
f 2897/1602/961 2898/1602/961 2899/1602/961
f 2896/1602/1052 2873/1602/1052 2898/1602/1052
f 2899/1602/982 2900/1602/982 2901/1602/982
f 2873/1602/957 2900/1602/957 2898/1602/957
f 2900/1602/979 2903/1602/979 2901/1602/979
f 2900/1602/980 2877/1602/980 2902/1602/980
f 2902/1602/977 2905/1602/977 2903/1602/977
f 2877/1602/1053 2904/1602/1053 2902/1602/1053
f 2905/1602/975 2906/1602/975 2907/1602/975
f 2879/1602/976 2906/1602/976 2904/1602/1054
f 2907/1602/973 2908/1602/973 2909/1602/973
f 2906/1602/1055 2883/1602/1055 2908/1602/974
f 2908/1602/971 2911/1602/971 2909/1602/971
f 2883/1602/1056 2910/1602/1056 2908/1602/1056
f 2910/1602/969 2913/1602/969 2911/1602/969
f 2910/1602/1057 2887/1602/1057 2912/1602/970
f 2912/1602/967 2914/1602/967 2913/1602/967
f 2911/1602/990 2347/1602/990 2916/1602/990
f 2347/1602/989 2914/1602/989 2915/1602/989
f 2915/1602/988 2893/1602/988 2370/1602/988
f 2909/1602/992 2916/1602/992 2917/1602/992
f 2917/1602/991 2348/1602/991 2919/1602/991
f 2907/1602/994 2917/1602/994 2918/1602/994
f 2918/1602/993 2919/1602/993 2389/1602/993
f 2388/1602/995 2907/1602/995 2918/1602/995
f 2386/1602/996 2905/1602/996 2388/1602/996
f 2901/1602/983 2386/1602/983 2384/1602/983
f 2920/1602/984 2901/1602/984 2384/1602/984
f 2897/1602/985 2920/1602/985 2374/1602/985
f 2895/1602/986 2374/1602/986 2372/1602/986
f 2370/1602/987 2895/1602/987 2372/1602/987
f 2975/1603/159 2951/1604/159 2923/1605/159
f 2924/1606/1058 2922/1607/1059 2921/1608/207
f 2927/1609/1060 2921/1610/207 2923/1611/1061
f 2927/1609/1060 2925/1612/1062 2924/1613/1058
f 2924/1606/1058 3017/1614/1063 2926/1615/1064
f 2929/1616/1065 2923/1611/1061 2930/1617/1066
f 2929/1616/1065 2928/1618/1067 2927/1609/1060
f 2932/1619/1068 2930/1617/1066 2933/1620/1069
f 2932/1619/1068 2931/1621/1070 2929/1616/1065
f 2935/1622/1071 2933/1620/1069 2936/1623/1072
f 2935/1622/1071 2934/1624/1073 2932/1619/1068
f 2938/1625/1074 2936/1623/1072 2939/1626/1075
f 2938/1625/1074 2937/1627/1076 2935/1622/1071
f 2941/1628/1077 2939/1626/1075 2942/1629/1078
f 2941/1628/1077 2940/1630/1079 2938/1625/1074
f 2944/1631/1080 2942/1629/1078 2945/1632/1081
f 2944/1631/1080 2943/1633/1082 2941/1628/1077
f 2947/1634/528 2945/1632/528 2948/1635/528
f 2947/1634/1083 2946/1636/1084 2944/1631/1080
f 2950/1637/494 2948/1635/494 2951/1638/494
f 2952/1639/1085 2947/1634/1086 2950/1637/1087
f 2953/1640/1088 2951/1638/493 2954/1641/1089
f 2955/1642/1090 2950/1637/1087 2953/1640/1088
f 2956/1643/1091 2954/1641/1089 2957/1644/1092
f 2958/1645/1093 2953/1640/1088 2956/1643/1091
f 2959/1646/1094 2957/1644/1092 2960/1647/1095
f 2961/1648/1096 2956/1643/1091 2959/1646/1094
f 2962/1649/1097 2960/1647/1095 2963/1650/1098
f 2964/1651/1099 2959/1646/1094 2962/1649/1097
f 2965/1652/1100 2963/1650/1098 2966/1653/1101
f 2967/1654/1102 2962/1649/1097 2965/1652/1100
f 2968/1655/1103 2966/1653/1101 2969/1656/1104
f 2970/1657/1105 2965/1652/1100 2968/1655/1103
f 2971/1658/1106 2969/1656/1104 2972/1659/175
f 2973/1660/1107 2968/1655/1103 2971/1658/1106
f 2974/1661/1108 2972/1659/175 2975/1662/1109
f 2976/1663/1110 2971/1658/1106 2974/1661/1108
f 2977/1664/1111 2975/1662/1109 2978/1665/1112
f 2979/1666/1113 2974/1661/1108 2977/1664/1111
f 2980/1667/1114 2978/1665/1112 2981/1668/1115
f 2982/1669/1116 2977/1664/1111 2980/1667/1114
f 2983/1670/1117 2981/1668/1115 2984/1671/1118
f 2985/1672/1119 2980/1667/1114 2983/1670/1117
f 2986/1673/1120 2984/1671/1118 2987/1674/1121
f 2988/1675/1122 2983/1670/1117 2986/1673/1120
f 2989/1676/1123 2987/1674/1121 2990/1677/1124
f 2991/1678/1125 2986/1673/1120 2989/1676/1123
f 2992/1679/1126 2990/1677/1124 2993/1680/452
f 2994/1681/1127 2989/1676/1123 2992/1679/1126
f 2995/1682/437 2993/1680/1128 2996/1683/1128
f 2997/1684/1129 2992/1679/1126 2995/1682/1129
f 2998/1685/1130 2996/1683/424 2999/1686/424
f 2998/1685/1131 2997/1684/1132 2995/1682/1132
f 3001/1687/1133 2999/1686/409 3002/1688/1134
f 3001/1687/1133 3000/1689/1135 2998/1685/1131
f 3004/1690/1136 3002/1688/1134 3005/1691/1137
f 3004/1690/1136 3003/1692/1138 3001/1687/1133
f 3007/1693/1139 3005/1691/1137 3008/1694/1140
f 3007/1693/1139 3006/1695/1141 3004/1690/1136
f 3010/1696/1142 3008/1694/1140 3011/1697/1143
f 3010/1696/1142 3009/1698/1144 3007/1693/1139
f 3013/1699/1145 3011/1697/1143 3014/1700/1146
f 3013/1699/1145 3012/1701/1147 3010/1696/1142
f 2926/1615/1064 3014/1700/1146 2922/1607/1059
f 2926/1615/1064 3015/1702/1148 3013/1699/1145
f 3015/1702/1148 3078/1703/1149 3012/1701/1147
f 3017/1614/1063 3016/1704/1150 3015/1702/1148
f 2925/1705/1062 3018/1706/1151 3017/1614/1063
f 3020/1707/1152 3019/1708/1153 3018/1706/1151
f 3018/1706/1151 3080/1709/1154 3016/1704/1150
f 3022/1710/1155 3021/1711/1156 3020/1712/1152
f 2928/1618/1067 3020/1712/1152 2925/1612/1062
f 2931/1621/1070 3022/1710/1155 2928/1618/1067
f 3024/1713/1157 3023/1714/1158 3022/1710/1155
f 2934/1624/1073 3024/1713/1157 2931/1621/1070
f 3026/1715/1159 3025/1716/1160 3024/1713/1157
f 2937/1627/1076 3026/1715/1159 2934/1624/1073
f 3028/1717/1161 3027/1718/1162 3026/1715/1159
f 2940/1630/1079 3028/1717/1161 2937/1627/1076
f 3030/1719/1163 3029/1720/1164 3028/1717/1161
f 2943/1633/1165 3030/1719/1163 2940/1630/1079
f 3032/1721/1166 3031/1722/1167 3030/1719/1163
f 2946/1636/1168 3032/1721/1166 2943/1633/1165
f 3034/1723/1169 3033/1724/1170 3032/1721/1166
f 2949/1725/1171 3034/1723/1169 2946/1636/1168
f 3036/1726/1172 3035/1727/1173 3034/1723/1169
f 3038/1728/1174 2949/1725/1171 2952/1639/1175
f 3039/1729/1176 3036/1726/1172 3038/1728/1174
f 3040/1730/1177 2952/1639/1175 2955/1642/1178
f 3041/1731/1179 3038/1728/1174 3040/1730/1177
f 3042/1732/1180 2955/1642/1178 2958/1645/1093
f 3043/1733/1181 3040/1730/1177 3042/1732/1180
f 3044/1734/1182 2958/1645/1093 2961/1648/1096
f 3045/1735/1183 3042/1732/1180 3044/1734/1182
f 3046/1736/1184 2961/1648/1096 2964/1651/1099
f 3047/1737/1185 3044/1734/1182 3046/1736/1184
f 3048/1738/1186 2964/1651/1099 2967/1654/1102
f 3049/1739/1187 3046/1736/1184 3048/1738/1186
f 3050/1740/1188 2967/1654/1102 2970/1657/1105
f 3051/1741/1189 3048/1738/1186 3050/1740/1188
f 3052/1742/1190 2970/1657/1105 2973/1660/1107
f 3053/1743/1191 3050/1740/1188 3052/1742/1190
f 3054/1744/1192 2973/1660/1107 2976/1663/1110
f 3055/1745/1193 3052/1742/1190 3054/1744/1192
f 3056/1746/1194 2976/1663/1110 2979/1666/1113
f 3057/1747/1195 3054/1744/1192 3056/1746/1194
f 3058/1748/1196 2979/1666/1113 2982/1669/1116
f 3059/1749/1197 3056/1746/1194 3058/1748/1196
f 3060/1750/1198 2982/1669/1116 2985/1672/1119
f 3061/1751/1199 3058/1748/1196 3060/1750/1198
f 3062/1752/1200 2985/1672/1119 2988/1675/1122
f 3063/1753/1201 3060/1750/1198 3062/1752/1200
f 3064/1754/1202 2988/1675/1122 2991/1678/1203
f 3065/1755/1204 3062/1752/1200 3064/1754/1202
f 3066/1756/1205 2991/1678/1203 2994/1681/1206
f 3067/1757/1207 3064/1754/1202 3066/1756/1205
f 3068/1758/1208 2994/1681/1206 2997/1684/1209
f 3069/1759/1210 3066/1756/1205 3068/1758/1208
f 3000/1689/1211 3068/1758/1208 2997/1684/1209
f 3070/1760/1212 3069/1759/1210 3068/1758/1208
f 3003/1692/1213 3070/1760/1212 3000/1689/1211
f 3072/1761/1214 3071/1762/1215 3070/1760/1212
f 3006/1695/1141 3072/1761/1214 3003/1692/1213
f 3074/1763/1216 3073/1764/1217 3072/1761/1214
f 3009/1698/1144 3074/1763/1216 3006/1695/1141
f 3076/1765/1218 3075/1766/1219 3074/1763/1216
f 3012/1701/1147 3076/1765/1218 3009/1698/1144
f 3078/1703/1149 3077/1767/1220 3076/1765/1218
f 3016/1704/1150 3079/1768/1221 3078/1703/1149
f 3077/1769/1222 3079/1770/1222 3029/1771/1222
f 3085/1772/1223 3082/1772/1223 3087/1772/1224
f 3081/1772/1225 3651/1772/1225 3082/1772/1225
f 3652/1772/1226 3081/1772/1226 3084/1772/1226
f 3084/1772/1227 3085/1772/1227 3088/1772/1228
f 3090/1772/1229 3085/1772/1229 3086/1772/1229
f 3085/1772/1230 3100/1772/1230 3086/1772/1230
f 3089/1772/1231 3084/1772/1231 3088/1772/1231
f 3089/1772/1232 3090/1772/1232 3091/1772/1232
f 3091/1772/1233 3092/1772/1233 3093/1772/1233
f 3092/1772/1234 3086/1772/1234 3095/1772/1234
f 3093/1772/1235 3094/1772/1235 3135/1772/1235
f 3094/1772/1236 3095/1772/1236 3096/1772/1236
f 3095/1772/1237 3098/1772/1237 3096/1772/1237
f 3086/1772/1238 3097/1772/1238 3095/1772/1238
f 3098/1772/1239 3099/1772/1239 3147/1772/1239
f 3097/1772/1240 3101/1772/1240 3099/1772/1240
f 3100/1772/1241 3103/1772/1241 3101/1772/1241
f 3101/1772/1242 3150/1772/1242 3099/1772/1242
f 3103/1772/1243 3102/1772/1243 3101/1772/1243
f 3082/1772/1244 3103/1772/1244 3087/1772/1244
f 3105/1772/1245 3104/1772/1245 3103/1772/1245
f 3651/1772/1246 3105/1772/1246 3082/1772/1246
f 3105/1772/1247 3108/1772/1247 3107/1772/1247
f 3107/1772/1248 3110/1772/1248 3109/1772/1248
f 3107/1772/1249 3112/1772/1249 3104/1772/1249
f 3110/1772/1250 3111/1772/1250 3109/1772/1250
f 3109/1772/1251 3114/1772/1251 3112/1772/1251
f 3102/1772/1252 3112/1772/1252 3113/1772/1252
f 3112/1772/1253 3115/1772/1253 3113/1772/1253
f 3115/1772/1254 3116/1772/1254 3117/1772/1254
f 3114/1772/1255 3119/1772/1255 3116/1772/1255
f 3116/1772/1256 3158/1772/1256 3117/1772/1256
f 3119/1772/1257 3118/1772/1257 3116/1772/1257
f 3111/1772/1258 3120/1772/1258 3119/1772/1258
f 3120/1772/1259 3121/1772/1259 3119/1772/1259
f 3121/1772/1260 3124/1772/1260 3123/1772/1260
f 3118/1772/1261 3123/1772/1261 3126/1772/1261
f 3124/1772/1262 3125/1772/1262 3123/1772/1262
f 3126/1772/1263 3125/1772/1263 3128/1772/1263
f 3158/1772/1264 3126/1772/1264 3127/1772/1264
f 3126/1772/1265 3129/1772/1265 3127/1772/1265
f 3129/1772/1266 3089/1772/1266 3091/1772/1266
f 3128/1772/1267 3655/1772/1267 3089/1772/1267
f 3131/1772/1268 3129/1772/1268 3130/1772/1269
f 3130/1772/1270 3091/1772/1270 3093/1772/1270
f 3133/1772/1271 3130/1772/1271 3132/1772/1271
f 3132/1772/1272 3093/1772/1272 3135/1772/1272
f 3162/1772/1273 3132/1772/1273 3134/1772/1273
f 3132/1772/1274 3136/1772/1274 3134/1772/1274
f 3135/1772/1275 3138/1772/1275 3136/1772/1275
f 3134/1772/1276 3137/1772/1276 3165/1772/1276
f 3137/1772/1277 3138/1772/1277 3139/1772/1277
f 3139/1772/1278 3140/1772/1278 3141/1772/1278
f 3138/1772/1279 3096/1772/1279 3140/1772/1279
f 3140/1772/1280 3143/1772/1281 3141/1772/1281
f 3096/1772/1282 3142/1772/1282 3140/1772/1282
f 3142/1772/1283 3145/1772/1283 3143/1772/1284
f 3142/1772/1285 3147/1772/1285 3144/1772/1285
f 3145/1772/1286 3146/1772/1286 3181/1772/1286
f 3144/1772/1287 3148/1772/1287 3146/1772/1287
f 3099/1772/1288 3148/1772/1288 3147/1772/1289
f 3148/1772/1290 3184/1772/1290 3146/1772/1290
f 3150/1772/1291 3149/1772/1292 3148/1772/1293
f 3102/1772/1294 3151/1772/1294 3150/1772/1294
f 3151/1772/1295 3153/1772/1295 3149/1772/1295
f 3151/1772/1296 3115/1772/1296 3152/1772/1296
f 3152/1772/1297 3155/1772/1297 3153/1772/1297
f 3152/1772/1298 3117/1772/1298 3154/1772/1298
f 3155/1772/1299 3156/1772/1299 3157/1772/1299
f 3117/1772/1300 3156/1772/1300 3154/1772/1300
f 3157/1772/1301 3131/1772/1301 3133/1772/1301
f 3158/1772/1302 3131/1772/1302 3156/1772/1302
f 3155/1772/1303 3159/1772/1304 3160/1772/1305
f 3157/1772/1306 3162/1772/1306 3159/1772/1306
f 3160/1772/1307 3161/1772/1307 3187/1772/1308
f 3161/1772/1309 3162/1772/1309 3163/1772/1309
f 3162/1772/1310 3165/1772/1310 3163/1772/1310
f 3190/1772/1311 3163/1772/1311 3164/1772/1312
f 3163/1772/1313 3166/1772/1313 3164/1772/1313
f 3166/1772/1314 3137/1772/1314 3168/1772/1314
f 3164/1772/1315 3167/1772/1315 3193/1772/1316
f 3167/1772/1317 3168/1772/1317 3169/1772/1318
f 3168/1772/1319 3171/1772/1319 3169/1772/1319
f 3137/1772/1320 3170/1772/1320 3168/1772/1320
f 3171/1772/1321 3172/1772/1321 3173/1772/1321
f 3170/1772/1322 3141/1772/1322 3172/1772/1322
f 3172/1772/1323 3175/1772/1323 3173/1772/1323
f 3141/1772/1324 3174/1772/1324 3172/1772/1324
f 3175/1772/1325 3176/1772/1326 3177/1772/1325
f 3174/1772/1327 3145/1772/1327 3176/1772/1327
f 3176/1772/1328 3179/1772/1328 3177/1772/1328
f 3145/1772/1329 3178/1772/1329 3176/1772/1329
f 3179/1772/1330 3180/1772/1330 3213/1772/1330
f 3178/1772/1331 3182/1772/1331 3180/1772/1331
f 3181/1772/1332 3184/1772/1332 3182/1772/1332
f 3182/1772/1333 3186/1772/1333 3180/1772/1333
f 3184/1772/1334 3183/1772/1334 3182/1772/1334
f 3184/1772/1335 3153/1772/1335 3185/1772/1335
f 3183/1772/1336 3160/1772/1336 3187/1772/1337
f 3185/1772/1338 3155/1772/1339 3160/1772/1340
f 3186/1772/1341 3187/1772/1341 3188/1772/1341
f 3187/1772/1342 3190/1772/1342 3188/1772/1342
f 3214/1772/1343 3188/1772/1343 3189/1772/1344
f 3188/1772/1345 3191/1772/1345 3189/1772/1345
f 3190/1772/1346 3193/1772/1346 3191/1772/1346
f 3216/1772/1347 3191/1772/1347 3192/1772/1348
f 3192/1772/1349 3193/1772/1349 3194/1772/1350
f 3194/1772/1351 3167/1772/1351 3196/1772/1351
f 3192/1772/1352 3195/1772/1352 3219/1772/1352
f 3194/1772/1353 3197/1772/1353 3195/1772/1353
f 3197/1772/1354 3198/1772/1355 3199/1772/1354
f 3167/1772/1356 3198/1772/1356 3196/1772/1356
f 3198/1772/1357 3201/1772/1357 3199/1772/1357
f 3169/1772/1358 3200/1772/1358 3198/1772/1358
f 3201/1772/1359 3202/1772/1359 3203/1772/1359
f 3200/1772/1360 3173/1772/1360 3202/1772/1360
f 3202/1772/1361 3205/1772/1361 3203/1772/1362
f 3173/1772/1363 3204/1772/1363 3202/1772/1363
f 3205/1772/1364 3206/1772/1364 3207/1772/1364
f 3204/1772/1365 3177/1772/1365 3206/1772/1365
f 3206/1772/1366 3209/1772/1366 3207/1772/1366
f 3206/1772/1367 3179/1772/1367 3208/1772/1367
f 3209/1772/1368 3210/1772/1368 3211/1772/1368
f 3179/1772/1369 3210/1772/1369 3208/1772/1369
f 3211/1772/1370 3212/1772/1370 3215/1772/1370
f 3213/1772/1371 3212/1772/1371 3210/1772/1371
f 3213/1772/1372 3186/1772/1372 3214/1772/1373
f 3214/1772/1374 3216/1772/1374 3212/1772/1375
f 3215/1772/1376 3216/1772/1376 3217/1772/1376
f 3216/1772/1377 3219/1772/1377 3217/1772/1377
f 3240/1772/1378 3217/1772/1379 3218/1772/1379
f 3217/1772/1380 3220/1772/1380 3218/1772/1381
f 3220/1772/1382 3195/1772/1382 3222/1772/1382
f 3218/1772/1383 3221/1772/1383 3243/1772/1383
f 3221/1772/1384 3222/1772/1384 3223/1772/1385
f 3223/1772/1386 3224/1772/1386 3225/1772/1386
f 3222/1772/1387 3197/1772/1387 3224/1772/1388
f 3224/1772/1389 3227/1772/1389 3225/1772/1389
f 3197/1772/1390 3226/1772/1390 3224/1772/1391
f 3226/1772/1392 3229/1772/1392 3227/1772/1392
f 3199/1772/1393 3228/1772/1393 3226/1772/1393
f 3229/1772/1394 3230/1772/1395 3231/1772/1394
f 3228/1772/1396 3203/1772/1397 3230/1772/1396
f 3230/1772/1398 3233/1772/1398 3231/1772/1398
f 3203/1772/1399 3232/1772/1400 3230/1772/1400
f 3233/1772/1401 3234/1772/1401 3235/1772/1401
f 3232/1772/1402 3207/1772/1402 3234/1772/1402
f 3235/1772/1403 3236/1772/1403 3237/1772/1404
f 3234/1772/1405 3209/1772/1405 3236/1772/1405
f 3236/1772/1406 3239/1772/1406 3237/1772/1406
f 3209/1772/1407 3238/1772/1407 3236/1772/1407
f 3238/1772/1408 3241/1772/1408 3239/1772/1409
f 3211/1772/1410 3240/1772/1410 3238/1772/1410
f 3241/1772/1411 3218/1772/1411 3243/1772/1411
f 3264/1772/1412 3241/1772/1412 3242/1772/1412
f 3241/1772/1413 3244/1772/1413 3242/1772/1414
f 3244/1772/1415 3221/1772/1415 3246/1772/1416
f 3242/1772/1417 3245/1772/1418 3267/1772/1417
f 3245/1772/1419 3246/1772/1419 3247/1772/1419
f 3246/1772/1420 3249/1772/1420 3247/1772/1420
f 3221/1772/1421 3248/1772/1421 3246/1772/1421
f 3248/1772/1422 3251/1772/1422 3249/1772/1422
f 3223/1772/1423 3250/1772/1423 3248/1772/1423
f 3251/1772/1424 3252/1772/1424 3253/1772/1424
f 3250/1772/1425 3227/1772/1425 3252/1772/1425
f 3253/1772/1426 3254/1772/1426 3255/1772/1426
f 3252/1772/1427 3229/1772/1427 3254/1772/1427
f 3254/1772/1428 3257/1772/1429 3255/1772/1429
f 3229/1772/1430 3256/1772/1431 3254/1772/1431
f 3257/1772/1432 3258/1772/1433 3259/1772/1432
f 3256/1772/1434 3233/1772/1434 3258/1772/1435
f 3258/1772/1436 3261/1772/1436 3259/1772/1436
f 3233/1772/1437 3260/1772/1437 3258/1772/1437
f 3260/1772/1438 3263/1772/1438 3261/1772/1438
f 3235/1772/1439 3262/1772/1439 3260/1772/1439
f 3263/1772/1440 3264/1772/1440 3265/1772/1440
f 3262/1772/1441 3239/1772/1441 3264/1772/1441
f 3265/1772/1442 3242/1772/1442 3267/1772/1442
f 3263/1772/1443 3266/1772/1443 3288/1772/1443
f 3265/1772/1444 3268/1772/1444 3266/1772/1444
f 3267/1772/1445 3270/1772/1445 3268/1772/1446
f 3291/1772/1447 3268/1772/1447 3269/1772/1447
f 3269/1772/1448 3270/1772/1448 3271/1772/1448
f 3270/1772/1449 3273/1772/1449 3271/1772/1449
f 3270/1772/1450 3247/1772/1450 3272/1772/1451
f 3272/1772/1452 3275/1772/1452 3273/1772/1452
f 3272/1772/1453 3249/1772/1453 3274/1772/1453
f 3274/1772/1454 3277/1772/1454 3275/1772/1454
f 3274/1772/1455 3251/1772/1455 3276/1772/1456
f 3277/1772/1457 3278/1772/1457 3279/1772/1457
f 3251/1772/1458 3278/1772/1458 3276/1772/1458
f 3278/1772/1459 3281/1772/1459 3279/1772/1459
f 3253/1772/1460 3280/1772/1460 3278/1772/1460
f 3280/1772/1461 3283/1772/1461 3281/1772/1462
f 3255/1772/1463 3282/1772/1463 3280/1772/1463
f 3283/1772/1464 3284/1772/1464 3285/1772/1465
f 3282/1772/1466 3259/1772/1466 3284/1772/1466
f 3285/1772/1467 3286/1772/1467 3287/1772/1467
f 3284/1772/1468 3261/1772/1468 3286/1772/1468
f 3286/1772/1469 3289/1772/1469 3287/1772/1469
f 3286/1772/1470 3263/1772/1470 3288/1772/1470
f 3289/1772/1471 3266/1772/1471 3291/1772/1471
f 3287/1772/1472 3290/1772/1472 3312/1772/1473
f 3290/1772/1474 3291/1772/1474 3292/1772/1474
f 3291/1772/1475 3294/1772/1475 3292/1772/1475
f 3315/1772/1476 3292/1772/1476 3293/1772/1476
f 3293/1772/1477 3294/1772/1477 3295/1772/1477
f 3294/1772/1478 3297/1772/1478 3295/1772/1478
f 3269/1772/1479 3296/1772/1479 3294/1772/1479
f 3297/1772/1480 3298/1772/1480 3299/1772/1480
f 3296/1772/1481 3273/1772/1481 3298/1772/1482
f 3298/1772/1483 3301/1772/1483 3299/1772/1483
f 3298/1772/1484 3275/1772/1484 3300/1772/1484
f 3300/1772/1485 3303/1772/1485 3301/1772/1485
f 3275/1772/1486 3302/1772/1486 3300/1772/1486
f 3302/1772/1487 3305/1772/1487 3303/1772/1487
f 3302/1772/1488 3279/1772/1489 3304/1772/1488
f 3304/1772/1490 3307/1772/1490 3305/1772/1490
f 3279/1772/1491 3306/1772/1491 3304/1772/1491
f 3306/1772/1492 3309/1772/1492 3307/1772/1492
f 3281/1772/1493 3308/1772/1493 3306/1772/1493
f 3309/1772/1494 3310/1772/1494 3311/1772/1494
f 3308/1772/1495 3285/1772/1495 3310/1772/1495
f 3311/1772/1496 3312/1772/1496 3313/1772/1496
f 3310/1772/1497 3287/1772/1497 3312/1772/1497
f 3313/1772/1498 3290/1772/1498 3315/1772/1498
f 3336/1772/1499 3313/1772/1499 3314/1772/1499
f 3313/1772/1500 3316/1772/1500 3314/1772/1500
f 3316/1772/1501 3293/1772/1501 3318/1772/1501
f 3314/1772/1502 3317/1772/1502 3339/1772/1502
f 3317/1772/1503 3318/1772/1503 3319/1772/1503
f 3318/1772/1504 3321/1772/1504 3319/1772/1504
f 3293/1772/1505 3320/1772/1505 3318/1772/1505
f 3320/1772/1506 3323/1772/1506 3321/1772/1506
f 3295/1772/1507 3322/1772/1507 3320/1772/1508
f 3323/1772/1509 3324/1772/1509 3325/1772/1509
f 3322/1772/1510 3299/1772/1510 3324/1772/1511
f 3325/1772/1512 3326/1772/1512 3327/1772/1512
f 3299/1772/1513 3326/1772/1513 3324/1772/1513
f 3326/1772/1514 3329/1772/1514 3327/1772/1514
f 3301/1772/1515 3328/1772/1515 3326/1772/1515
f 3329/1772/1516 3330/1772/1516 3331/1772/1516
f 3328/1772/1517 3305/1772/1517 3330/1772/1517
f 3331/1772/1518 3332/1772/1518 3333/1772/1518
f 3305/1772/1519 3332/1772/1519 3330/1772/1519
f 3333/1772/1520 3334/1772/1520 3335/1772/1520
f 3307/1772/1521 3334/1772/1521 3332/1772/1522
f 3334/1772/1523 3337/1772/1523 3335/1772/1523
f 3334/1772/1524 3311/1772/1525 3336/1772/1526
f 3336/1772/1527 3339/1772/1527 3337/1772/1527
f 3335/1772/1528 3338/1772/1528 3360/1772/1528
f 3337/1772/1529 3340/1772/1529 3338/1772/1529
f 3340/1772/1530 3317/1772/1530 3342/1772/1530
f 3338/1772/1531 3341/1772/1531 3363/1772/1531
f 3341/1772/1532 3342/1772/1532 3343/1772/1532
f 3342/1772/1533 3345/1772/1533 3343/1772/1533
f 3317/1772/1534 3344/1772/1534 3342/1772/1534
f 3344/1772/1535 3347/1772/1535 3345/1772/1535
f 3344/1772/1536 3321/1772/1536 3346/1772/1536
f 3346/1772/1537 3349/1772/1537 3347/1772/1537
f 3346/1772/1538 3323/1772/1538 3348/1772/1538
f 3349/1772/1539 3350/1772/1539 3351/1772/1539
f 3323/1772/1540 3350/1772/1540 3348/1772/1540
f 3351/1772/1541 3352/1772/1541 3353/1772/1541
f 3325/1772/1542 3352/1772/1542 3350/1772/1542
f 3353/1772/1543 3354/1772/1543 3355/1772/1543
f 3352/1772/1544 3329/1772/1544 3354/1772/1544
f 3354/1772/1545 3357/1772/1545 3355/1772/1545
f 3329/1772/1546 3356/1772/1546 3354/1772/1546
f 3357/1772/1547 3358/1772/1547 3359/1772/1547
f 3356/1772/1548 3333/1772/1548 3358/1772/1549
f 3358/1772/1550 3361/1772/1550 3359/1772/1550
f 3358/1772/1551 3335/1772/1551 3360/1772/1551
f 3361/1772/1552 3338/1772/1552 3363/1772/1552
f 3359/1772/1553 3362/1772/1553 3384/1772/1554
f 3362/1772/1555 3363/1772/1555 3364/1772/1556
f 3363/1772/1557 3366/1772/1557 3364/1772/1557
f 3362/1772/1258 3365/1772/1258 3387/1772/1258
f 3365/1772/1250 3366/1772/1250 3367/1772/1250
f 3366/1772/1248 3369/1772/1248 3367/1772/1248
f 3341/1772/1558 3368/1772/1558 3366/1772/1558
f 3368/1772/1247 3371/1772/1247 3369/1772/1247
f 3368/1772/1559 3345/1772/1559 3370/1772/1559
f 3371/1772/1246 3372/1772/1246 3373/1772/1246
f 3370/1772/1560 3347/1772/1560 3372/1772/1560
f 3372/1772/1225 3375/1772/1225 3373/1772/1225
f 3347/1772/1561 3374/1772/1561 3372/1772/1562
f 3375/1772/1226 3376/1772/1226 3377/1772/1226
f 3374/1772/1563 3351/1772/1563 3376/1772/1564
f 3376/1772/1565 3379/1772/1565 3377/1772/1565
f 3351/1772/1566 3378/1772/1566 3376/1772/1566
f 3379/1772/1567 3380/1772/1567 3381/1772/1567
f 3353/1772/1568 3380/1772/1568 3378/1772/1568
f 3381/1772/1262 3382/1772/1262 3383/1772/1262
f 3380/1772/1569 3357/1772/1569 3382/1772/1569
f 3382/1772/1260 3385/1772/1260 3383/1772/1260
f 3382/1772/1570 3359/1772/1570 3384/1772/1570
f 3385/1772/1259 3362/1772/1259 3387/1772/1259
f 3383/1772/1261 3386/1772/1261 3408/1772/1261
f 3386/1772/1257 3387/1772/1257 3388/1772/1571
f 3387/1772/1255 3390/1772/1255 3388/1772/1572
f 3386/1772/1256 3389/1772/1256 3411/1772/1256
f 3389/1772/1254 3390/1772/1254 3391/1772/1254
f 3391/1772/1253 3392/1772/1253 3393/1772/1253
f 3390/1772/1251 3367/1772/1251 3392/1772/1251
f 3392/1772/1252 3395/1772/1252 3393/1772/1252
f 3392/1772/1249 3369/1772/1249 3394/1772/1249
f 3394/1772/1243 3397/1772/1243 3395/1772/1243
f 3394/1772/1245 3371/1772/1245 3396/1772/1245
f 3397/1772/1241 3398/1772/1241 3399/1772/1241
f 3396/1772/1244 3373/1772/1244 3398/1772/1244
f 3398/1772/1230 3401/1772/1230 3399/1772/1573
f 3373/1772/1223 3400/1772/1223 3398/1772/1574
f 3401/1772/1229 3402/1772/1229 3403/1772/1575
f 3400/1772/1227 3377/1772/1227 3402/1772/1576
f 3402/1772/1232 3405/1772/1232 3403/1772/1232
f 3377/1772/1231 3404/1772/1231 3402/1772/1231
f 3405/1772/1577 3406/1772/1577 3407/1772/1577
f 3379/1772/1267 3406/1772/1267 3404/1772/1267
f 3407/1772/1578 3408/1772/1578 3409/1772/1578
f 3381/1772/1263 3408/1772/1263 3406/1772/1263
f 3408/1772/1264 3411/1772/1264 3409/1772/1264
f 3407/1772/1268 3410/1772/1268 3432/1772/1269
f 3409/1772/1302 3412/1772/1302 3410/1772/1579
f 3411/1772/1300 3414/1772/1300 3412/1772/1300
f 3410/1772/1301 3413/1772/1301 3435/1772/1301
f 3413/1772/1299 3414/1772/1299 3415/1772/1299
f 3414/1772/1297 3417/1772/1297 3415/1772/1297
f 3414/1772/1298 3391/1772/1298 3416/1772/1298
f 3417/1772/1295 3418/1772/1295 3419/1772/1295
f 3416/1772/1296 3393/1772/1296 3418/1772/1296
f 3418/1772/1292 3421/1772/1292 3419/1772/1291
f 3418/1772/1294 3395/1772/1294 3420/1772/1294
f 3421/1772/1580 3422/1772/1580 3423/1772/1289
f 3395/1772/1242 3422/1772/1242 3420/1772/1242
f 3423/1772/1239 3424/1772/1239 3425/1772/1239
f 3422/1772/1240 3399/1772/1240 3424/1772/1240
f 3425/1772/1237 3426/1772/1237 3427/1772/1237
f 3399/1772/1238 3426/1772/1238 3424/1772/1238
f 3426/1772/1236 3429/1772/1236 3427/1772/1236
f 3426/1772/1234 3403/1772/1234 3428/1772/1234
f 3428/1772/1235 3431/1772/1235 3429/1772/1235
f 3403/1772/1233 3430/1772/1233 3428/1772/1233
f 3430/1772/1272 3433/1772/1272 3431/1772/1272
f 3430/1772/1270 3407/1772/1270 3432/1772/1270
f 3433/1772/1271 3410/1772/1271 3435/1772/1271
f 3431/1772/1274 3434/1772/1274 3456/1772/1274
f 3434/1772/1273 3435/1772/1273 3436/1772/1273
f 3435/1772/1306 3438/1772/1306 3436/1772/1306
f 3459/1772/1310 3436/1772/1310 3437/1772/1310
f 3436/1772/1309 3439/1772/1309 3437/1772/1309
f 3439/1772/1581 3440/1772/1581 3441/1772/1581
f 3438/1772/1303 3415/1772/1304 3440/1772/1303
f 3440/1772/1582 3443/1772/1582 3441/1772/1336
f 3415/1772/1338 3442/1772/1338 3440/1772/1339
f 3443/1772/1334 3444/1772/1334 3445/1772/1583
f 3442/1772/1335 3419/1772/1335 3444/1772/1335
f 3444/1772/1332 3447/1772/1332 3445/1772/1332
f 3419/1772/1290 3446/1772/1290 3444/1772/1290
f 3447/1772/1286 3448/1772/1286 3449/1772/1286
f 3446/1772/1287 3423/1772/1287 3448/1772/1287
f 3448/1772/1283 3451/1772/1283 3449/1772/1584
f 3423/1772/1285 3450/1772/1285 3448/1772/1285
f 3450/1772/1280 3453/1772/1280 3451/1772/1585
f 3450/1772/1282 3427/1772/1282 3452/1772/1282
f 3453/1772/1278 3454/1772/1586 3455/1772/1586
f 3427/1772/1279 3454/1772/1279 3452/1772/1279
f 3455/1772/1277 3456/1772/1277 3457/1772/1587
f 3454/1772/1275 3431/1772/1275 3456/1772/1275
f 3456/1772/1276 3459/1772/1276 3457/1772/1276
f 3455/1772/1320 3458/1772/1320 3480/1772/1320
f 3457/1772/1314 3460/1772/1314 3458/1772/1314
f 3460/1772/1588 3437/1772/1588 3462/1772/1588
f 3483/1772/1317 3460/1772/1317 3461/1772/1317
f 3461/1772/1315 3462/1772/1315 3463/1772/1315
f 3463/1772/1346 3464/1772/1346 3465/1772/1346
f 3462/1772/1311 3439/1772/1311 3464/1772/1311
f 3464/1772/1345 3467/1772/1345 3465/1772/1345
f 3439/1772/1589 3466/1772/1589 3464/1772/1342
f 3467/1772/1343 3468/1772/1343 3469/1772/1343
f 3466/1772/1590 3443/1772/1590 3468/1772/1590
f 3468/1772/1372 3471/1772/1373 3469/1772/1373
f 3443/1772/1333 3470/1772/1333 3468/1772/1333
f 3470/1772/1591 3473/1772/1591 3471/1772/1591
f 3445/1772/1331 3472/1772/1331 3470/1772/1331
f 3472/1772/1328 3475/1772/1328 3473/1772/1328
f 3472/1772/1329 3449/1772/1329 3474/1772/1329
f 3474/1772/1325 3477/1772/1325 3475/1772/1325
f 3474/1772/1327 3451/1772/1327 3476/1772/1327
f 3477/1772/1323 3478/1772/1323 3479/1772/1323
f 3476/1772/1324 3453/1772/1324 3478/1772/1592
f 3478/1772/1321 3481/1772/1321 3479/1772/1321
f 3453/1772/1322 3480/1772/1322 3478/1772/1593
f 3481/1772/1319 3458/1772/1319 3483/1772/1319
f 3479/1772/1594 3482/1772/1594 3504/1772/1595
f 3481/1772/1358 3484/1772/1358 3482/1772/1358
f 3483/1772/1356 3486/1772/1356 3484/1772/1356
f 3507/1772/1357 3484/1772/1357 3485/1772/1357
f 3485/1772/1355 3486/1772/1355 3487/1772/1354
f 3486/1772/1596 3489/1772/1596 3487/1772/1596
f 3461/1772/1351 3488/1772/1351 3486/1772/1351
f 3489/1772/1352 3490/1772/1352 3491/1772/1352
f 3463/1772/1349 3490/1772/1349 3488/1772/1349
f 3490/1772/1377 3493/1772/1377 3491/1772/1377
f 3490/1772/1348 3467/1772/1348 3492/1772/1348
f 3492/1772/1376 3495/1772/1376 3493/1772/1376
f 3467/1772/1375 3494/1772/1375 3492/1772/1375
f 3494/1772/1370 3497/1772/1370 3495/1772/1370
f 3494/1772/1371 3471/1772/1371 3496/1772/1371
f 3497/1772/1368 3498/1772/1368 3499/1772/1368
f 3496/1772/1369 3473/1772/1369 3498/1772/1369
f 3498/1772/1366 3501/1772/1366 3499/1772/1366
f 3498/1772/1367 3475/1772/1367 3500/1772/1367
f 3500/1772/1364 3503/1772/1364 3501/1772/1364
f 3500/1772/1597 3477/1772/1597 3502/1772/1365
f 3503/1772/1361 3504/1772/1361 3505/1772/1361
f 3502/1772/1598 3479/1772/1598 3504/1772/1599
f 3504/1772/1359 3507/1772/1359 3505/1772/1359
f 3503/1772/1399 3506/1772/1400 3528/1772/1399
f 3506/1772/1396 3507/1772/1396 3508/1772/1397
f 3508/1772/1600 3485/1772/1600 3510/1772/1393
f 3531/1772/1394 3508/1772/1394 3509/1772/1394
f 3508/1772/1392 3511/1772/1392 3509/1772/1601
f 3510/1772/1389 3513/1772/1389 3511/1772/1389
f 3510/1772/1602 3487/1772/1602 3512/1772/1390
f 3512/1772/1386 3515/1772/1386 3513/1772/1386
f 3487/1772/1603 3514/1772/1603 3512/1772/1388
f 3514/1772/1384 3517/1772/1384 3515/1772/1384
f 3514/1772/1382 3491/1772/1382 3516/1772/1382
f 3516/1772/1383 3519/1772/1383 3517/1772/1383
f 3491/1772/1381 3518/1772/1380 3516/1772/1380
f 3519/1772/1411 3520/1772/1411 3521/1772/1411
f 3518/1772/1378 3495/1772/1379 3520/1772/1378
f 3521/1772/1409 3522/1772/1409 3523/1772/1409
f 3495/1772/1410 3522/1772/1410 3520/1772/1410
f 3523/1772/1604 3524/1772/1604 3525/1772/1406
f 3522/1772/1407 3499/1772/1407 3524/1772/1407
f 3525/1772/1403 3526/1772/1403 3527/1772/1403
f 3499/1772/1405 3526/1772/1405 3524/1772/1405
f 3527/1772/1401 3528/1772/1401 3529/1772/1605
f 3501/1772/1402 3528/1772/1402 3526/1772/1402
f 3528/1772/1398 3531/1772/1398 3529/1772/1398
f 3527/1772/1437 3530/1772/1437 3552/1772/1606
f 3530/1772/1434 3531/1772/1434 3532/1772/1434
f 3531/1772/1430 3534/1772/1430 3532/1772/1430
f 3555/1772/1432 3532/1772/1433 3533/1772/1433
f 3532/1772/1428 3535/1772/1428 3533/1772/1428
f 3534/1772/1607 3537/1772/1426 3535/1772/1607
f 3534/1772/1427 3511/1772/1427 3536/1772/1427
f 3536/1772/1608 3539/1772/1608 3537/1772/1424
f 3536/1772/1425 3513/1772/1425 3538/1772/1425
f 3539/1772/1609 3540/1772/1609 3541/1772/1609
f 3538/1772/1423 3515/1772/1423 3540/1772/1423
f 3540/1772/1420 3543/1772/1420 3541/1772/1420
f 3540/1772/1421 3517/1772/1421 3542/1772/1421
f 3543/1772/1610 3544/1772/1419 3545/1772/1610
f 3542/1772/1415 3519/1772/1415 3544/1772/1415
f 3544/1772/1417 3547/1772/1418 3545/1772/1418
f 3519/1772/1413 3546/1772/1413 3544/1772/1413
f 3547/1772/1442 3548/1772/1442 3549/1772/1442
f 3521/1772/1611 3548/1772/1611 3546/1772/1412
f 3548/1772/1440 3551/1772/1440 3549/1772/1440
f 3523/1772/1612 3550/1772/1612 3548/1772/1612
f 3551/1772/1438 3552/1772/1438 3553/1772/1438
f 3525/1772/1439 3552/1772/1439 3550/1772/1613
f 3553/1772/1436 3530/1772/1436 3555/1772/1436
f 3576/1772/1470 3553/1772/1470 3554/1772/1614
f 3554/1772/1468 3555/1772/1468 3556/1772/1468
f 3555/1772/1466 3558/1772/1466 3556/1772/1466
f 3554/1772/1467 3557/1772/1467 3579/1772/1467
f 3556/1772/1465 3559/1772/1465 3557/1772/1465
f 3559/1772/1462 3560/1772/1462 3561/1772/1462
f 3558/1772/1463 3535/1772/1463 3560/1772/1463
f 3561/1772/1459 3562/1772/1459 3563/1772/1459
f 3535/1772/1460 3562/1772/1460 3560/1772/1460
f 3563/1772/1457 3564/1772/1457 3565/1772/1457
f 3537/1772/1615 3564/1772/1615 3562/1772/1616
f 3565/1772/1454 3566/1772/1454 3567/1772/1454
f 3539/1772/1456 3566/1772/1456 3564/1772/1456
f 3567/1772/1452 3568/1772/1452 3569/1772/1452
f 3541/1772/1453 3568/1772/1453 3566/1772/1453
f 3568/1772/1617 3571/1772/1617 3569/1772/1617
f 3568/1772/1450 3545/1772/1450 3570/1772/1450
f 3571/1772/1618 3572/1772/1618 3573/1772/1618
f 3545/1772/1445 3572/1772/1445 3570/1772/1445
f 3572/1772/1447 3575/1772/1447 3573/1772/1447
f 3572/1772/1444 3549/1772/1444 3574/1772/1444
f 3574/1772/1471 3577/1772/1471 3575/1772/1471
f 3574/1772/1443 3551/1772/1443 3576/1772/1443
f 3576/1772/1469 3579/1772/1469 3577/1772/1469
f 3600/1772/1474 3577/1772/1474 3578/1772/1474
f 3578/1772/1473 3579/1772/1473 3580/1772/1472
f 3580/1772/1497 3557/1772/1497 3582/1772/1619
f 3578/1772/1498 3581/1772/1498 3603/1772/1498
f 3580/1772/1496 3583/1772/1496 3581/1772/1496
f 3583/1772/1494 3584/1772/1494 3585/1772/1494
f 3582/1772/1620 3559/1772/1620 3584/1772/1620
f 3584/1772/1492 3587/1772/1492 3585/1772/1492
f 3559/1772/1621 3586/1772/1621 3584/1772/1621
f 3587/1772/1490 3588/1772/1490 3589/1772/1490
f 3561/1772/1622 3588/1772/1622 3586/1772/1491
f 3589/1772/1623 3590/1772/1623 3591/1772/1623
f 3563/1772/1489 3590/1772/1489 3588/1772/1489
f 3591/1772/1624 3592/1772/1624 3593/1772/1485
f 3565/1772/1486 3592/1772/1486 3590/1772/1486
f 3593/1772/1483 3594/1772/1483 3595/1772/1483
f 3567/1772/1625 3594/1772/1625 3592/1772/1625
f 3595/1772/1626 3596/1772/1626 3597/1772/1626
f 3569/1772/1481 3596/1772/1481 3594/1772/1481
f 3596/1772/1627 3599/1772/1627 3597/1772/1627
f 3596/1772/1628 3573/1772/1628 3598/1772/1628
f 3598/1772/1477 3601/1772/1477 3599/1772/1477
f 3598/1772/1475 3575/1772/1629 3600/1772/1475
f 3600/1772/1476 3603/1772/1476 3601/1772/1476
f 3599/1772/1505 3602/1772/1505 3624/1772/1505
f 3602/1772/1501 3603/1772/1501 3604/1772/1501
f 3604/1772/1500 3581/1772/1500 3606/1772/1500
f 3627/1772/1503 3604/1772/1503 3605/1772/1503
f 3604/1772/1502 3607/1772/1502 3605/1772/1502
f 3607/1772/1527 3608/1772/1527 3609/1772/1527
f 3581/1772/1499 3608/1772/1630 3606/1772/1499
f 3608/1772/1523 3611/1772/1631 3609/1772/1523
f 3608/1772/1524 3585/1772/1524 3610/1772/1524
f 3611/1772/1632 3612/1772/1520 3613/1772/1520
f 3585/1772/1521 3612/1772/1522 3610/1772/1633
f 3612/1772/1518 3615/1772/1518 3613/1772/1518
f 3612/1772/1519 3589/1772/1519 3614/1772/1519
f 3615/1772/1516 3616/1772/1516 3617/1772/1516
f 3589/1772/1517 3616/1772/1517 3614/1772/1517
f 3616/1772/1514 3619/1772/1514 3617/1772/1514
f 3591/1772/1515 3618/1772/1515 3616/1772/1515
f 3618/1772/1512 3621/1772/1512 3619/1772/1512
f 3618/1772/1513 3595/1772/1513 3620/1772/1513
f 3621/1772/1509 3622/1772/1509 3623/1772/1509
f 3620/1772/1511 3597/1772/1511 3622/1772/1511
f 3622/1772/1506 3625/1772/1506 3623/1772/1506
f 3597/1772/1508 3624/1772/1508 3622/1772/1508
f 3625/1772/1504 3602/1772/1504 3627/1772/1504
f 3623/1772/1538 3626/1772/1538 3648/1772/1538
f 3626/1772/1536 3627/1772/1536 3628/1772/1536
f 3627/1772/1634 3630/1772/1634 3628/1772/1634
f 3626/1772/1535 3629/1772/1535 3650/1772/1535
f 3629/1772/1533 3630/1772/1533 3631/1772/1533
f 3631/1772/1532 3632/1772/1532 3633/1772/1532
f 3605/1772/1635 3632/1772/1635 3630/1772/1635
f 3633/1772/1531 3634/1772/1531 3635/1772/1531
f 3632/1772/1529 3609/1772/1529 3634/1772/1529
f 3634/1772/1552 3637/1772/1552 3635/1772/1552
f 3609/1772/1528 3636/1772/1528 3634/1772/1528
f 3637/1772/1550 3638/1772/1550 3639/1772/1550
f 3636/1772/1551 3613/1772/1551 3638/1772/1551
f 3638/1772/1547 3641/1772/1547 3639/1772/1636
f 3613/1772/1548 3640/1772/1548 3638/1772/1548
f 3640/1772/1545 3643/1772/1545 3641/1772/1545
f 3640/1772/1546 3617/1772/1546 3642/1772/1546
f 3642/1772/1543 3645/1772/1543 3643/1772/1543
f 3642/1772/1544 3619/1772/1544 3644/1772/1544
f 3645/1772/1541 3646/1772/1541 3647/1772/1637
f 3619/1772/1542 3646/1772/1542 3644/1772/1542
f 3647/1772/1539 3648/1772/1539 3649/1772/1539
f 3646/1772/1540 3623/1772/1540 3648/1772/1540
f 3648/1772/1537 3650/1772/1537 3649/1772/1537
f 3652/1772/1563 3649/1772/1563 3083/1772/1638
f 3649/1772/1561 3651/1772/1561 3083/1772/1639
f 3650/1772/1560 3106/1772/1560 3651/1772/1560
f 3653/1772/1566 3647/1772/1566 3652/1772/1566
f 3655/1772/1565 3652/1772/1565 3084/1772/1565
f 3643/1772/1640 3653/1772/1640 3654/1772/1640
f 3654/1772/1567 3655/1772/1567 3125/1772/1567
f 3641/1772/1641 3654/1772/1641 3124/1772/1641
f 3122/1772/1570 3641/1772/1570 3124/1772/1570
f 3637/1772/1553 3122/1772/1553 3120/1772/1553
f 3656/1772/1555 3637/1772/1555 3120/1772/1555
f 3633/1772/1557 3656/1772/1557 3110/1772/1557
f 3108/1772/1558 3633/1772/1558 3110/1772/1558
f 3106/1772/1559 3631/1772/1559 3108/1772/1559
f 3657/1773/1642 3663/1773/1642 3661/1773/1642
f 3659/1773/1643 3658/1773/1643 3657/1773/1643
f 3660/1773/1644 3659/1773/1644 3657/1773/1644
f 3664/1773/1645 3657/1773/1645 3661/1773/1645
f 3666/1773/1646 3661/1773/1646 3662/1773/1646
f 3661/1773/1647 3676/1773/1647 3662/1773/1647
f 4231/1773/1648 3664/1773/1648 3665/1773/1648
f 3665/1773/1649 3666/1773/1649 3667/1773/1649
f 3667/1773/1650 3668/1773/1650 3669/1773/1650
f 3666/1773/1651 3671/1773/1651 3668/1773/1651
f 3669/1773/1652 3670/1773/1652 3711/1773/1653
f 3668/1773/1654 3672/1773/1654 3670/1773/1654
f 3672/1773/1655 3673/1773/1655 3674/1773/1655
f 3671/1773/1656 3676/1773/1656 3673/1773/1656
f 3673/1773/1657 3723/1773/1657 3674/1773/1657
f 3673/1773/1658 3677/1773/1658 3675/1773/1658
f 3676/1773/1659 3679/1773/1659 3677/1773/1659
f 3677/1773/1660 3726/1773/1660 3675/1773/1660
f 3679/1773/1661 3678/1773/1661 3677/1773/1661
f 3663/1773/1662 3681/1773/1662 3679/1773/1662
f 3681/1773/1663 3680/1773/1663 3679/1773/1663
f 3658/1773/1664 3682/1773/1664 3681/1773/1664
f 3682/1773/1665 3683/1773/1665 3681/1773/1665
f 3683/1773/1666 3686/1773/1666 3685/1773/1666
f 3680/1773/1667 3685/1773/1667 3688/1773/1667
f 3686/1773/1668 3687/1773/1668 3685/1773/1668
f 3685/1773/1669 3690/1773/1669 3688/1773/1669
f 3678/1773/1670 3688/1773/1670 3689/1773/1670
f 3688/1773/1671 3691/1773/1671 3689/1773/1671
f 3691/1773/1672 3692/1773/1672 3693/1773/1672
f 3687/1773/1673 3692/1773/1673 3690/1773/1673
f 3692/1773/1674 3734/1773/1674 3693/1773/1674
f 3692/1773/1675 3697/1773/1675 3694/1773/1675
f 3687/1773/1676 3696/1773/1676 3695/1773/1676
f 3696/1773/1677 3697/1773/1677 3695/1773/1677
f 3697/1773/1678 3700/1773/1678 3699/1773/1678
f 3694/1773/1679 3699/1773/1679 3702/1773/1679
f 3700/1773/1680 3701/1773/1680 3699/1773/1680
f 3699/1773/1681 3704/1773/1681 3702/1773/1681
f 3734/1773/1682 3702/1773/1682 3703/1773/1682
f 3702/1773/1683 3705/1773/1683 3703/1773/1683
f 3705/1773/1684 3665/1773/1684 3667/1773/1684
f 3704/1773/1685 4231/1773/1685 3665/1773/1685
f 3703/1773/1686 3706/1773/1686 3707/1773/1686
f 3706/1773/1687 3667/1773/1687 3669/1773/1687
f 3707/1773/1688 3708/1773/1688 3709/1773/1688
f 3708/1773/1689 3669/1773/1689 3711/1773/1689
f 3709/1773/1690 3710/1773/1690 3738/1773/1690
f 3710/1773/1691 3711/1773/1691 3712/1773/1691
f 3711/1773/1692 3714/1773/1692 3712/1773/1692
f 3741/1773/1693 3712/1773/1693 3713/1773/1693
f 3712/1773/1694 3715/1773/1694 3713/1773/1694
f 3715/1773/1695 3716/1773/1695 3717/1773/1695
f 3670/1773/1696 3716/1773/1696 3714/1773/1696
f 3716/1773/1697 3719/1773/1697 3717/1773/1697
f 3716/1773/1698 3674/1773/1698 3718/1773/1698
f 3719/1773/1699 3720/1773/1699 3721/1773/1699
f 3718/1773/1700 3723/1773/1700 3720/1773/1700
f 3720/1773/1701 3757/1773/1701 3721/1773/1702
f 3723/1773/1703 3722/1773/1703 3720/1773/1703
f 3675/1773/1704 3724/1773/1704 3723/1773/1704
f 3722/1773/1705 3725/1773/1705 3760/1773/1705
f 3724/1773/1706 3727/1773/1706 3725/1773/1706
f 3726/1773/1707 3689/1773/1707 3727/1773/1708
f 3727/1773/1709 3729/1773/1710 3725/1773/1709
f 3689/1773/1711 3728/1773/1711 3727/1773/1712
f 3729/1773/1713 3730/1773/1713 3731/1773/1714
f 3728/1773/1715 3693/1773/1716 3730/1773/1716
f 3730/1773/1717 3733/1773/1717 3731/1773/1718
f 3693/1773/1719 3732/1773/1720 3730/1773/1719
f 3733/1773/1721 3707/1773/1721 3709/1773/1721
f 3732/1773/1722 3703/1773/1723 3707/1773/1724
f 3731/1773/1725 3735/1773/1725 3736/1773/1725
f 3735/1773/1726 3709/1773/1726 3738/1773/1726
f 3736/1773/1727 3737/1773/1727 3763/1773/1727
f 3735/1773/1728 3739/1773/1728 3737/1773/1728
f 3739/1773/1729 3710/1773/1729 3741/1773/1729
f 3737/1773/1730 3740/1773/1730 3766/1773/1731
f 3740/1773/1732 3741/1773/1732 3742/1773/1732
f 3741/1773/1733 3744/1773/1733 3742/1773/1733
f 3769/1773/1734 3742/1773/1734 3743/1773/1734
f 3743/1773/1735 3744/1773/1735 3745/1773/1735
f 3744/1773/1736 3747/1773/1736 3745/1773/1736
f 3744/1773/1737 3715/1773/1737 3746/1773/1737
f 3746/1773/1738 3749/1773/1738 3747/1773/1739
f 3715/1773/1740 3748/1773/1740 3746/1773/1740
f 3749/1773/1741 3750/1773/1741 3751/1773/1741
f 3748/1773/1742 3719/1773/1742 3750/1773/1743
f 3751/1773/1744 3752/1773/1744 3753/1773/1745
f 3719/1773/1746 3752/1773/1746 3750/1773/1746
f 3752/1773/1747 3755/1773/1747 3753/1773/1747
f 3752/1773/1748 3757/1773/1748 3754/1773/1748
f 3754/1773/1749 3789/1773/1749 3755/1773/1750
f 3757/1773/1751 3756/1773/1751 3754/1773/1751
f 3722/1773/1752 3758/1773/1752 3757/1773/1753
f 3756/1773/1754 3759/1773/1754 3762/1773/1755
f 3758/1773/1756 3761/1773/1756 3759/1773/1756
f 3725/1773/1757 3761/1773/1757 3760/1773/1757
f 3759/1773/1758 3736/1773/1758 3763/1773/1758
f 3761/1773/1759 3731/1773/1759 3736/1773/1759
f 3759/1773/1760 3764/1773/1761 3762/1773/1762
f 3764/1773/1763 3737/1773/1763 3766/1773/1764
f 3762/1773/1765 3765/1773/1765 3790/1773/1766
f 3765/1773/1767 3766/1773/1767 3767/1773/1768
f 3767/1773/1769 3740/1773/1769 3769/1773/1769
f 3765/1773/1770 3768/1773/1770 3792/1773/1770
f 3767/1773/1771 3770/1773/1771 3768/1773/1771
f 3770/1773/1772 3743/1773/1772 3772/1773/1772
f 3768/1773/1773 3771/1773/1773 3795/1773/1773
f 3770/1773/1774 3773/1773/1774 3771/1773/1774
f 3772/1773/1775 3775/1773/1775 3773/1773/1775
f 3772/1773/1776 3745/1773/1776 3774/1773/1776
f 3774/1773/1777 3777/1773/1777 3775/1773/1777
f 3745/1773/1778 3776/1773/1778 3774/1773/1778
f 3777/1773/1779 3778/1773/1779 3779/1773/1780
f 3776/1773/1781 3749/1773/1781 3778/1773/1781
f 3778/1773/1782 3781/1773/1782 3779/1773/1783
f 3749/1773/1784 3780/1773/1784 3778/1773/1784
f 3781/1773/1785 3782/1773/1785 3783/1773/1785
f 3780/1773/1786 3753/1773/1786 3782/1773/1786
f 3783/1773/1787 3784/1773/1787 3785/1773/1787
f 3753/1773/1788 3784/1773/1788 3782/1773/1789
f 3785/1773/1790 3786/1773/1790 3787/1773/1790
f 3755/1773/1791 3786/1773/1791 3784/1773/1791
f 3787/1773/1792 3788/1773/1792 3791/1773/1792
f 3786/1773/1793 3790/1773/1793 3788/1773/1793
f 3756/1773/1794 3790/1773/1794 3789/1773/1794
f 3788/1773/1795 3765/1773/1795 3792/1773/1795
f 3788/1773/1796 3793/1773/1796 3791/1773/1796
f 3793/1773/1797 3768/1773/1797 3795/1773/1797
f 3791/1773/1798 3794/1773/1798 3816/1773/1798
f 3794/1773/1799 3795/1773/1799 3796/1773/1799
f 3795/1773/1800 3798/1773/1800 3796/1773/1800
f 3794/1773/1801 3797/1773/1801 3819/1773/1801
f 3797/1773/1802 3798/1773/1802 3799/1773/1803
f 3799/1773/1804 3800/1773/1804 3801/1773/1804
f 3798/1773/1805 3773/1773/1805 3800/1773/1805
f 3800/1773/1806 3803/1773/1806 3801/1773/1806
f 3800/1773/1807 3775/1773/1807 3802/1773/1807
f 3802/1773/1808 3805/1773/1808 3803/1773/1808
f 3802/1773/1809 3777/1773/1809 3804/1773/1809
f 3804/1773/1810 3807/1773/1810 3805/1773/1810
f 3777/1773/1811 3806/1773/1811 3804/1773/1811
f 3807/1773/1812 3808/1773/1812 3809/1773/1812
f 3779/1773/1813 3808/1773/1813 3806/1773/1813
f 3809/1773/1814 3810/1773/1814 3811/1773/1814
f 3781/1773/1815 3810/1773/1815 3808/1773/1815
f 3811/1773/1816 3812/1773/1816 3813/1773/1816
f 3783/1773/1817 3812/1773/1817 3810/1773/1818
f 3812/1773/1819 3815/1773/1819 3813/1773/1819
f 3785/1773/1820 3814/1773/1820 3812/1773/1820
f 3815/1773/1821 3816/1773/1821 3817/1773/1821
f 3814/1773/1822 3791/1773/1822 3816/1773/1822
f 3817/1773/1823 3794/1773/1823 3819/1773/1823
f 3815/1773/1824 3818/1773/1824 3840/1773/1824
f 3817/1773/1825 3820/1773/1825 3818/1773/1825
f 3820/1773/1826 3797/1773/1826 3822/1773/1826
f 3843/1773/1827 3820/1773/1827 3821/1773/1827
f 3820/1773/1828 3823/1773/1828 3821/1773/1828
f 3823/1773/1829 3824/1773/1829 3825/1773/1829
f 3822/1773/1830 3799/1773/1830 3824/1773/1831
f 3825/1773/1832 3826/1773/1832 3827/1773/1832
f 3799/1773/1833 3826/1773/1833 3824/1773/1833
f 3826/1773/1834 3829/1773/1834 3827/1773/1834
f 3826/1773/1835 3803/1773/1835 3828/1773/1835
f 3828/1773/1836 3831/1773/1836 3829/1773/1836
f 3828/1773/1837 3805/1773/1837 3830/1773/1837
f 3831/1773/1838 3832/1773/1838 3833/1773/1838
f 3830/1773/1839 3807/1773/1839 3832/1773/1839
f 3832/1773/1840 3835/1773/1840 3833/1773/1840
f 3807/1773/1841 3834/1773/1841 3832/1773/1841
f 3835/1773/1842 3836/1773/1842 3837/1773/1842
f 3809/1773/1843 3836/1773/1843 3834/1773/1843
f 3837/1773/1844 3838/1773/1844 3839/1773/1844
f 3811/1773/1845 3838/1773/1845 3836/1773/1846
f 3838/1773/1847 3841/1773/1847 3839/1773/1847
f 3838/1773/1848 3815/1773/1848 3840/1773/1849
f 3840/1773/1850 3843/1773/1850 3841/1773/1850
f 3864/1773/1851 3841/1773/1851 3842/1773/1851
f 3842/1773/1852 3843/1773/1852 3844/1773/1852
f 3844/1773/1853 3821/1773/1853 3846/1773/1853
f 3842/1773/1854 3845/1773/1854 3867/1773/1854
f 3844/1773/1855 3847/1773/1855 3845/1773/1855
f 3847/1773/1856 3848/1773/1856 3849/1773/1856
f 3821/1773/1857 3848/1773/1857 3846/1773/1857
f 3849/1773/1858 3850/1773/1858 3851/1773/1858
f 3823/1773/1859 3850/1773/1859 3848/1773/1859
f 3850/1773/1860 3853/1773/1860 3851/1773/1860
f 3825/1773/1861 3852/1773/1861 3850/1773/1861
f 3852/1773/1862 3855/1773/1862 3853/1773/1863
f 3852/1773/1864 3829/1773/1864 3854/1773/1864
f 3855/1773/1865 3856/1773/1865 3857/1773/1865
f 3829/1773/1866 3856/1773/1866 3854/1773/1866
f 3856/1773/1867 3859/1773/1867 3857/1773/1867
f 3831/1773/1868 3858/1773/1868 3856/1773/1868
f 3859/1773/1869 3860/1773/1869 3861/1773/1869
f 3858/1773/1870 3835/1773/1870 3860/1773/1870
f 3860/1773/1871 3863/1773/1871 3861/1773/1871
f 3860/1773/1872 3837/1773/1872 3862/1773/1873
f 3863/1773/1874 3864/1773/1874 3865/1773/1875
f 3837/1773/1876 3864/1773/1876 3862/1773/1876
f 3865/1773/1877 3842/1773/1877 3867/1773/1877
f 3888/1773/1878 3865/1773/1878 3866/1773/1878
f 3866/1773/1879 3867/1773/1879 3868/1773/1879
f 3867/1773/1880 3870/1773/1880 3868/1773/1880
f 3891/1773/1881 3868/1773/1881 3869/1773/1881
f 3868/1773/1882 3871/1773/1882 3869/1773/1882
f 3871/1773/1883 3872/1773/1884 3873/1773/1884
f 3870/1773/1885 3847/1773/1885 3872/1773/1886
f 3872/1773/1887 3875/1773/1887 3873/1773/1887
f 3847/1773/1888 3874/1773/1888 3872/1773/1888
f 3875/1773/1889 3876/1773/1889 3877/1773/1889
f 3874/1773/1890 3851/1773/1890 3876/1773/1890
f 3876/1773/1891 3879/1773/1891 3877/1773/1891
f 3851/1773/1892 3878/1773/1892 3876/1773/1893
f 3879/1773/1894 3880/1773/1894 3881/1773/1894
f 3853/1773/1895 3880/1773/1895 3878/1773/1895
f 3881/1773/1896 3882/1773/1896 3883/1773/1896
f 3880/1773/1897 3857/1773/1897 3882/1773/1897
f 3883/1773/1898 3884/1773/1898 3885/1773/1898
f 3882/1773/1899 3859/1773/1899 3884/1773/1899
f 3884/1773/1900 3887/1773/1900 3885/1773/1900
f 3859/1773/1901 3886/1773/1901 3884/1773/1901
f 3886/1773/1902 3889/1773/1902 3887/1773/1902
f 3861/1773/1903 3888/1773/1903 3886/1773/1903
f 3888/1773/1904 3891/1773/1904 3889/1773/1904
f 3887/1773/1905 3890/1773/1905 3912/1773/1905
f 3890/1773/1906 3891/1773/1906 3892/1773/1906
f 3892/1773/1907 3869/1773/1907 3894/1773/1907
f 3915/1773/1908 3892/1773/1908 3893/1773/1908
f 3892/1773/1909 3895/1773/1909 3893/1773/1909
f 3895/1773/1910 3896/1773/1910 3897/1773/1910
f 3894/1773/1911 3871/1773/1911 3896/1773/1911
f 3896/1773/1912 3899/1773/1912 3897/1773/1912
f 3871/1773/1913 3898/1773/1913 3896/1773/1913
f 3899/1773/1914 3900/1773/1914 3901/1773/1914
f 3898/1773/1915 3875/1773/1915 3900/1773/1915
f 3900/1773/1916 3903/1773/1916 3901/1773/1916
f 3875/1773/1917 3902/1773/1917 3900/1773/1917
f 3903/1773/1918 3904/1773/1918 3905/1773/1918
f 3877/1773/1919 3904/1773/1919 3902/1773/1919
f 3904/1773/1920 3907/1773/1920 3905/1773/1920
f 3879/1773/1921 3906/1773/1921 3904/1773/1921
f 3907/1773/1922 3908/1773/1922 3909/1773/1922
f 3906/1773/1923 3883/1773/1923 3908/1773/1923
f 3908/1773/1924 3911/1773/1924 3909/1773/1924
f 3883/1773/1925 3910/1773/1925 3908/1773/1925
f 3911/1773/1926 3912/1773/1926 3913/1773/1926
f 3910/1773/1927 3887/1773/1927 3912/1773/1927
f 3912/1773/1928 3915/1773/1928 3913/1773/1928
f 3911/1773/1929 3914/1773/1929 3936/1773/1929
f 3913/1773/1930 3916/1773/1930 3914/1773/1931
f 3916/1773/1932 3893/1773/1932 3918/1773/1932
f 3914/1773/1933 3917/1773/1933 3939/1773/1933
f 3917/1773/1934 3918/1773/1934 3919/1773/1934
f 3918/1773/1935 3921/1773/1935 3919/1773/1935
f 3893/1773/1936 3920/1773/1936 3918/1773/1936
f 3921/1773/1937 3922/1773/1937 3923/1773/1937
f 3920/1773/1938 3897/1773/1938 3922/1773/1939
f 3922/1773/1940 3925/1773/1940 3923/1773/1940
f 3897/1773/1941 3924/1773/1941 3922/1773/1941
f 3925/1773/1942 3926/1773/1942 3927/1773/1942
f 3924/1773/1943 3901/1773/1943 3926/1773/1943
f 3926/1773/1944 3929/1773/1945 3927/1773/1944
f 3901/1773/1946 3928/1773/1946 3926/1773/1947
f 3929/1773/1948 3930/1773/1948 3931/1773/1948
f 3928/1773/1949 3905/1773/1949 3930/1773/1949
f 3930/1773/1950 3933/1773/1950 3931/1773/1950
f 3905/1773/1951 3932/1773/1951 3930/1773/1951
f 3933/1773/1952 3934/1773/1952 3935/1773/1952
f 3932/1773/1953 3909/1773/1953 3934/1773/1953
f 3935/1773/1954 3936/1773/1954 3937/1773/1954
f 3934/1773/1955 3911/1773/1955 3936/1773/1955
f 3936/1773/1956 3939/1773/1956 3937/1773/1956
f 3935/1773/1957 3938/1773/1957 3960/1773/1957
f 3938/1773/1958 3939/1773/1958 3940/1773/1958
f 3939/1773/1959 3942/1773/1959 3940/1773/1959
f 3963/1773/1676 3940/1773/1676 3941/1773/1676
f 3940/1773/1668 3943/1773/1668 3941/1773/1668
f 3943/1773/1666 3944/1773/1666 3945/1773/1666
f 3942/1773/1960 3919/1773/1960 3944/1773/1960
f 3944/1773/1665 3947/1773/1665 3945/1773/1665
f 3919/1773/1961 3946/1773/1961 3944/1773/1961
f 3947/1773/1664 3948/1773/1664 3949/1773/1664
f 3946/1773/1962 3923/1773/1962 3948/1773/1963
f 3949/1773/1643 3950/1773/1643 3951/1773/1643
f 3923/1773/1964 3950/1773/1964 3948/1773/1964
f 3950/1773/1644 3953/1773/1644 3951/1773/1644
f 3950/1773/1965 3927/1773/1965 3952/1773/1965
f 3952/1773/1966 3955/1773/1966 3953/1773/1966
f 3927/1773/1967 3954/1773/1967 3952/1773/1967
f 3955/1773/1968 3956/1773/1968 3957/1773/1968
f 3954/1773/1969 3931/1773/1969 3956/1773/1969
f 3956/1773/1680 3959/1773/1680 3957/1773/1680
f 3931/1773/1970 3958/1773/1970 3956/1773/1970
f 3959/1773/1678 3960/1773/1678 3961/1773/1678
f 3958/1773/1971 3935/1773/1971 3960/1773/1971
f 3960/1773/1677 3963/1773/1677 3961/1773/1677
f 3984/1773/1679 3961/1773/1679 3962/1773/1679
f 3961/1773/1675 3964/1773/1675 3962/1773/1675
f 3964/1773/1673 3941/1773/1673 3966/1773/1673
f 3962/1773/1674 3965/1773/1674 3987/1773/1674
f 3965/1773/1672 3966/1773/1672 3967/1773/1672
f 3966/1773/1671 3969/1773/1671 3967/1773/1671
f 3941/1773/1669 3968/1773/1669 3966/1773/1669
f 3969/1773/1670 3970/1773/1670 3971/1773/1670
f 3968/1773/1667 3945/1773/1667 3970/1773/1667
f 3970/1773/1661 3973/1773/1661 3971/1773/1661
f 3945/1773/1663 3972/1773/1663 3970/1773/1663
f 3973/1773/1659 3974/1773/1659 3975/1773/1659
f 3972/1773/1662 3949/1773/1662 3974/1773/1662
f 3974/1773/1647 3977/1773/1647 3975/1773/1647
f 3949/1773/1642 3976/1773/1642 3974/1773/1642
f 3977/1773/1646 3978/1773/1646 3979/1773/1646
f 3976/1773/1645 3953/1773/1645 3978/1773/1645
f 3978/1773/1649 3981/1773/1649 3979/1773/1649
f 3953/1773/1648 3980/1773/1648 3978/1773/1648
f 3981/1773/1684 3982/1773/1684 3983/1773/1684
f 3980/1773/1685 3957/1773/1685 3982/1773/1685
f 3982/1773/1683 3985/1773/1683 3983/1773/1683
f 3957/1773/1681 3984/1773/1681 3982/1773/1681
f 3985/1773/1682 3962/1773/1682 3987/1773/1682
f 4008/1773/1686 3985/1773/1686 3986/1773/1686
f 3985/1773/1723 3988/1773/1723 3986/1773/1723
f 3988/1773/1720 3965/1773/1720 3990/1773/1720
f 3986/1773/1972 3989/1773/1972 4011/1773/1972
f 3989/1773/1717 3990/1773/1717 3991/1773/1717
f 3990/1773/1713 3993/1773/1713 3991/1773/1713
f 3965/1773/1973 3992/1773/1973 3990/1773/1973
f 3993/1773/1710 3994/1773/1710 3995/1773/1710
f 3992/1773/1711 3969/1773/1711 3994/1773/1711
f 3994/1773/1706 3997/1773/1706 3995/1773/1706
f 3969/1773/1707 3996/1773/1707 3994/1773/1707
f 3996/1773/1704 3999/1773/1704 3997/1773/1704
f 3971/1773/1660 3998/1773/1660 3996/1773/1660
f 3999/1773/1974 4000/1773/1974 4001/1773/1657
f 3998/1773/1658 3975/1773/1975 4000/1773/1975
f 4001/1773/1655 4002/1773/1655 4003/1773/1655
f 4000/1773/1976 3977/1773/1976 4002/1773/1976
f 4002/1773/1654 4005/1773/1654 4003/1773/1654
f 3977/1773/1977 4004/1773/1977 4002/1773/1977
f 4004/1773/1652 4007/1773/1652 4005/1773/1653
f 3979/1773/1978 4006/1773/1650 4004/1773/1978
f 4007/1773/1689 4008/1773/1689 4009/1773/1689
f 4006/1773/1687 3983/1773/1687 4008/1773/1687
f 4009/1773/1688 3986/1773/1688 4011/1773/1688
f 4032/1773/1691 4009/1773/1691 4010/1773/1691
f 4009/1773/1690 4012/1773/1690 4010/1773/1690
f 4012/1773/1726 3989/1773/1726 4014/1773/1726
f 4010/1773/1729 4013/1773/1729 4035/1773/1729
f 4012/1773/1728 4015/1773/1728 4013/1773/1728
f 4014/1773/1727 4017/1773/1727 4015/1773/1727
f 4014/1773/1725 3991/1773/1725 4016/1773/1979
f 4017/1773/1758 4018/1773/1758 4019/1773/1758
f 3991/1773/1759 4018/1773/1759 4016/1773/1980
f 4019/1773/1756 4020/1773/1756 4021/1773/1756
f 3993/1773/1757 4020/1773/1757 4018/1773/1757
f 4021/1773/1753 4022/1773/1753 4023/1773/1753
f 4020/1773/1705 3997/1773/1705 4022/1773/1705
f 4022/1773/1702 4025/1773/1702 4023/1773/1701
f 3997/1773/1703 4024/1773/1703 4022/1773/1703
f 4024/1773/1699 4027/1773/1699 4025/1773/1699
f 4024/1773/1700 4001/1773/1700 4026/1773/1700
f 4027/1773/1697 4028/1773/1697 4029/1773/1697
f 4001/1773/1698 4028/1773/1698 4026/1773/1698
f 4028/1773/1695 4031/1773/1695 4029/1773/1695
f 4028/1773/1696 4005/1773/1696 4030/1773/1696
f 4031/1773/1694 4032/1773/1694 4033/1773/1694
f 4005/1773/1692 4032/1773/1692 4030/1773/1692
f 4033/1773/1693 4010/1773/1693 4035/1773/1693
f 4056/1773/1981 4033/1773/1981 4034/1773/1981
f 4033/1773/1733 4036/1773/1733 4034/1773/1733
f 4035/1773/1732 4038/1773/1732 4036/1773/1732
f 4034/1773/1735 4037/1773/1735 4059/1773/1735
f 4037/1773/1734 4038/1773/1734 4039/1773/1734
f 4039/1773/1769 4040/1773/1769 4041/1773/1769
f 4013/1773/1730 4040/1773/1730 4038/1773/1731
f 4041/1773/1767 4042/1773/1767 4043/1773/1767
f 4040/1773/1982 4017/1773/1982 4042/1773/1982
f 4042/1773/1765 4045/1773/1765 4043/1773/1765
f 4017/1773/1760 4044/1773/1760 4042/1773/1760
f 4044/1773/1794 4047/1773/1794 4045/1773/1794
f 4044/1773/1754 4021/1773/1754 4046/1773/1755
f 4046/1773/1750 4049/1773/1750 4047/1773/1750
f 4046/1773/1751 4023/1773/1751 4048/1773/1751
f 4049/1773/1983 4050/1773/1983 4051/1773/1983
f 4048/1773/1748 4025/1773/1748 4050/1773/1748
f 4051/1773/1744 4052/1773/1744 4053/1773/1744
f 4025/1773/1984 4052/1773/1746 4050/1773/1985
f 4053/1773/1741 4054/1773/1741 4055/1773/1741
f 4052/1773/1742 4029/1773/1742 4054/1773/1742
f 4054/1773/1738 4057/1773/1738 4055/1773/1738
f 4029/1773/1740 4056/1773/1740 4054/1773/1740
f 4056/1773/1736 4059/1773/1736 4057/1773/1736
f 4080/1773/1781 4057/1773/1781 4058/1773/1781
f 4058/1773/1986 4059/1773/1986 4060/1773/1986
f 4060/1773/1987 4037/1773/1987 4062/1773/1987
f 4083/1773/1777 4060/1773/1777 4061/1773/1777
f 4061/1773/1775 4062/1773/1775 4063/1773/1988
f 4062/1773/1989 4065/1773/1989 4063/1773/1989
f 4062/1773/1990 4039/1773/1990 4064/1773/1990
f 4064/1773/1773 4067/1773/1773 4065/1773/1773
f 4039/1773/1991 4066/1773/1991 4064/1773/1991
f 4066/1773/1797 4069/1773/1797 4067/1773/1992
f 4041/1773/1770 4068/1773/1770 4066/1773/1770
f 4069/1773/1796 4070/1773/1796 4071/1773/1993
f 4068/1773/1795 4045/1773/1795 4070/1773/1795
f 4071/1773/1792 4072/1773/1792 4073/1773/1792
f 4070/1773/1994 4047/1773/1994 4072/1773/1994
f 4073/1773/1790 4074/1773/1790 4075/1773/1790
f 4047/1773/1995 4074/1773/1995 4072/1773/1996
f 4074/1773/1787 4077/1773/1787 4075/1773/1787
f 4049/1773/1997 4076/1773/1997 4074/1773/1997
f 4076/1773/1785 4079/1773/1785 4077/1773/1785
f 4051/1773/1998 4078/1773/1998 4076/1773/1998
f 4079/1773/1782 4080/1773/1782 4081/1773/1782
f 4053/1773/1784 4080/1773/1784 4078/1773/1784
f 4080/1773/1779 4083/1773/1779 4081/1773/1779
f 4104/1773/1999 4081/1773/1813 4082/1773/1813
f 4081/1773/1811 4084/1773/2000 4082/1773/1811
f 4083/1773/1809 4086/1773/1809 4084/1773/1809
f 4107/1773/1810 4084/1773/1810 4085/1773/2001
f 4085/1773/1808 4086/1773/1808 4087/1773/1808
f 4086/1773/1806 4089/1773/1806 4087/1773/1806
f 4061/1773/1807 4088/1773/1807 4086/1773/1807
f 4088/1773/1804 4091/1773/1804 4089/1773/1804
f 4063/1773/1805 4090/1773/1805 4088/1773/1805
f 4091/1773/1802 4092/1773/1802 4093/1773/1802
f 4065/1773/1800 4092/1773/1800 4090/1773/1800
f 4093/1773/1801 4094/1773/1801 4095/1773/1801
f 4067/1773/1799 4094/1773/1799 4092/1773/1799
f 4094/1773/1823 4097/1773/1823 4095/1773/1823
f 4094/1773/1798 4071/1773/1798 4096/1773/1798
f 4096/1773/1821 4099/1773/1821 4097/1773/1821
f 4096/1773/1822 4073/1773/1822 4098/1773/1822
f 4099/1773/1819 4100/1773/1819 4101/1773/1819
f 4098/1773/1820 4075/1773/1820 4100/1773/1820
f 4101/1773/2002 4102/1773/2002 4103/1773/2002
f 4100/1773/1817 4077/1773/1817 4102/1773/1818
f 4102/1773/1814 4105/1773/1814 4103/1773/1814
f 4102/1773/1815 4079/1773/1815 4104/1773/1815
f 4104/1773/1812 4107/1773/1812 4105/1773/2003
f 4128/1773/1843 4105/1773/1843 4106/1773/2004
f 4106/1773/1841 4107/1773/1841 4108/1773/1841
f 4107/1773/1839 4110/1773/1839 4108/1773/1839
f 4106/1773/2005 4109/1773/1840 4131/1773/2005
f 4109/1773/1838 4110/1773/2006 4111/1773/2006
f 4111/1773/1836 4112/1773/1836 4113/1773/2007
f 4085/1773/1837 4112/1773/1837 4110/1773/2008
f 4113/1773/1834 4114/1773/1834 4115/1773/1834
f 4112/1773/1835 4089/1773/1835 4114/1773/1835
f 4115/1773/1832 4116/1773/1832 4117/1773/1832
f 4114/1773/1833 4091/1773/1833 4116/1773/1833
f 4117/1773/1829 4118/1773/1829 4119/1773/1829
f 4091/1773/1830 4118/1773/1830 4116/1773/1831
f 4119/1773/1828 4120/1773/1828 4121/1773/1828
f 4093/1773/1826 4120/1773/1826 4118/1773/1826
f 4120/1773/1827 4123/1773/1827 4121/1773/1827
f 4120/1773/1825 4097/1773/1825 4122/1773/1825
f 4122/1773/1850 4125/1773/1850 4123/1773/1850
f 4122/1773/1824 4099/1773/1824 4124/1773/1824
f 4124/1773/1847 4127/1773/1847 4125/1773/1847
f 4099/1773/1848 4126/1773/1848 4124/1773/1849
f 4126/1773/1844 4129/1773/1844 4127/1773/1844
f 4101/1773/1846 4128/1773/1846 4126/1773/1845
f 4128/1773/1842 4131/1773/1842 4129/1773/1842
f 4152/1773/1876 4129/1773/1876 4130/1773/1876
f 4130/1773/1872 4131/1773/1872 4132/1773/1872
f 4132/1773/1870 4109/1773/1870 4134/1773/1870
f 4155/1773/2009 4132/1773/2009 4133/1773/2009
f 4133/1773/1869 4134/1773/1869 4135/1773/1869
f 4134/1773/1867 4137/1773/1867 4135/1773/1867
f 4109/1773/1868 4136/1773/1868 4134/1773/1868
f 4136/1773/2010 4139/1773/2010 4137/1773/2010
f 4111/1773/1866 4138/1773/1866 4136/1773/1866
f 4138/1773/1863 4141/1773/1863 4139/1773/1863
f 4138/1773/2011 4115/1773/2011 4140/1773/1864
f 4140/1773/2012 4143/1773/2012 4141/1773/1860
f 4140/1773/1861 4117/1773/1861 4142/1773/1861
f 4143/1773/2013 4144/1773/2013 4145/1773/2014
f 4142/1773/1859 4119/1773/1859 4144/1773/1859
f 4145/1773/1856 4146/1773/1856 4147/1773/1856
f 4144/1773/1857 4121/1773/1857 4146/1773/1857
f 4146/1773/1855 4149/1773/1855 4147/1773/1855
f 4121/1773/1853 4148/1773/1853 4146/1773/1853
f 4148/1773/2015 4151/1773/2015 4149/1773/1854
f 4123/1773/1852 4150/1773/1852 4148/1773/1852
f 4151/1773/2016 4152/1773/2016 4153/1773/1877
f 4125/1773/1851 4152/1773/1851 4150/1773/1851
f 4153/1773/1875 4130/1773/1875 4155/1773/1875
f 4176/1773/2017 4153/1773/2017 4154/1773/1879
f 4153/1773/2018 4156/1773/2018 4154/1773/2018
f 4155/1773/1903 4158/1773/1903 4156/1773/1903
f 4154/1773/1904 4157/1773/1904 4179/1773/1904
f 4157/1773/2019 4158/1773/1902 4159/1773/1902
f 4158/1773/1900 4161/1773/1900 4159/1773/2020
f 4133/1773/1901 4160/1773/1901 4158/1773/2021
f 4161/1773/1898 4162/1773/1898 4163/1773/2022
f 4160/1773/1899 4137/1773/1899 4162/1773/2023
f 4162/1773/2024 4165/1773/2024 4163/1773/2024
f 4162/1773/1897 4139/1773/1897 4164/1773/1897
f 4165/1773/1894 4166/1773/1894 4167/1773/1894
f 4164/1773/1895 4141/1773/1895 4166/1773/1895
f 4167/1773/1891 4168/1773/1891 4169/1773/1891
f 4141/1773/1892 4168/1773/1892 4166/1773/1892
f 4169/1773/1889 4170/1773/1889 4171/1773/1889
f 4143/1773/1890 4170/1773/1890 4168/1773/2025
f 4170/1773/1887 4173/1773/1887 4171/1773/1887
f 4145/1773/1888 4172/1773/1888 4170/1773/2026
f 4173/1773/1884 4174/1773/1884 4175/1773/1884
f 4172/1773/1885 4149/1773/1885 4174/1773/1885
f 4174/1773/1882 4177/1773/1882 4175/1773/1882
f 4174/1773/1880 4151/1773/1880 4176/1773/2027
f 4176/1773/1881 4179/1773/1881 4177/1773/1881
f 4175/1773/1911 4178/1773/1911 4200/1773/1911
f 4177/1773/1907 4180/1773/1907 4178/1773/1907
f 4180/1773/1906 4157/1773/2028 4182/1773/2028
f 4203/1773/1909 4180/1773/1909 4181/1773/1909
f 4181/1773/1908 4182/1773/1908 4183/1773/1908
f 4182/1773/1928 4185/1773/1928 4183/1773/2029
f 4157/1773/1905 4184/1773/1905 4182/1773/1905
f 4185/1773/1926 4186/1773/1926 4187/1773/1926
f 4159/1773/1927 4186/1773/1927 4184/1773/1927
f 4186/1773/1924 4189/1773/1924 4187/1773/1924
f 4186/1773/1925 4163/1773/1925 4188/1773/1925
f 4189/1773/1922 4190/1773/1922 4191/1773/2030
f 4188/1773/1923 4165/1773/1923 4190/1773/1923
f 4190/1773/1920 4193/1773/1920 4191/1773/1920
f 4165/1773/1921 4192/1773/1921 4190/1773/1921
f 4192/1773/1918 4195/1773/1918 4193/1773/1918
f 4192/1773/1919 4169/1773/1919 4194/1773/1919
f 4194/1773/1916 4197/1773/1916 4195/1773/1916
f 4194/1773/1917 4171/1773/1917 4196/1773/1917
f 4196/1773/1914 4199/1773/1914 4197/1773/1914
f 4171/1773/1915 4198/1773/1915 4196/1773/1915
f 4199/1773/1912 4200/1773/1912 4201/1773/1912
f 4198/1773/1913 4175/1773/1913 4200/1773/1913
f 4201/1773/1910 4178/1773/1910 4203/1773/1910
f 4224/1773/1941 4201/1773/1941 4202/1773/1941
f 4201/1773/1939 4204/1773/1939 4202/1773/1939
f 4204/1773/1936 4181/1773/1936 4206/1773/1936
f 4202/1773/1937 4205/1773/1937 4226/1773/1937
f 4205/1773/1935 4206/1773/1935 4207/1773/1935
f 4207/1773/1934 4208/1773/1934 4209/1773/1934
f 4206/1773/1932 4183/1773/1932 4208/1773/1932
f 4208/1773/1933 4211/1773/2031 4209/1773/1933
f 4183/1773/1930 4210/1773/1930 4208/1773/1930
f 4210/1773/1956 4213/1773/2032 4211/1773/2033
f 4185/1773/1929 4212/1773/2034 4210/1773/1929
f 4213/1773/2035 4214/1773/1954 4215/1773/2036
f 4212/1773/2037 4189/1773/1955 4214/1773/1955
f 4215/1773/2038 4216/1773/1952 4217/1773/1952
f 4214/1773/1953 4191/1773/1953 4216/1773/1953
f 4216/1773/1950 4219/1773/1950 4217/1773/1950
f 4191/1773/1951 4218/1773/1951 4216/1773/1951
f 4218/1773/1948 4221/1773/1948 4219/1773/1948
f 4193/1773/1949 4220/1773/1949 4218/1773/1949
f 4221/1773/1945 4222/1773/1945 4223/1773/1945
f 4220/1773/1947 4197/1773/1947 4222/1773/1946
f 4222/1773/2039 4225/1773/2039 4223/1773/2039
f 4197/1773/1943 4224/1773/1943 4222/1773/1943
f 4225/1773/2040 4202/1773/2040 4226/1773/2040
f 4228/1773/1965 4225/1773/1965 3659/1773/1965
f 4225/1773/1964 4227/1773/1964 3659/1773/1964
f 4227/1773/1962 4205/1773/1962 3682/1773/1962
f 4221/1773/1967 4228/1773/1967 4229/1773/1967
f 4229/1773/1966 3660/1773/1966 4231/1773/1966
f 4230/1773/1969 4221/1773/1969 4229/1773/1969
f 3701/1773/1968 4229/1773/1968 4231/1773/1968
f 4217/1773/1970 4230/1773/1970 3700/1773/1970
f 3698/1773/1971 4217/1773/1971 3700/1773/1971
f 4213/1773/1957 3698/1773/1957 3696/1773/1957
f 4232/1773/1958 4213/1773/1958 3696/1773/1958
f 4209/1773/1959 4232/1773/1959 3686/1773/1959
f 3684/1773/1960 4209/1773/1960 3686/1773/1960
f 4205/1773/1961 3684/1773/1961 3682/1773/1961
f 4237/1774/411 4233/1775/411 4234/1776/411
f 4233/1777/159 4240/1778/159 4234/1779/159
f 4238/1780/2041 4233/1781/2041 4236/1782/2041
f 4239/1783/191 4236/1782/191 4237/1774/191
f 4240/1784/475 4238/1780/475 4239/1783/475
f 4240/1778/2042 4237/1774/2042 4234/1779/2042
f 65/1/1 67/7/7 514/2/2
f 68/4/4 65/1/1 66/3/3
f 69/6/6 70/10/10 67/7/7
f 71/8/8 69/6/6 65/1/1
f 72/9/9 73/493/481 70/10/10
f 72/9/9 69/6/6 71/8/8
f 76/12/12 73/493/481 72/9/9
f 75/13/13 72/9/9 74/11/11
f 78/15/15 79/18/18 76/12/12
f 78/15/15 75/13/13 77/14/14
f 81/17/17 82/499/486 79/18/18
f 81/17/17 78/15/15 80/16/16
f 85/20/20 82/499/486 81/17/17
f 84/21/21 81/17/17 83/19/19
f 87/23/23 88/504/490 85/20/20
f 87/23/23 84/21/21 86/22/22
f 91/25/25 88/504/490 87/23/23
f 90/26/26 87/23/23 89/24/24
f 93/28/28 94/509/495 91/29/25
f 93/28/28 90/30/26 92/31/27
f 97/33/30 94/509/495 93/28/28
f 96/34/31 93/28/28 95/32/29
f 100/36/33 97/33/30 96/34/31
f 99/37/34 96/34/31 98/35/32
f 102/39/36 103/42/39 100/36/33
f 104/40/37 102/39/36 99/37/34
f 105/41/38 106/45/42 103/42/39
f 105/41/38 102/39/36 104/40/37
f 108/44/41 109/522/505 106/45/42
f 110/46/43 108/44/41 105/41/38
f 112/47/44 109/522/505 108/44/41
f 111/48/45 108/44/41 110/46/43
f 115/50/47 112/47/44 111/48/45
f 116/52/49 114/51/48 111/48/45
f 118/53/50 115/50/47 114/51/48
f 119/55/52 117/54/51 114/51/48
f 120/56/53 121/530/512 118/53/50
f 122/57/54 120/56/53 117/54/51
f 124/58/55 121/530/512 120/56/53
f 125/60/57 123/59/56 120/56/53
f 126/61/58 127/535/517 124/58/55
f 126/61/58 123/59/56 125/60/57
f 130/63/60 127/535/517 126/61/58
f 129/64/61 126/61/58 128/62/59
f 132/66/63 133/541/523 130/63/60
f 132/66/63 129/64/61 131/65/62
f 136/68/65 133/541/523 132/66/63
f 135/69/66 132/66/63 134/67/64
f 138/71/68 139/545/527 136/68/65
f 138/71/68 135/69/66 137/70/67
f 142/73/70 139/545/527 138/71/68
f 141/74/71 138/71/68 140/72/69
f 145/76/73 142/73/70 141/74/71
f 144/77/74 141/74/71 143/75/72
f 147/79/76 148/554/535 145/76/73
f 149/80/77 147/79/76 144/77/74
f 151/81/78 148/554/535 147/79/76
f 152/83/80 150/82/79 147/79/76
f 154/84/81 151/81/78 150/82/79
f 153/85/82 150/82/79 152/83/80
f 157/87/84 154/84/81 153/85/82
f 156/88/85 153/85/82 155/86/83
f 514/2/2 157/87/84 156/88/85
f 160/5/5 66/3/3 156/88/85
f 160/5/5 158/89/86 159/90/87
f 158/89/86 155/86/83 221/92/89
f 163/93/90 68/4/4 160/5/5
f 164/94/91 163/93/90 161/91/88
f 161/91/88 159/90/87 224/96/93
f 165/97/94 71/8/8 68/4/4
f 166/98/95 165/97/94 163/93/90
f 167/99/96 74/11/11 71/8/8
f 167/99/96 165/97/94 166/98/95
f 169/101/98 77/14/14 74/11/11
f 169/101/98 167/99/96 168/100/97
f 171/103/100 80/16/16 77/14/14
f 171/103/100 169/101/98 170/102/99
f 173/105/102 83/19/19 80/16/16
f 173/105/102 171/103/100 172/104/101
f 175/107/104 86/22/22 83/19/19
f 175/107/104 173/105/102 174/106/103
f 177/109/106 89/24/24 86/22/22
f 177/109/106 175/107/104 176/108/105
f 179/111/108 92/27/27 89/24/24
f 179/111/108 177/109/106 178/110/107
f 95/32/29 92/31/27 179/113/108
f 181/114/110 179/113/108 180/115/109
f 183/117/112 98/35/32 95/32/29
f 183/117/112 181/114/110 182/116/111
f 101/38/35 98/35/32 183/117/112
f 185/119/114 183/117/112 184/118/113
f 187/121/116 104/40/37 101/38/35
f 187/121/116 185/119/114 186/120/115
f 189/123/118 107/43/40 104/40/37
f 189/123/118 187/121/116 188/122/117
f 191/125/120 110/46/43 107/43/40
f 191/125/120 189/123/118 190/124/119
f 193/127/122 113/49/46 110/46/43
f 193/127/122 191/125/120 192/126/121
f 195/129/124 116/52/49 113/49/46
f 195/129/124 193/127/122 194/128/123
f 119/55/52 116/52/49 195/129/124
f 197/131/126 195/129/124 196/130/125
f 122/57/54 119/55/52 197/131/126
f 199/133/128 197/131/126 198/132/127
f 125/60/57 122/57/54 199/133/128
f 201/135/130 199/133/128 200/134/129
f 128/62/59 125/60/57 201/135/130
f 203/137/132 201/135/130 202/136/131
f 205/139/134 131/65/62 128/62/59
f 205/139/134 203/137/132 204/138/133
f 207/141/136 134/67/64 131/65/62
f 207/141/136 205/139/134 206/140/135
f 209/143/138 137/70/67 134/67/64
f 209/143/138 207/141/136 208/142/137
f 140/72/69 137/70/67 209/143/138
f 211/145/140 209/143/138 210/144/139
f 213/147/142 143/75/72 140/72/69
f 213/147/142 211/145/140 212/146/141
f 215/149/144 146/78/75 143/75/72
f 215/149/144 213/147/142 214/148/143
f 217/151/146 149/80/77 146/78/75
f 217/151/146 215/149/144 216/150/145
f 219/153/148 152/83/80 149/80/77
f 219/153/148 217/151/146 218/152/147
f 221/92/89 155/86/83 152/83/80
f 221/92/89 219/153/148 220/154/149
f 159/90/87 221/92/89 222/155/150
f 224/96/93 222/155/150 223/156/151
f 223/156/151 222/155/150 220/154/149
f 227/159/154 162/95/92 224/96/93
f 228/160/155 227/159/154 225/157/152
f 226/161/156 225/157/152 223/156/151
f 164/94/91 162/95/92 227/159/154
f 230/164/159 229/163/158 227/159/154
f 232/165/160 231/166/161 229/163/158
f 231/166/161 166/98/95 164/94/91
f 233/167/162 168/100/97 166/98/95
f 233/167/162 231/166/161 232/165/160
f 235/169/164 170/102/99 168/100/97
f 236/170/165 235/169/164 233/167/162
f 237/171/166 172/104/101 170/102/99
f 238/172/167 237/171/166 235/169/164
f 239/173/168 174/106/103 172/104/101
f 240/174/169 239/173/168 237/171/166
f 241/175/170 176/108/105 174/106/103
f 242/176/171 241/175/170 239/173/168
f 243/177/172 178/110/107 176/108/105
f 244/178/173 243/177/172 241/175/170
f 245/179/174 180/112/109 178/110/107
f 246/180/175 245/179/174 243/177/172
f 247/181/176 182/116/111 180/115/109
f 248/183/177 247/181/176 245/182/174
f 249/185/178 184/118/113 182/116/111
f 250/186/179 249/185/178 247/181/176
f 251/187/180 186/120/115 184/118/113
f 252/188/181 251/187/180 249/185/178
f 253/189/182 188/122/117 186/120/115
f 254/190/183 253/189/182 251/187/180
f 255/191/184 190/124/119 188/122/117
f 256/192/185 255/191/184 253/189/182
f 257/193/186 192/126/121 190/124/119
f 258/194/187 257/193/186 255/191/184
f 259/195/188 194/128/123 192/126/121
f 260/196/189 259/195/188 257/193/186
f 261/197/190 196/130/125 194/128/123
f 262/198/191 261/197/190 259/195/188
f 263/199/192 198/132/127 196/130/125
f 264/200/193 263/199/192 261/197/190
f 265/201/194 200/134/129 198/132/127
f 266/202/195 265/201/194 263/199/192
f 267/203/196 202/136/131 200/134/129
f 268/204/197 267/203/196 265/201/194
f 269/205/198 204/138/133 202/136/131
f 270/206/199 269/205/198 267/203/196
f 271/207/200 206/140/135 204/138/133
f 272/208/201 271/207/200 269/205/198
f 273/209/202 208/142/137 206/140/135
f 274/210/203 273/209/202 271/207/200
f 275/211/204 210/144/139 208/142/137
f 276/212/205 275/211/204 273/209/202
f 277/213/206 212/146/141 210/144/139
f 278/214/207 277/213/206 275/211/204
f 279/215/208 214/148/143 212/146/141
f 280/216/209 279/215/208 277/213/206
f 281/217/210 216/150/145 214/148/143
f 282/218/211 281/217/210 279/215/208
f 283/219/212 218/152/147 216/150/145
f 284/220/213 283/219/212 281/217/210
f 285/158/153 220/154/149 218/152/147
f 286/221/214 285/158/153 283/219/212
f 288/162/157 223/156/151 285/158/153
f 288/162/157 286/221/214 287/222/215
f 286/221/214 284/220/213 349/224/217
f 226/161/156 288/162/157 289/223/216
f 292/226/219 291/225/218 289/223/216
f 289/223/216 287/222/215 352/228/221
f 228/160/155 226/161/156 291/225/218
f 293/229/222 291/225/218 292/226/219
f 230/164/159 228/160/155 293/229/222
f 296/232/225 295/231/224 293/229/222
f 232/165/160 230/164/159 295/231/224
f 297/233/226 295/231/224 296/232/225
f 299/235/228 234/168/163 232/165/160
f 299/235/228 297/233/226 298/234/227
f 236/170/165 234/168/163 299/235/228
f 301/237/230 299/235/228 300/236/229
f 238/172/167 236/170/165 301/237/230
f 303/239/232 301/237/230 302/238/231
f 240/174/169 238/172/167 303/239/232
f 305/241/234 303/239/232 304/240/233
f 242/176/171 240/174/169 305/241/234
f 307/243/236 305/241/234 306/242/235
f 244/178/173 242/176/171 307/243/236
f 309/245/238 307/243/236 308/244/237
f 246/180/175 244/178/173 309/245/238
f 311/247/240 309/245/238 310/246/239
f 248/183/177 246/184/175 311/249/240
f 313/250/242 311/249/240 312/251/241
f 250/186/179 248/183/177 313/250/242
f 315/253/244 313/250/242 314/252/243
f 252/188/181 250/186/179 315/253/244
f 317/255/246 315/253/244 316/254/245
f 254/190/183 252/188/181 317/255/246
f 319/257/248 317/255/246 318/256/247
f 256/192/185 254/190/183 319/257/248
f 321/259/250 319/257/248 320/258/249
f 258/194/187 256/192/185 321/259/250
f 323/261/252 321/259/250 322/260/251
f 260/196/189 258/194/187 323/261/252
f 325/263/254 323/261/252 324/262/253
f 262/198/191 260/196/189 325/263/254
f 327/265/256 325/263/254 326/264/255
f 264/200/193 262/198/191 327/265/256
f 329/267/258 327/265/256 328/266/257
f 266/202/195 264/200/193 329/267/258
f 331/269/260 329/267/258 330/268/259
f 268/204/197 266/202/195 331/269/260
f 333/271/262 331/269/260 332/270/261
f 270/206/199 268/204/197 333/271/262
f 335/273/264 333/271/262 334/272/263
f 272/208/201 270/206/199 335/273/264
f 337/275/266 335/273/264 336/274/265
f 274/210/203 272/208/201 337/275/266
f 339/277/268 337/275/266 338/276/267
f 276/212/205 274/210/203 339/277/268
f 341/279/270 339/277/268 340/278/269
f 278/214/207 276/212/205 341/279/270
f 343/281/272 341/279/270 342/280/271
f 280/216/209 278/214/207 343/281/272
f 345/283/274 343/281/272 344/282/273
f 282/218/211 280/216/209 345/283/274
f 347/285/276 345/283/274 346/284/275
f 284/220/213 282/218/211 347/285/276
f 349/224/217 347/285/276 348/286/277
f 287/222/215 349/224/217 350/287/278
f 353/288/279 352/228/221 350/287/278
f 351/289/280 350/287/278 348/286/277
f 355/291/282 290/227/220 352/228/221
f 355/291/282 353/288/279 354/292/283
f 353/288/279 351/289/280 416/294/285
f 357/295/286 292/226/219 290/227/220
f 358/296/287 357/295/286 355/291/282
f 359/297/288 294/230/223 292/226/219
f 360/298/289 359/297/288 357/295/286
f 296/232/225 294/230/223 359/297/288
f 361/299/290 359/297/288 360/298/289
f 298/234/227 296/232/225 361/299/290
f 363/301/292 361/299/290 362/300/291
f 365/303/294 300/236/229 298/234/227
f 365/303/294 363/301/292 364/302/293
f 367/305/296 302/238/231 300/236/229
f 367/305/296 365/303/294 366/304/295
f 369/307/298 304/240/233 302/238/231
f 369/307/298 367/305/296 368/306/297
f 371/309/300 306/242/235 304/240/233
f 371/309/300 369/307/298 370/308/299
f 373/311/302 308/244/237 306/242/235
f 373/311/302 371/309/300 372/310/301
f 375/313/304 310/246/239 308/244/237
f 375/313/304 373/311/302 374/312/303
f 377/315/306 312/248/241 310/246/239
f 377/315/306 375/313/304 376/314/305
f 379/317/308 314/252/243 312/251/241
f 379/317/308 377/318/306 378/319/307
f 381/321/310 316/254/245 314/252/243
f 381/321/310 379/317/308 380/320/309
f 383/323/312 318/256/247 316/254/245
f 384/324/313 383/323/312 381/321/310
f 385/325/314 320/258/249 318/256/247
f 385/325/314 383/323/312 384/324/313
f 387/327/316 322/260/251 320/258/249
f 387/327/316 385/325/314 386/326/315
f 389/329/318 324/262/253 322/260/251
f 389/329/318 387/327/316 388/328/317
f 391/331/320 326/264/255 324/262/253
f 391/331/320 389/329/318 390/330/319
f 393/333/322 328/266/257 326/264/255
f 393/333/322 391/331/320 392/332/321
f 395/335/324 330/268/259 328/266/257
f 396/336/325 395/335/324 393/333/322
f 397/337/326 332/270/261 330/268/259
f 398/338/327 397/337/326 395/335/324
f 399/339/328 334/272/263 332/270/261
f 399/339/328 397/337/326 398/338/327
f 401/341/330 336/274/265 334/272/263
f 402/342/331 401/341/330 399/339/328
f 403/343/332 338/276/267 336/274/265
f 403/343/332 401/341/330 402/342/331
f 405/345/334 340/278/269 338/276/267
f 405/345/334 403/343/332 404/344/333
f 407/347/336 342/280/271 340/278/269
f 407/347/336 405/345/334 406/346/335
f 409/349/338 344/282/273 342/280/271
f 410/350/339 409/349/338 407/347/336
f 411/351/340 346/284/275 344/282/273
f 411/351/340 409/349/338 410/350/339
f 413/290/281 348/286/277 346/284/275
f 413/290/281 411/351/340 412/352/341
f 351/289/280 413/290/281 414/353/342
f 416/294/285 414/353/342 415/354/343
f 415/354/343 414/353/342 412/352/341
f 354/292/283 416/294/285 417/355/344
f 420/358/347 419/357/346 417/355/344
f 417/355/344 415/354/343 480/360/349
f 421/361/350 356/293/284 354/292/283
f 422/362/351 421/361/350 419/357/346
f 423/363/352 358/296/287 356/293/284
f 423/363/352 421/361/350 422/362/351
f 360/298/289 358/296/287 423/363/352
f 426/366/355 425/365/354 423/363/352
f 362/300/291 360/298/289 425/365/354
f 427/367/356 425/365/354 426/366/355
f 429/369/358 364/302/293 362/300/291
f 429/369/358 427/367/356 428/368/357
f 431/371/360 366/304/295 364/302/293
f 431/371/360 429/369/358 430/370/359
f 433/373/362 368/306/297 366/304/295
f 433/373/362 431/371/360 432/372/361
f 435/375/364 370/308/299 368/306/297
f 435/375/364 433/373/362 434/374/363
f 437/377/366 372/310/301 370/308/299
f 437/377/366 435/375/364 436/376/365
f 439/379/368 374/312/303 372/310/301
f 440/380/369 439/379/368 437/377/366
f 441/381/370 376/314/305 374/312/303
f 441/381/370 439/379/368 440/380/369
f 443/383/372 378/316/307 376/314/305
f 444/384/373 443/383/372 441/381/370
f 445/385/374 380/320/309 378/319/307
f 445/385/374 443/386/372 444/387/373
f 447/389/376 382/322/311 380/320/309
f 448/390/377 447/389/376 445/385/374
f 449/391/378 384/324/313 382/322/311
f 449/391/378 447/389/376 448/390/377
f 386/326/315 384/324/313 449/391/378
f 451/393/380 449/391/378 450/392/379
f 453/395/382 388/328/317 386/326/315
f 453/395/382 451/393/380 452/394/381
f 390/330/319 388/328/317 453/395/382
f 455/397/384 453/395/382 454/396/383
f 457/399/386 392/332/321 390/330/319
f 458/400/387 457/399/386 455/397/384
f 394/334/323 392/332/321 457/399/386
f 460/402/389 459/401/388 457/399/386
f 396/336/325 394/334/323 459/401/388
f 462/404/391 461/403/390 459/401/388
f 398/338/327 396/336/325 461/403/390
f 463/405/392 461/403/390 462/404/391
f 400/340/329 398/338/327 463/405/392
f 466/408/395 465/407/394 463/405/392
f 467/409/396 402/342/331 400/340/329
f 467/409/396 465/407/394 466/408/395
f 469/411/398 404/344/333 402/342/331
f 470/412/399 469/411/398 467/409/396
f 471/413/400 406/346/335 404/344/333
f 471/413/400 469/411/398 470/412/399
f 473/415/402 408/348/337 406/346/335
f 474/416/403 473/415/402 471/413/400
f 475/417/404 410/350/339 408/348/337
f 475/417/404 473/415/402 474/416/403
f 477/356/345 412/352/341 410/350/339
f 478/419/406 477/356/345 475/417/404
f 415/354/343 477/356/345 478/419/406
f 481/420/407 480/360/349 478/419/406
f 479/421/408 478/419/406 476/418/405
f 482/423/410 418/359/348 480/360/349
f 511/483/444 432/372/361 430/370/359
f 512/435/445 430/370/359 428/368/357
f 434/374/363 432/372/361 511/483/444
f 509/479/448 436/376/365 434/374/363
f 438/378/367 436/376/365 509/479/448
f 440/380/369 438/378/367 508/477/449
f 442/382/371 440/380/369 507/475/450
f 505/472/452 444/384/373 442/382/371
f 446/388/375 444/387/373 505/470/452
f 503/466/454 448/390/377 446/388/375
f 502/430/455 450/392/379 448/390/377
f 452/394/381 450/392/379 502/430/455
f 500/463/457 456/398/385 454/396/383
f 454/396/383 452/394/381 484/428/456
f 499/461/459 458/400/387 456/398/385
f 498/459/460 460/402/389 458/400/387
f 462/404/391 460/402/389 498/459/460
f 464/406/393 462/404/391 497/457/461
f 466/408/395 464/406/393 496/455/462
f 468/410/397 466/408/395 495/453/463
f 493/449/465 470/412/399 468/410/397
f 492/447/466 472/414/401 470/412/399
f 491/445/467 474/416/403 472/414/401
f 476/418/405 474/416/403 491/445/467
f 488/439/468 422/362/351 420/358/347
f 420/358/347 418/359/348 482/423/410
f 487/437/470 424/364/353 422/362/351
f 426/366/355 424/364/353 487/437/470
f 428/368/357 426/366/355 486/433/471
f 514/2/2 515/486/473 513/485/472
f 513/485/472 546/557/537 154/84/81
f 67/7/7 517/488/553 515/486/473
f 518/490/478 517/488/553 67/7/7
f 519/492/480 518/490/478 70/10/10
f 76/12/12 520/495/554 519/492/480
f 521/497/484 520/495/554 76/12/12
f 82/499/486 522/500/488 521/497/484
f 85/20/20 523/502/491 522/500/488
f 88/504/490 524/505/555 523/502/491
f 525/507/493 524/505/555 88/504/490
f 94/509/495 526/511/556 525/510/493
f 527/513/497 526/511/556 94/509/495
f 528/515/499 527/513/497 97/33/30
f 103/42/39 529/517/502 528/515/499
f 106/45/42 530/519/557 529/517/502
f 531/521/504 530/519/557 106/45/42
f 532/524/507 531/521/504 109/522/505
f 533/526/509 532/524/507 112/47/44
f 118/53/50 534/528/513 533/526/509
f 121/530/512 535/531/515 534/528/513
f 124/58/55 536/533/518 535/531/515
f 127/535/517 537/536/558 536/533/518
f 538/538/520 537/536/558 127/535/517
f 539/540/522 538/538/520 130/63/60
f 540/543/525 539/540/522 133/541/523
f 139/545/527 541/546/1081 540/543/525
f 542/548/529 541/546/1081 139/545/527
f 543/550/531 542/548/529 142/73/70
f 544/552/534 543/550/531 145/76/73
f 151/81/78 545/555/559 544/552/534
f 546/557/537 545/555/559 151/81/78
f 550/560/4 547/563/1 548/561/3
f 547/563/1 549/566/7 996/564/539
f 551/565/6 552/569/10 549/566/7
f 553/567/8 551/565/6 547/563/1
f 554/568/9 555/572/481 552/569/10
f 556/570/11 554/568/9 551/565/6
f 557/571/540 558/575/12 555/572/481
f 557/571/540 554/568/9 556/570/11
f 560/574/15 561/578/541 558/575/12
f 560/574/15 557/571/540 559/573/14
f 563/577/17 564/1062/486 561/578/541
f 563/577/17 560/574/15 562/576/16
f 567/580/20 564/1062/486 563/577/17
f 566/581/21 563/577/17 565/579/19
f 569/583/23 570/586/490 567/580/20
f 569/583/23 566/581/21 568/582/22
f 572/585/26 573/1068/25 570/586/490
f 572/585/26 569/583/23 571/584/24
f 576/588/495 573/1072/25 572/589/26
f 575/590/28 572/589/26 574/591/27
f 578/593/31 579/596/30 576/588/495
f 578/593/31 575/590/28 577/592/29
f 581/595/34 582/599/33 579/596/30
f 581/595/34 578/593/31 580/594/32
f 584/598/36 585/602/542 582/599/33
f 584/598/36 581/595/34 583/597/35
f 587/601/38 588/1082/42 585/602/542
f 587/601/38 584/598/36 586/600/37
f 591/604/505 588/1082/42 587/601/38
f 590/605/41 587/601/38 589/603/40
f 594/607/44 591/604/505 590/605/41
f 593/608/45 590/605/41 592/606/43
f 596/610/48 597/1089/47 594/607/44
f 596/610/48 593/608/45 595/609/46
f 600/612/50 597/1089/47 596/610/48
f 599/613/51 596/610/48 598/611/49
f 602/615/53 603/1093/512 600/612/50
f 602/615/53 599/613/51 601/614/52
f 606/617/55 603/1093/512 602/615/53
f 605/618/56 602/615/53 604/616/54
f 609/620/517 606/617/55 605/618/56
f 610/622/59 608/621/58 605/618/56
f 612/623/60 609/620/517 608/621/58
f 611/624/61 608/621/58 610/622/59
f 615/626/523 612/623/60 611/624/61
f 614/627/63 611/624/61 613/625/62
f 618/629/65 615/626/523 614/627/63
f 617/630/66 614/627/63 616/628/64
f 620/632/68 621/635/527 618/629/65
f 620/632/68 617/630/66 619/631/67
f 623/634/71 624/638/70 621/635/527
f 623/634/71 620/632/68 622/633/69
f 626/637/74 627/641/73 624/638/70
f 628/639/75 626/637/74 623/634/71
f 629/640/76 630/644/535 627/641/73
f 629/640/76 626/637/74 628/639/75
f 632/643/79 633/647/543 630/644/535
f 632/643/79 629/640/76 631/642/77
f 635/646/82 636/650/81 633/647/543
f 635/646/82 632/643/79 634/645/80
f 638/649/85 639/1048/84 636/650/81
f 640/651/86 638/649/85 635/646/82
f 996/564/539 639/1048/84 638/649/85
f 642/562/5 548/561/3 638/649/85
f 640/651/86 637/648/83 703/652/89
f 643/654/88 642/562/5 640/651/86
f 645/655/90 550/560/4 642/562/5
f 643/654/88 641/653/87 706/656/93
f 646/658/91 645/655/90 643/654/88
f 647/659/94 553/567/8 550/560/4
f 648/660/95 647/659/94 645/655/90
f 649/661/96 556/570/11 553/567/8
f 649/661/96 647/659/94 648/660/95
f 559/573/14 556/570/11 649/661/96
f 651/663/98 649/661/96 650/662/97
f 653/665/100 562/576/16 559/573/14
f 653/665/100 651/663/98 652/664/99
f 655/667/102 565/579/19 562/576/16
f 655/667/102 653/665/100 654/666/101
f 657/669/104 568/582/22 565/579/19
f 657/669/104 655/667/102 656/668/103
f 659/671/106 571/584/24 568/582/22
f 659/671/106 657/669/104 658/670/105
f 661/673/544 574/587/27 571/584/24
f 661/673/544 659/671/106 660/672/107
f 663/675/110 577/592/29 574/591/27
f 663/675/110 661/676/544 662/677/109
f 665/679/112 580/594/32 577/592/29
f 665/679/112 663/675/110 664/678/111
f 667/681/114 583/597/35 580/594/32
f 667/681/114 665/679/112 666/680/545
f 669/683/116 586/600/37 583/597/35
f 669/683/116 667/681/114 668/682/115
f 671/685/118 589/603/40 586/600/37
f 671/685/118 669/683/116 670/684/117
f 673/687/120 592/606/43 589/603/40
f 673/687/120 671/685/118 672/686/119
f 675/689/122 595/609/46 592/606/43
f 675/689/122 673/687/120 674/688/121
f 677/691/124 598/611/49 595/609/46
f 677/691/124 675/689/122 676/690/123
f 601/614/52 598/611/49 677/691/124
f 679/693/126 677/691/124 678/692/125
f 681/695/128 604/616/54 601/614/52
f 681/695/128 679/693/126 680/694/127
f 683/697/130 607/619/57 604/616/54
f 683/697/130 681/695/128 682/696/129
f 685/699/132 610/622/59 607/619/57
f 685/699/132 683/697/130 684/698/131
f 613/625/62 610/622/59 685/699/132
f 687/701/134 685/699/132 686/700/133
f 689/703/136 616/628/64 613/625/62
f 689/703/136 687/701/134 688/702/135
f 619/631/67 616/628/64 689/703/136
f 691/705/138 689/703/136 690/704/137
f 693/707/140 622/633/69 619/631/67
f 693/707/140 691/705/138 692/706/139
f 695/709/142 625/636/72 622/633/69
f 695/709/142 693/707/140 694/708/141
f 697/711/144 628/639/75 625/636/72
f 697/711/144 695/709/142 696/710/143
f 631/642/77 628/639/75 697/711/144
f 699/713/146 697/711/144 698/712/546
f 701/715/148 634/645/80 631/642/77
f 701/715/148 699/713/146 700/714/147
f 703/652/89 637/648/83 634/645/80
f 703/652/89 701/715/148 702/716/149
f 641/653/87 703/652/89 704/717/150
f 705/718/151 704/717/150 702/716/149
f 707/720/152 706/656/93 704/717/150
f 709/721/154 644/657/92 706/656/93
f 707/720/152 705/718/151 770/722/157
f 709/721/154 707/720/152 708/723/156
f 646/658/91 644/657/92 709/721/154
f 712/726/159 711/725/158 709/721/154
f 714/727/160 713/728/161 711/725/158
f 713/728/161 648/660/95 646/658/91
f 715/729/162 650/662/97 648/660/95
f 716/730/163 715/729/162 713/728/161
f 717/731/164 652/664/99 650/662/97
f 718/732/165 717/731/164 715/729/162
f 719/733/166 654/666/101 652/664/99
f 720/734/167 719/733/166 717/731/164
f 721/735/168 656/668/103 654/666/101
f 722/736/169 721/735/168 719/733/166
f 723/737/170 658/670/105 656/668/103
f 724/738/171 723/737/170 721/735/168
f 725/739/172 660/672/107 658/670/105
f 726/740/173 725/739/172 723/737/170
f 727/741/174 662/674/109 660/672/107
f 728/742/175 727/741/174 725/739/172
f 729/743/176 664/678/111 662/677/109
f 730/745/177 729/743/176 727/744/174
f 731/747/178 666/680/545 664/678/111
f 732/748/179 731/747/178 729/743/176
f 733/749/180 668/682/115 666/680/545
f 734/750/181 733/749/180 731/747/178
f 735/751/182 670/684/117 668/682/115
f 736/752/183 735/751/182 733/749/180
f 737/753/184 672/686/119 670/684/117
f 738/754/185 737/753/184 735/751/182
f 739/755/186 674/688/121 672/686/119
f 740/756/187 739/755/186 737/753/184
f 741/757/188 676/690/123 674/688/121
f 742/758/189 741/757/188 739/755/186
f 678/692/125 676/690/123 741/757/188
f 744/760/191 743/759/190 741/757/188
f 745/761/192 680/694/127 678/692/125
f 746/762/193 745/761/192 743/759/190
f 747/763/194 682/696/129 680/694/127
f 747/763/194 745/761/192 746/762/193
f 749/765/196 684/698/131 682/696/129
f 749/765/196 747/763/194 748/764/195
f 751/767/198 686/700/133 684/698/131
f 752/768/199 751/767/198 749/765/196
f 753/769/200 688/702/135 686/700/133
f 754/770/201 753/769/200 751/767/198
f 755/771/202 690/704/137 688/702/135
f 756/772/203 755/771/202 753/769/200
f 757/773/204 692/706/139 690/704/137
f 758/774/205 757/773/204 755/771/202
f 759/775/206 694/708/141 692/706/139
f 760/776/207 759/775/206 757/773/204
f 761/777/208 696/710/143 694/708/141
f 762/778/209 761/777/208 759/775/206
f 763/779/210 698/712/546 696/710/143
f 764/780/211 763/779/210 761/777/208
f 765/781/212 700/714/147 698/712/546
f 766/782/213 765/781/212 763/779/210
f 767/719/153 702/716/149 700/714/147
f 768/783/214 767/719/153 765/781/212
f 770/722/157 705/718/151 767/719/153
f 768/783/214 766/782/213 831/784/217
f 770/722/157 768/783/214 769/785/215
f 708/723/156 770/722/157 771/786/216
f 771/786/216 769/785/215 834/788/221
f 773/787/218 771/786/216 772/789/220
f 775/791/222 710/724/155 708/723/156
f 775/791/222 773/787/218 774/790/219
f 712/726/159 710/724/155 775/791/222
f 778/794/225 777/793/224 775/791/222
f 714/727/160 712/726/159 777/793/224
f 779/795/226 777/793/224 778/794/225
f 716/730/163 714/727/160 779/795/226
f 781/797/228 779/795/226 780/796/227
f 718/732/165 716/730/163 781/797/228
f 783/799/230 781/797/228 782/798/229
f 720/734/167 718/732/165 783/799/230
f 785/801/232 783/799/230 784/800/231
f 722/736/169 720/734/167 785/801/232
f 787/803/234 785/801/232 786/802/233
f 724/738/171 722/736/169 787/803/234
f 789/805/236 787/803/234 788/804/235
f 726/740/173 724/738/171 789/805/236
f 791/807/238 789/805/236 790/806/237
f 728/742/175 726/740/173 791/807/238
f 793/809/240 791/807/238 792/808/239
f 730/745/177 728/746/175 793/811/240
f 795/812/242 793/811/240 794/813/241
f 732/748/179 730/745/177 795/812/242
f 797/815/244 795/812/242 796/814/243
f 734/750/181 732/748/179 797/815/244
f 799/817/246 797/815/244 798/816/547
f 736/752/183 734/750/181 799/817/246
f 801/819/248 799/817/246 800/818/247
f 738/754/185 736/752/183 801/819/248
f 803/821/250 801/819/248 802/820/249
f 740/756/187 738/754/185 803/821/250
f 805/823/252 803/821/250 804/822/251
f 742/758/189 740/756/187 805/823/252
f 807/825/254 805/823/252 806/824/253
f 744/760/191 742/758/189 807/825/254
f 810/828/257 809/827/256 807/825/254
f 746/762/193 744/760/191 809/827/256
f 811/829/258 809/827/256 810/828/257
f 813/831/260 748/764/195 746/762/193
f 813/831/260 811/829/258 812/830/259
f 815/833/262 750/766/197 748/764/195
f 815/833/262 813/831/260 814/832/261
f 752/768/199 750/766/197 815/833/262
f 817/835/264 815/833/262 816/834/263
f 754/770/201 752/768/199 817/835/264
f 819/837/266 817/835/264 818/836/265
f 756/772/203 754/770/201 819/837/266
f 821/839/268 819/837/266 820/838/267
f 758/774/205 756/772/203 821/839/268
f 823/841/270 821/839/268 822/840/269
f 760/776/207 758/774/205 823/841/270
f 825/843/272 823/841/270 824/842/271
f 762/778/209 760/776/207 825/843/272
f 827/845/274 825/843/272 826/844/273
f 764/780/211 762/778/209 827/845/274
f 829/847/276 827/845/274 828/846/275
f 766/782/213 764/780/211 829/847/276
f 831/784/217 829/847/276 830/848/277
f 769/785/215 831/784/217 832/849/278
f 833/850/280 832/849/278 830/848/277
f 835/852/279 834/788/221 832/849/278
f 837/853/282 772/789/220 834/788/221
f 835/852/279 833/850/280 898/854/285
f 837/853/282 835/852/279 836/855/283
f 839/857/286 774/790/219 772/789/220
f 840/858/287 839/857/286 837/853/282
f 841/859/288 776/792/223 774/790/219
f 841/859/288 839/857/286 840/858/287
f 778/794/225 776/792/223 841/859/288
f 843/861/290 841/859/288 842/860/289
f 780/796/227 778/794/225 843/861/290
f 845/863/292 843/861/290 844/862/291
f 847/865/294 782/798/229 780/796/227
f 847/865/294 845/863/292 846/864/293
f 849/867/296 784/800/231 782/798/229
f 850/868/297 849/867/296 847/865/294
f 851/869/298 786/802/233 784/800/231
f 851/869/298 849/867/296 850/868/297
f 853/871/300 788/804/235 786/802/233
f 853/871/300 851/869/298 852/870/299
f 855/873/302 790/806/237 788/804/235
f 855/873/302 853/871/300 854/872/301
f 857/875/304 792/808/239 790/806/237
f 857/875/304 855/873/302 856/874/303
f 859/877/306 794/810/241 792/808/239
f 859/877/306 857/875/304 858/876/305
f 861/879/308 796/814/243 794/813/241
f 861/879/308 859/880/306 860/881/307
f 863/883/310 798/816/547 796/814/243
f 863/883/310 861/879/308 862/882/309
f 865/885/312 800/818/247 798/816/547
f 865/885/312 863/883/310 864/884/311
f 867/887/314 802/820/249 800/818/247
f 867/887/314 865/885/312 866/886/313
f 869/889/316 804/822/251 802/820/249
f 869/889/316 867/887/314 868/888/315
f 871/891/318 806/824/253 804/822/251
f 871/891/318 869/889/316 870/890/317
f 873/893/320 808/826/255 806/824/253
f 873/893/320 871/891/318 872/892/319
f 875/895/322 810/828/257 808/826/255
f 875/895/322 873/893/320 874/894/321
f 877/897/324 812/830/259 810/828/257
f 878/898/325 877/897/324 875/895/322
f 879/899/326 814/832/261 812/830/259
f 879/899/326 877/897/324 878/898/325
f 881/901/328 816/834/263 814/832/261
f 881/901/328 879/899/326 880/900/327
f 883/903/330 818/836/265 816/834/263
f 883/903/330 881/901/328 882/902/329
f 885/905/332 820/838/267 818/836/265
f 886/906/333 885/905/332 883/903/330
f 887/907/334 822/840/269 820/838/267
f 887/907/334 885/905/332 886/906/333
f 889/909/336 824/842/271 822/840/269
f 890/910/337 889/909/336 887/907/334
f 891/911/338 826/844/273 824/842/271
f 891/911/338 889/909/336 890/910/337
f 893/913/340 828/846/275 826/844/273
f 893/913/340 891/911/338 892/912/339
f 895/851/281 830/848/277 828/846/275
f 895/851/281 893/913/340 894/914/341
f 833/850/280 895/851/281 896/915/342
f 896/915/342 894/914/341 959/916/345
f 899/918/344 898/854/285 896/915/342
f 901/919/346 836/855/283 898/854/285
f 899/918/344 897/917/343 962/920/349
f 901/919/346 899/918/344 900/921/348
f 903/923/350 838/856/284 836/855/283
f 903/923/350 901/919/346 902/922/548
f 840/858/287 838/856/284 903/923/350
f 905/925/352 903/923/350 904/924/351
f 842/860/289 840/858/287 905/925/352
f 908/928/355 907/927/354 905/925/352
f 844/862/291 842/860/289 907/927/354
f 909/929/356 907/927/354 908/928/355
f 911/931/358 846/864/293 844/862/291
f 911/931/358 909/929/356 910/930/357
f 848/866/295 846/864/293 911/931/358
f 913/933/360 911/931/358 912/932/359
f 915/935/362 850/868/297 848/866/295
f 915/935/362 913/933/360 914/934/361
f 917/937/364 852/870/299 850/868/297
f 917/937/364 915/935/362 916/936/363
f 919/939/366 854/872/301 852/870/299
f 919/939/366 917/937/364 918/938/549
f 921/941/368 856/874/303 854/872/301
f 922/942/369 921/941/368 919/939/366
f 923/943/370 858/876/305 856/874/303
f 923/943/370 921/941/368 922/942/369
f 925/945/372 860/878/307 858/876/305
f 925/945/372 923/943/370 924/944/371
f 927/947/374 862/882/309 860/881/307
f 928/949/375 927/947/374 925/948/372
f 929/951/376 864/884/311 862/882/309
f 929/951/376 927/947/374 928/949/375
f 931/953/550 866/886/313 864/884/311
f 931/953/550 929/951/376 930/952/377
f 933/955/380 868/888/315 866/886/313
f 933/955/380 931/953/550 932/954/379
f 935/957/382 870/890/317 868/888/315
f 935/957/382 933/955/380 934/956/381
f 937/959/384 872/892/319 870/890/317
f 938/960/385 937/959/384 935/957/382
f 939/961/386 874/894/321 872/892/319
f 940/962/387 939/961/386 937/959/384
f 941/963/388 876/896/323 874/894/321
f 941/963/388 939/961/386 940/962/387
f 943/965/390 878/898/325 876/896/323
f 944/966/391 943/965/390 941/963/388
f 945/967/392 880/900/327 878/898/325
f 945/967/392 943/965/390 944/966/391
f 947/969/394 882/902/329 880/900/327
f 948/970/395 947/969/394 945/967/392
f 884/904/331 882/902/329 947/969/394
f 950/972/397 949/971/396 947/969/394
f 951/973/398 886/906/333 884/904/331
f 952/974/399 951/973/398 949/971/396
f 953/975/400 888/908/335 886/906/333
f 954/976/401 953/975/400 951/973/398
f 955/977/402 890/910/337 888/908/335
f 956/978/403 955/977/402 953/975/400
f 957/979/404 892/912/339 890/910/337
f 957/979/404 955/977/402 956/978/403
f 959/916/345 894/914/341 892/912/339
f 959/916/345 957/979/404 958/980/405
f 897/917/343 959/916/345 960/981/406
f 961/982/408 960/981/406 958/980/405
f 962/920/349 960/981/406 961/982/408
f 964/985/410 900/921/348 962/920/349
f 912/932/359 910/930/357 967/995/446
f 914/934/361 912/932/359 994/994/445
f 916/936/363 914/934/361 993/1045/444
f 918/938/549 916/936/363 992/1043/447
f 990/1039/449 920/940/367 918/938/549
f 989/1037/450 922/942/369 920/940/367
f 924/944/371 922/942/369 989/1037/450
f 926/946/373 924/944/371 988/1035/451
f 986/1030/453 928/949/375 926/950/373
f 930/952/377 928/949/375 986/1030/453
f 932/954/379 930/952/377 985/1028/454
f 966/989/456 934/956/381 932/954/379
f 983/992/458 936/958/383 934/956/381
f 982/1025/457 938/960/385 936/958/383
f 981/1023/459 940/962/387 938/960/385
f 980/1021/460 942/964/389 940/962/387
f 944/966/391 942/964/389 980/1021/460
f 946/968/393 944/966/391 979/1019/461
f 948/970/395 946/968/393 978/1017/462
f 976/1013/464 950/972/397 948/970/395
f 975/1011/552 952/974/399 950/972/397
f 954/976/401 952/974/399 975/1011/552
f 973/1007/467 956/978/403 954/976/401
f 958/980/405 956/978/403 973/1007/467
f 971/1003/469 902/922/548 900/921/348
f 904/924/351 902/922/548 971/1003/469
f 969/999/470 906/926/353 904/924/351
f 908/928/355 906/926/353 969/999/470
f 910/930/357 908/928/355 968/997/471
f 995/1047/472 1028/1116/537 636/650/81
f 996/564/539 997/1049/473 995/1047/472
f 549/566/7 999/1051/553 997/1049/473
f 552/569/10 1000/1053/478 999/1051/553
f 555/572/481 1001/1055/480 1000/1053/478
f 558/575/12 1002/1057/554 1001/1055/480
f 561/578/541 1003/1059/484 1002/1057/554
f 1004/1061/488 1003/1059/484 561/578/541
f 1005/1064/491 1004/1061/488 564/1062/486
f 570/586/490 1006/1066/555 1005/1064/491
f 573/1068/25 1007/1069/493 1006/1066/555
f 1008/1071/556 1007/1074/493 573/1072/25
f 579/596/30 1009/1075/497 1008/1071/556
f 582/599/33 1010/1077/499 1009/1075/497
f 1011/1079/502 1010/1077/499 582/599/33
f 1012/1081/557 1011/1079/502 585/602/542
f 1013/1084/504 1012/1081/557 588/1082/42
f 1014/1086/507 1013/1084/504 591/604/505
f 1015/1088/509 1014/1086/507 594/607/44
f 600/612/50 1016/1091/513 1015/1088/509
f 603/1093/512 1017/1094/515 1016/1091/513
f 606/617/55 1018/1096/518 1017/1094/515
f 1019/1098/558 1018/1096/518 606/617/55
f 1020/1100/520 1019/1098/558 609/620/517
f 615/626/523 1021/1102/522 1020/1100/520
f 1022/1104/525 1021/1102/522 615/626/523
f 621/635/527 1023/1106/1081 1022/1104/525
f 1024/1108/529 1023/1106/1081 621/635/527
f 627/641/73 1025/1110/531 1024/1108/529
f 1026/1112/534 1025/1110/531 627/641/73
f 1027/1114/559 1026/1112/534 630/644/535
f 636/650/81 1028/1116/537 1027/1114/559
f 1031/1119/560 1029/1126/564 1030/1120/561
f 1029/1126/475 1032/1785/475 1033/1127/475
f 1033/1127/475 1181/1306/475 1182/1304/475
f 1182/1304/475 1183/1307/475 1184/1309/475
f 1184/1309/475 1221/1347/475 1222/1122/475
f 1222/1122/475 1223/1348/475 1224/1351/475
f 1224/1351/475 1261/1398/475 1262/1396/475
f 1262/1396/475 1263/1399/475 1264/1401/475
f 1264/1401/475 1550/1473/475 1551/1123/475
f 1551/1123/475 1552/1474/475 1553/1476/475
f 1553/1476/475 1568/1491/475 1569/1489/475
f 1569/1489/475 1570/1492/475 1571/1494/475
f 1571/1494/475 1615/1535/475 1616/1124/475
f 1616/1124/475 1617/1536/475 1618/1786/475
f 1618/1786/475 1655/1576/475 1656/1574/475
f 1656/1574/475 1657/1577/475 1658/1787/475
f 1658/1787/475 1030/1120/475 1029/1126/475
f 1029/1126/475 1033/1127/475 1222/1122/475
f 1033/1127/475 1182/1304/475 1222/1122/475
f 1182/1304/475 1184/1309/475 1222/1122/475
f 1222/1122/475 1224/1351/475 1262/1396/475
f 1262/1396/475 1264/1401/475 1222/1122/475
f 1264/1401/475 1551/1123/475 1222/1122/475
f 1551/1123/475 1553/1476/475 1616/1124/475
f 1553/1476/475 1569/1489/475 1616/1124/475
f 1569/1489/475 1571/1494/475 1616/1124/475
f 1616/1124/475 1618/1786/475 1029/1126/475
f 1618/1786/475 1656/1574/475 1029/1126/475
f 1656/1574/475 1658/1787/475 1029/1126/475
f 1029/1126/475 1222/1122/475 1616/1124/475
f 1034/1125/563 1032/1785/2043 1029/1126/564
f 1033/1127/565 1032/1785/2043 1034/1125/563
f 1037/1129/96 1035/1128/566 1034/1125/563
f 1036/1130/94 1034/1125/563 1031/1119/560
f 1037/1129/96 1036/1130/94 1038/1132/95
f 1038/1132/95 1036/1130/94 1039/1131/90
f 1039/1131/90 1031/1119/560 1679/1121/562
f 1041/1134/91 1039/1131/90 1040/1135/88
f 1043/1137/158 1041/1134/91 1042/1136/92
f 1046/1139/161 1038/1132/95 1041/1134/91
f 1043/1137/158 1045/1138/154 1678/1140/155
f 1048/1142/160 1046/1139/161 1043/1137/158
f 1047/1143/162 1177/1133/97 1038/1132/95
f 1049/1144/163 1047/1143/162 1046/1139/161
f 1049/1144/163 1048/1142/160 1050/1145/226
f 1048/1142/160 1044/1141/159 1053/1147/224
f 1051/1146/228 1050/1145/226 1052/1148/227
f 1050/1145/226 1053/1147/224 1055/1150/225
f 1053/1147/224 1044/1141/159 1678/1140/155
f 1053/1147/224 1054/1151/222 1056/1152/223
f 1055/1150/225 1056/1152/223 1058/1153/288
f 1052/1148/227 1055/1150/225 1057/1154/290
f 1057/1154/290 1058/1153/288 1677/1156/289
f 1060/1155/292 1057/1154/290 1059/1157/291
f 1061/1159/294 1168/1149/229 1052/1148/227
f 1061/1159/294 1060/1155/292 1062/1158/293
f 1065/1161/360 1063/1160/295 1062/1158/293
f 1064/1162/358 1062/1158/293 1059/1157/291
f 1065/1161/360 1064/1162/358 1066/1164/359
f 1064/1162/358 1067/1163/356 1069/1166/357
f 1059/1157/291 1677/1156/289 1068/1167/354
f 1067/1163/356 1068/1167/354 1071/1168/355
f 1069/1166/357 1071/1168/355 1072/1169/471
f 1066/1164/359 1069/1166/357 1070/1170/567
f 1072/1169/471 1071/1168/355 1073/1172/353
f 1071/1168/355 1068/1167/354 1074/1174/352
f 1074/1174/352 1077/1596/350 1076/1175/351
f 1075/1173/470 1073/1172/353 1076/1175/351
f 1076/1175/351 1077/1596/350 1080/1177/346
f 1078/1176/468 1076/1175/351 1079/1178/548
f 1080/1177/346 1083/1558/656 1082/1180/348
f 1079/1178/548 1082/1180/348 1084/1181/410
f 1082/1180/348 1083/1558/656 1087/1182/343
f 1084/1181/410 1082/1180/348 1085/1183/349
f 1085/1183/349 1088/1186/406 1090/1185/408
f 1087/1182/343 1089/1555/345 1088/1186/406
f 1088/1186/406 1089/1555/345 1092/1187/404
f 1090/1185/408 1088/1186/406 1091/1188/405
f 1092/1187/404 1095/1518/402 1094/1190/403
f 1091/1188/405 1094/1190/403 1096/1191/467
f 1094/1190/403 1095/1518/402 1098/1192/400
f 1096/1191/467 1094/1190/403 1097/1193/401
f 1098/1192/400 1101/1513/398 1100/1195/399
f 1099/1194/466 1097/1193/401 1100/1195/399
f 1100/1195/399 1101/1513/398 1104/1197/396
f 1102/1196/552 1100/1195/399 1103/1198/568
f 1104/1197/396 1107/1431/394 1106/1200/395
f 1103/1198/568 1106/1200/395 1108/1201/463
f 1106/1200/395 1107/1431/394 1110/1202/392
f 1108/1201/463 1106/1200/395 1109/1203/393
f 1113/1788/2044 1112/1208/391 1763/1789/570
f 1112/1208/391 1109/1203/393 1762/1206/570
f 1763/1789/570 1112/1208/391 1762/1206/570
f 1109/1203/393 1110/1202/392 1387/1205/569
f 1110/1202/392 1761/1597/664 1387/1205/569
f 1109/1203/393 1112/1208/391 1114/1207/461
s 0
f 1116/1790/2045 1115/1215/2046 1766/1790/475
s 1
f 1115/1215/389 1112/1208/391 1765/1210/571
f 1766/1790/2047 1115/1215/389 1765/1210/571
f 1112/1208/391 1113/1788/2044 1764/1209/571
f 1112/1208/391 1115/1215/389 1117/1211/460
f 1338/1213/572 1120/1791/2048 1118/1214/387
f 1118/1214/387 1115/1215/389 1337/1212/572
f 1115/1215/389 1116/1790/2049 1337/1212/572
f 1115/1215/389 1118/1214/387 1119/1216/459
f 1119/1216/459 1118/1214/387 1121/1217/385
f 1348/1421/607 1122/1221/384 1347/1220/574
f 1122/1221/384 1121/1217/385 1347/1220/574
f 1121/1217/385 1118/1214/387 1340/1219/573
f 1118/1214/387 1120/1791/2048 1342/1792/573
f 1118/1214/387 1342/1792/573 1340/1219/573
f 1122/1221/384 1126/1423/382 1124/1222/383
f 1121/1217/385 1124/1222/383 1125/1223/458
f 1125/1223/458 1124/1222/383 1127/1224/575
f 1124/1222/383 1126/1423/382 1128/1226/380
f 1128/1226/380 1131/1380/550 1130/1227/379
f 1127/1224/575 1130/1227/379 1132/1228/455
f 1130/1227/379 1131/1380/550 1134/1229/376
f 1130/1227/379 1133/1230/377 1135/1231/454
f 1134/1229/376 1137/1234/374 1136/1232/375
f 1133/1230/377 1136/1232/375 1138/1233/453
f 1137/1234/374 1140/1377/372 1139/1235/373
f 1138/1233/453 1136/1232/375 1139/1235/373
f 1140/1237/372 1143/1242/370 1142/1238/371
f 1139/1239/373 1142/1238/371 1144/1240/451
f 1143/1242/370 1146/1245/368 1145/1243/369
f 1144/1240/451 1142/1238/371 1145/1243/369
f 1146/1245/368 1149/1327/366 1148/1246/367
f 1147/1244/450 1145/1243/369 1148/1246/367
f 1148/1246/367 1149/1327/366 1152/1248/364
f 1150/1247/449 1148/1246/367 1151/1249/549
f 1152/1248/364 1155/1253/362 1154/1251/363
f 1151/1249/549 1154/1251/363 1156/1252/447
f 1155/1253/362 1065/1161/360 1157/1165/361
f 1156/1252/447 1154/1251/363 1157/1165/361
f 1158/1254/444 1157/1165/361 1066/1164/359
f 1152/1248/364 1162/1289/299 1161/1287/297
f 1155/1253/362 1161/1287/297 1063/1160/295
f 1164/1288/298 1163/1290/296 1161/1287/297
f 1163/1290/296 1061/1159/294 1063/1160/295
f 1164/1288/298 1166/1293/233 1165/1291/231
f 1163/1290/296 1165/1291/231 1168/1149/229
f 1169/1292/232 1167/1294/230 1165/1291/231
f 1167/1294/230 1051/1146/228 1168/1149/229
f 1171/1295/167 1170/1296/165 1167/1294/230
f 1170/1296/165 1049/1144/163 1051/1146/228
f 1171/1295/167 1173/1298/166 1172/1297/164
f 1170/1296/165 1172/1297/164 1047/1143/162
f 1173/1298/166 1175/1301/101 1174/1299/99
f 1172/1297/164 1174/1299/99 1177/1133/97
f 1178/1300/100 1176/1302/98 1174/1299/99
f 1176/1302/98 1037/1129/96 1177/1133/97
f 1178/1300/100 1180/1305/578 1179/1303/576
f 1176/1302/98 1179/1303/576 1035/1128/566
f 1182/1304/577 1181/1306/579 1179/1303/576
f 1181/1306/579 1033/1127/565 1035/1128/566
f 1183/1307/580 1182/1304/577 1180/1305/578
f 1184/1309/582 1183/1307/580 1185/1308/581
f 1188/1311/104 1186/1310/583 1185/1308/581
f 1187/1312/102 1185/1308/581 1180/1305/578
f 1188/1311/104 1187/1312/102 1189/1313/103
f 1187/1312/102 1178/1300/100 1175/1301/101
f 1192/1315/170 1190/1314/105 1189/1313/103
f 1191/1316/168 1189/1313/103 1175/1301/101
f 1194/1317/171 1192/1315/170 1191/1316/168
f 1193/1318/169 1191/1316/168 1173/1298/166
f 1194/1317/171 1193/1318/169 1195/1319/234
f 1193/1318/169 1171/1295/167 1169/1292/232
f 1196/1320/236 1195/1319/234 1197/1321/235
f 1195/1319/234 1169/1292/232 1166/1293/233
f 1200/1323/302 1198/1322/237 1197/1321/235
f 1199/1324/300 1197/1321/235 1166/1293/233
f 1200/1323/302 1199/1324/300 1201/1325/301
f 1199/1324/300 1164/1288/298 1162/1289/299
f 1146/1245/368 1202/1326/303 1201/1325/301
f 1149/1327/366 1201/1325/301 1162/1289/299
f 1205/1328/304 1200/1323/302 1202/1326/303
f 1143/1242/370 1203/1329/305 1202/1326/303
f 1206/1330/306 1205/1328/304 1203/1329/305
f 1140/1237/372 1204/1331/307 1203/1329/305
f 1206/1330/306 1208/1334/241 1207/1332/239
f 1205/1328/304 1207/1332/239 1198/1322/237
f 1210/1333/240 1209/1335/238 1207/1332/239
f 1209/1335/238 1196/1320/236 1198/1322/237
f 1212/1336/175 1211/1337/173 1209/1335/238
f 1211/1337/173 1194/1317/171 1196/1320/236
f 1212/1336/175 1214/1339/174 1213/1338/172
f 1211/1337/173 1213/1338/172 1192/1315/170
f 1214/1339/174 1216/1342/109 1215/1340/107
f 1213/1338/172 1215/1340/107 1190/1314/105
f 1218/1341/108 1217/1343/106 1215/1340/107
f 1217/1343/106 1188/1311/104 1190/1314/105
f 1218/1341/108 1220/1346/586 1219/1344/584
f 1217/1343/106 1219/1344/584 1186/1310/583
f 1222/1345/585 1221/1347/587 1219/1344/584
f 1221/1347/587 1184/1309/582 1186/1310/583
f 1223/1348/588 1222/1122/585 1220/1349/586
f 1224/1351/590 1223/1348/588 1225/1350/589
f 1228/1353/112 1226/1352/591 1225/1350/589
f 1227/1354/110 1225/1350/589 1220/1349/586
f 1228/1353/112 1227/1354/110 1229/1356/111
f 1227/1354/110 1218/1355/108 1216/1358/109
f 1232/1359/178 1230/1357/113 1229/1356/111
f 1231/1360/176 1229/1356/111 1216/1358/109
f 1234/1362/179 1232/1359/178 1231/1360/176
f 1233/1363/177 1231/1360/176 1214/1361/174
f 1234/1362/179 1233/1363/177 1235/1365/242
f 1233/1363/177 1212/1364/175 1210/1367/240
f 1236/1366/244 1235/1365/242 1237/1368/243
f 1235/1365/242 1210/1367/240 1208/1370/241
f 1240/1371/310 1238/1369/245 1237/1368/243
f 1239/1372/308 1237/1368/243 1208/1370/241
f 1240/1371/310 1239/1372/308 1241/1374/309
f 1239/1372/308 1206/1373/306 1204/1376/307
f 1134/1229/376 1242/1375/311 1241/1374/309
f 1137/1234/374 1241/1374/309 1204/1376/307
f 1245/1378/312 1240/1371/310 1242/1375/311
f 1131/1380/550 1243/1379/313 1242/1375/311
f 1246/1381/314 1245/1378/312 1243/1379/313
f 1128/1226/380 1244/1382/315 1243/1379/313
f 1246/1381/314 1248/1385/249 1247/1383/247
f 1245/1378/312 1247/1383/247 1238/1369/245
f 1250/1384/248 1249/1386/246 1247/1383/247
f 1249/1386/246 1236/1366/244 1238/1369/245
f 1252/1387/183 1251/1388/181 1249/1386/246
f 1251/1388/181 1234/1362/179 1236/1366/244
f 1252/1387/183 1254/1390/182 1253/1389/180
f 1251/1388/181 1253/1389/180 1232/1359/178
f 1254/1390/182 1256/1393/117 1255/1391/115
f 1253/1389/180 1255/1391/115 1230/1357/113
f 1258/1392/116 1257/1394/114 1255/1391/115
f 1257/1394/114 1228/1353/112 1230/1357/113
f 1258/1392/116 1260/1397/594 1259/1395/592
f 1257/1394/114 1259/1395/592 1226/1352/591
f 1262/1396/593 1261/1398/595 1259/1395/592
f 1261/1398/595 1224/1351/590 1226/1352/591
f 1263/1399/596 1262/1396/593 1260/1397/594
f 1264/1401/598 1263/1399/596 1265/1400/597
f 1268/1403/120 1266/1402/599 1265/1400/597
f 1267/1404/118 1265/1400/597 1260/1397/594
f 1268/1403/120 1267/1404/118 1269/1405/119
f 1267/1404/118 1258/1392/116 1256/1393/117
f 1272/1407/186 1270/1406/121 1269/1405/119
f 1271/1408/184 1269/1405/119 1256/1393/117
f 1274/1409/187 1272/1407/186 1271/1408/184
f 1273/1410/185 1271/1408/184 1254/1390/182
f 1529/1412/600 1532/1460/624 1274/1409/187
f 1273/1410/185 1275/1413/250 1531/1793/600
f 1275/1413/250 1276/1415/602 1531/1793/600
f 1529/1412/600 1274/1409/187 1273/1410/185
f 1273/1410/185 1531/1793/600 1530/1411/600
f 1273/1410/185 1252/1387/183 1250/1384/248
f 1275/1413/250 1277/1794/2050 1278/1414/601
f 1277/1794/2050 1275/1413/250 1279/1417/603
f 1275/1413/250 1250/1384/248 1279/1417/603
f 1250/1384/248 1248/1385/249 1280/1416/603
f 1248/1385/249 1377/1795/2051 1280/1416/603
f 1353/1796/2052 1372/1428/611 1126/1423/382
f 1126/1423/382 1122/1221/384 1350/1797/609
f 1122/1221/384 1349/1422/608 1350/1797/609
f 1352/1425/609 1353/1796/2052 1126/1423/382
f 1126/1423/382 1350/1797/609 1351/1424/609
f 1373/1798/2053 1246/1381/314 1369/1427/610
f 1246/1381/314 1244/1382/315 1369/1427/610
f 1244/1382/315 1371/1799/2054 1370/1426/610
f 1371/1799/2054 1244/1382/315 1372/1428/611
f 1244/1382/315 1128/1226/380 1372/1428/611
f 1375/1430/612 1377/1795/2051 1248/1385/249
f 1248/1385/249 1246/1381/314 1374/1429/612
f 1246/1381/314 1373/1798/2053 1367/1800/612
f 1246/1381/314 1367/1800/612 1374/1429/612
f 1760/1598/665 1110/1202/392 1390/1433/613
f 1110/1202/392 1107/1431/394 1390/1433/613
f 1107/1431/394 1596/1515/646 1393/1801/613
f 1107/1431/394 1393/1801/613 1392/1802/613
f 1107/1431/394 1392/1802/613 1391/1432/613
f 1400/1435/614 1595/1514/645 1594/1436/331
f 1594/1436/331 1403/1510/330 1401/1434/614
f 1403/1510/330 1402/1803/2055 1401/1434/614
f 1402/1803/2055 1403/1510/330 1404/1804/615
f 1403/1510/330 1588/1437/265 1405/1439/615
f 1404/1804/615 1403/1510/330 1405/1439/615
f 1588/1437/265 1589/1805/2056 1406/1438/615
f 1421/1440/616 1423/1806/2057 1424/1441/262
f 1589/1805/2056 1588/1437/265 1590/1445/618
f 1588/1437/265 1425/1443/264 1590/1445/618
f 1425/1443/264 1424/1441/262 1420/1444/618
f 1424/1441/262 1423/1806/2057 1420/1444/618
f 1427/1446/199 1426/1447/197 1424/1441/262
f 1707/1449/619 1422/1442/617 1424/1441/262
f 1426/1447/197 1429/1452/195 1706/1807/619
f 1429/1452/195 1431/1456/622 1706/1807/619
f 1707/1449/619 1424/1441/262 1426/1447/197
f 1426/1447/197 1706/1807/619 1705/1448/619
f 1427/1446/199 1581/1487/198 1428/1450/196
f 1426/1447/197 1428/1450/196 1430/1451/194
f 1433/1454/620 1432/1455/621 1429/1452/195
f 1429/1452/195 1430/1451/194 1433/1454/620
f 1430/1451/194 1560/1482/192 1442/1808/620
f 1434/1453/620 1430/1451/194 1442/1808/620
f 1560/1482/192 1561/1809/2058 1442/1808/620
f 1445/1810/2059 1561/1809/2058 1560/1482/192
f 1560/1482/192 1543/1457/190 1449/1459/623
s 0
f 1543/1457/2060 1680/1811/475 1451/1811/2061
s 1
f 1543/1457/190 1451/1811/2062 1450/1458/623
f 1448/1812/2063 1445/1810/2059 1560/1482/192
f 1449/1459/623 1448/1812/2063 1560/1482/192
f 1537/1463/626 1538/1813/2064 1539/1464/188
f 1539/1464/188 1272/1407/186 1537/1463/626
f 1272/1407/186 1274/1409/187 1534/1814/626
f 1535/1462/626 1272/1407/186 1534/1814/626
f 1274/1409/187 1533/1461/625 1534/1814/626
f 1458/1815/628 1680/1811/2065 1543/1457/190
f 1539/1464/188 1538/1813/2064 1540/1816/627
f 1539/1464/188 1540/1816/627 1541/1465/627
f 1458/1815/628 1543/1457/190 1542/1466/628
f 1543/1457/190 1539/1464/188 1542/1466/628
f 1543/1457/190 1545/1469/125 1544/1467/123
f 1539/1464/188 1544/1467/123 1270/1406/121
f 1547/1468/124 1546/1470/122 1544/1467/123
f 1546/1470/122 1268/1403/120 1270/1406/121
f 1547/1468/124 1549/1472/631 1548/1471/629
f 1546/1470/122 1548/1471/629 1266/1402/599
f 1551/1123/630 1550/1473/632 1548/1471/629
f 1550/1473/632 1264/1401/598 1266/1402/599
f 1552/1474/633 1551/1123/630 1549/1472/631
f 1553/1476/635 1552/1474/633 1554/1475/634
f 1557/1478/128 1555/1477/636 1554/1475/634
f 1556/1479/126 1554/1475/634 1549/1472/631
f 1557/1478/128 1556/1479/126 1558/1480/127
f 1556/1479/126 1547/1468/124 1545/1469/125
f 1430/1451/194 1559/1481/129 1558/1480/127
f 1560/1482/192 1558/1480/127 1545/1469/125
f 1564/1483/130 1557/1478/128 1559/1481/129
f 1428/1450/196 1562/1484/131 1559/1481/129
f 1565/1485/132 1564/1483/130 1562/1484/131
f 1581/1487/198 1563/1486/133 1562/1484/131
f 1565/1485/132 1567/1490/639 1566/1488/637
f 1564/1483/130 1566/1488/637 1555/1477/636
f 1569/1489/638 1568/1491/640 1566/1488/637
f 1568/1491/640 1553/1476/635 1555/1477/636
f 1570/1492/641 1569/1489/638 1567/1490/639
f 1571/1494/643 1570/1492/641 1572/1493/642
f 1575/1496/136 1573/1495/644 1572/1493/642
f 1572/1493/642 1567/1490/639 1565/1485/132
f 1575/1496/136 1574/1497/134 1576/1498/135
f 1574/1497/134 1565/1485/132 1563/1486/133
f 1579/1500/202 1577/1499/137 1576/1498/135
f 1578/1501/200 1576/1498/135 1563/1486/133
f 1582/1502/203 1579/1500/202 1578/1501/200
f 1580/1503/201 1578/1501/200 1581/1487/198
f 1582/1502/203 1580/1503/201 1583/1504/266
f 1580/1503/201 1427/1446/199 1425/1443/264
f 1584/1505/268 1583/1504/266 1585/1506/267
f 1583/1504/266 1425/1443/264 1588/1437/265
f 1591/1508/334 1586/1507/269 1585/1506/267
f 1587/1509/332 1585/1506/267 1588/1437/265
f 1591/1508/334 1587/1509/332 1592/1511/333
f 1592/1511/333 1587/1509/332 1403/1510/330
f 1098/1192/400 1593/1512/335 1592/1511/333
f 1101/1513/398 1592/1511/333 1594/1436/331
f 1596/1515/646 1107/1431/394 1104/1197/396
f 1104/1197/396 1594/1436/331 1596/1515/646
f 1599/1516/336 1591/1508/334 1593/1512/335
f 1095/1518/402 1597/1517/337 1593/1512/335
f 1600/1519/338 1599/1516/336 1597/1517/337
f 1092/1187/404 1598/1520/339 1597/1517/337
f 1600/1519/338 1602/1523/273 1601/1521/271
f 1599/1516/336 1601/1521/271 1586/1507/269
f 1604/1522/272 1603/1524/270 1601/1521/271
f 1603/1524/270 1584/1505/268 1586/1507/269
f 1606/1525/207 1605/1526/205 1603/1524/270
f 1605/1526/205 1582/1502/203 1584/1505/268
f 1606/1525/207 1608/1528/206 1607/1527/204
f 1605/1526/205 1607/1527/204 1579/1500/202
f 1608/1528/206 1610/1531/141 1609/1529/139
f 1607/1527/204 1609/1529/139 1577/1499/137
f 1612/1530/647 1611/1532/138 1609/1529/139
f 1611/1532/138 1575/1496/136 1577/1499/137
f 1612/1530/647 1614/1534/650 1613/1533/648
f 1611/1532/138 1613/1533/648 1573/1495/644
f 1616/1124/649 1615/1535/651 1613/1533/648
f 1615/1535/651 1571/1494/643 1573/1495/644
f 1617/1536/652 1616/1124/649 1614/1534/650
f 1620/1538/654 1618/1786/2066 1617/1536/652
f 1622/1539/144 1620/1538/654 1619/1537/653
f 1621/1540/142 1619/1537/653 1614/1534/650
f 1622/1539/144 1621/1540/142 1623/1541/143
f 1621/1540/142 1612/1530/647 1610/1531/141
f 1626/1543/210 1624/1542/145 1623/1541/143
f 1625/1544/208 1623/1541/143 1610/1531/141
f 1628/1545/211 1626/1543/210 1625/1544/208
f 1627/1546/209 1625/1544/208 1608/1528/206
f 1628/1545/211 1627/1546/209 1629/1547/274
f 1627/1546/209 1606/1525/207 1604/1522/272
f 1630/1548/276 1629/1547/274 1631/1549/275
f 1629/1547/274 1604/1522/272 1602/1523/273
f 1634/1551/281 1632/1550/655 1631/1549/275
f 1633/1552/340 1631/1549/275 1602/1523/273
f 1634/1551/281 1633/1552/340 1635/1553/341
f 1633/1552/340 1600/1519/338 1598/1520/339
f 1636/1554/342 1635/1553/341 1089/1555/345
f 1089/1555/345 1635/1553/341 1598/1520/339
f 1639/1556/280 1634/1551/281 1636/1554/342
f 1083/1558/656 1637/1557/285 1636/1554/342
f 1640/1559/279 1639/1556/280 1637/1557/285
f 1080/1177/346 1638/1560/283 1637/1557/285
f 1640/1559/279 1642/1563/221 1641/1561/278
f 1639/1556/280 1641/1561/278 1632/1550/655
f 1644/1562/215 1643/1564/217 1641/1561/278
f 1643/1564/217 1630/1548/276 1632/1550/655
f 1646/1565/214 1645/1566/213 1643/1564/217
f 1645/1566/213 1628/1545/211 1630/1548/276
f 1646/1565/214 1648/1568/153 1647/1567/212
f 1645/1566/213 1647/1567/212 1626/1543/210
f 1648/1568/153 1650/1571/149 1649/1569/147
f 1647/1567/212 1649/1569/147 1624/1542/145
f 1652/1570/148 1651/1572/146 1649/1569/147
f 1651/1572/146 1622/1539/144 1624/1542/145
f 1652/1570/148 1654/1575/659 1653/1573/657
f 1651/1572/146 1653/1573/657 1620/1538/654
f 1656/1574/658 1655/1576/660 1653/1573/657
f 1655/1576/660 1618/1786/2066 1620/1538/654
f 1657/1577/661 1656/1574/658 1654/1575/659
f 1660/1579/663 1658/1787/2067 1657/1577/661
f 1662/1580/87 1660/1579/663 1659/1578/662
f 1659/1578/662 1654/1575/659 1652/1570/148
f 1662/1580/87 1661/1581/89 1663/1582/150
f 1661/1581/89 1652/1570/148 1650/1571/149
f 1666/1584/152 1664/1583/93 1663/1582/150
f 1665/1585/151 1663/1582/150 1650/1571/149
f 1668/1586/156 1666/1584/152 1665/1585/151
f 1667/1587/157 1665/1585/151 1648/1568/153
f 1668/1586/156 1667/1587/157 1669/1588/216
f 1667/1587/157 1646/1565/214 1644/1562/215
f 1670/1589/218 1669/1588/216 1671/1590/220
f 1669/1588/216 1644/1562/215 1642/1563/221
f 1674/1592/286 1672/1591/219 1671/1590/220
f 1673/1593/282 1671/1590/220 1642/1563/221
f 1674/1592/286 1673/1593/282 1675/1594/284
f 1675/1594/284 1673/1593/282 1640/1559/279
f 1676/1595/287 1675/1594/284 1077/1596/350
f 1077/1596/350 1675/1594/284 1638/1560/283
f 1677/1156/289 1058/1153/288 1674/1592/286
f 1068/1167/354 1677/1156/289 1676/1595/287
f 1058/1153/288 1056/1152/223 1672/1591/219
f 1054/1151/222 1670/1589/218 1672/1591/219
f 1678/1140/155 1668/1586/156 1670/1589/218
f 1045/1138/154 1666/1584/152 1668/1586/156
f 1045/1138/154 1042/1136/92 1664/1583/93
f 1040/1135/88 1662/1580/87 1664/1583/93
f 1679/1121/562 1660/1579/663 1662/1580/87
f 1030/1120/561 1658/1787/2067 1660/1579/663
f 2349/1602/669 2345/1602/669 2346/1602/669
f 2345/1602/670 2347/1602/670 2915/1602/670
f 2916/1602/671 2347/1602/671 2345/1602/671
f 2348/1602/672 2345/1602/672 2349/1602/672
f 2352/1602/673 2349/1602/673 2350/1602/673
f 2350/1602/674 2349/1602/674 2351/1602/674
f 2353/1602/675 2919/1602/675 2348/1602/675
f 2355/1602/676 2353/1602/676 2352/1602/676
f 2355/1602/677 2354/1602/677 2356/1602/677
f 2356/1602/678 2354/1602/678 2350/1602/678
f 2357/1602/679 2356/1602/679 2358/1602/679
f 2358/1602/681 2356/1602/681 2359/1602/681
f 2359/1602/682 2361/1602/682 2362/1602/682
f 2350/1602/683 2364/1602/683 2361/1602/683
f 2362/1602/684 2361/1602/684 2363/1602/684
f 2361/1602/685 2364/1602/685 2365/1602/685
f 2351/1602/686 2367/1602/686 2365/1602/686
f 2365/1602/687 2366/1602/687 2414/1602/687
f 2365/1602/688 2367/1602/688 2368/1602/688
f 2346/1602/689 2369/1602/689 2367/1602/689
f 2367/1602/690 2369/1602/690 2371/1602/690
f 2346/1602/691 2915/1602/691 2370/1602/691
f 2369/1602/692 2370/1602/692 2372/1602/692
f 2372/1602/693 2374/1602/693 2373/1602/693
f 2371/1602/694 2373/1602/694 2376/1602/694
f 2373/1602/695 2374/1602/695 2920/1602/695
f 2376/1602/696 2373/1602/696 2375/1602/696
f 2366/1602/697 2368/1602/2068 2376/1602/697
f 2377/1602/698 2376/1602/698 2378/1602/698
f 2379/1602/699 2378/1602/699 2380/1602/699
f 2375/1602/700 2383/1602/700 2380/1602/700
f 2380/1602/701 2382/1602/701 2422/1602/701
f 2380/1602/702 2383/1602/702 2385/1602/702
f 2375/1602/703 2920/1602/703 2384/1602/703
f 2384/1602/704 2386/1602/704 2385/1602/704
f 2386/1602/705 2388/1602/705 2387/1602/705
f 2385/1602/706 2387/1602/706 2390/1602/706
f 2387/1602/707 2388/1602/707 2918/1602/707
f 2390/1602/708 2387/1602/708 2389/1602/708
f 2382/1602/709 2390/1602/709 2391/1602/709
f 2390/1602/710 2392/1602/710 2393/1602/710
f 2392/1602/711 2353/1602/711 2355/1602/711
f 2389/1602/712 2919/1602/712 2353/1602/712
f 2391/1602/713 2393/1602/713 2394/1602/713
f 2394/1602/714 2393/1602/714 2355/1602/714
f 2395/1602/715 2394/1602/715 2396/1602/715
f 2396/1602/717 2394/1602/717 2357/1602/717
f 2397/1602/718 2396/1602/718 2398/1602/718
f 2398/1602/719 2396/1602/719 2399/1602/719
f 2399/1602/721 2358/1602/721 2402/1602/722
f 2429/1602/723 2398/1602/723 2400/1602/723
f 2401/1602/724 2400/1602/724 2402/1602/724
f 2402/1602/725 2404/1602/725 2405/1602/725
f 2358/1602/726 2360/1602/726 2404/1602/726
f 2405/1602/727 2404/1602/727 2406/1602/727
f 2404/1602/728 2360/1602/728 2362/1602/728
f 2406/1602/729 2408/1602/1008 2409/1602/729
f 2406/1602/730 2362/1602/1009 2411/1602/730
f 2408/1602/731 2410/1602/731 2445/1602/731
f 2411/1602/733 2412/1602/733 2410/1602/733
f 2363/1602/734 2414/1602/734 2412/1602/734
f 2410/1602/735 2412/1602/735 2413/1602/735
f 2412/1602/736 2414/1602/736 2415/1602/736
f 2414/1602/737 2366/1602/737 2377/1602/737
f 2415/1602/738 2416/1602/739 2417/1602/739
f 2377/1602/740 2379/1602/740 2416/1602/740
f 2416/1602/741 2418/1602/741 2419/1602/741
f 2416/1602/742 2379/1602/742 2381/1602/742
f 2419/1602/743 2418/1602/2069 2420/1602/743
f 2381/1602/744 2422/1602/744 2420/1602/744
f 2421/1602/745 2420/1602/998 2395/1602/745
f 2420/1602/746 2422/1602/746 2391/1602/746
f 2419/1602/747 2421/1602/747 2423/1602/747
f 2421/1602/748 2397/1602/748 2426/1602/748
f 2424/1602/750 2423/1602/750 2425/1602/750
f 2425/1602/751 2423/1602/751 2426/1602/751
f 2427/1602/752 2426/1602/752 2398/1602/752
f 2454/1602/753 2425/1602/753 2427/1602/753
f 2427/1602/754 2429/1602/754 2430/1602/754
f 2430/1602/755 2429/1602/755 2401/1602/755
f 2428/1602/756 2430/1602/756 2431/1602/756
f 2431/1602/757 2430/1602/757 2432/1602/757
f 2433/1602/758 2432/1602/758 2434/1602/758
f 2432/1602/759 2401/1602/759 2403/1602/759
f 2434/1602/760 2436/1602/760 2437/1602/760
f 2403/1602/761 2405/1602/761 2436/1602/761
f 2437/1602/762 2436/1602/762 2438/1602/762
f 2436/1602/763 2405/1602/763 2407/1602/763
f 2438/1602/764 2440/1602/764 2441/1602/764
f 2407/1602/765 2409/1602/765 2440/1602/765
f 2440/1602/766 2442/1602/766 2443/1602/766
f 2409/1602/767 2445/1602/767 2442/1602/767
f 2443/1602/768 2442/1602/768 2444/1602/768
f 2442/1602/769 2445/1602/769 2446/1602/769
f 2410/1602/770 2448/1602/1007 2446/1602/770
f 2446/1602/771 2447/1602/771 2450/1602/771
f 2448/1602/772 2449/1602/772 2447/1602/772
f 2448/1602/773 2413/1602/773 2417/1602/773
f 2447/1602/775 2449/1602/775 2424/1602/775
f 2449/1602/777 2417/1602/777 2419/1602/777
f 2450/1602/778 2447/1602/778 2451/1602/778
f 2451/1602/780 2425/1602/780 2454/1602/780
f 2478/1602/782 2450/1602/782 2452/1602/782
f 2452/1602/784 2454/1602/784 2455/1602/784
f 2455/1602/786 2454/1602/2070 2428/1602/786
f 2453/1602/787 2455/1602/787 2456/1602/787
f 2455/1602/789 2457/1602/789 2458/1602/789
f 2457/1602/790 2431/1602/790 2460/1602/790
f 2483/1602/791 2456/1602/2071 2458/1602/791
f 2459/1602/792 2458/1602/792 2460/1602/792
f 2461/1602/793 2460/1602/793 2462/1602/793
f 2460/1602/794 2431/1602/2072 2433/1602/794
f 2463/1602/795 2462/1602/795 2464/1602/795
f 2462/1602/796 2433/1602/796 2435/1602/796
f 2464/1602/797 2466/1602/797 2467/1602/797
f 2435/1602/798 2437/1602/1015 2466/1602/798
f 2467/1602/799 2466/1602/799 2468/1602/799
f 2466/1602/800 2437/1602/800 2439/1602/800
f 2468/1602/802 2470/1602/802 2471/1602/802
f 2439/1602/803 2441/1602/803 2470/1602/803
f 2470/1602/804 2472/1602/804 2473/1602/804
f 2441/1602/805 2443/1602/805 2472/1602/805
f 2472/1602/807 2474/1602/807 2475/1602/807
f 2472/1602/808 2443/1602/808 2477/1602/808
f 2474/1602/809 2476/1602/2073 2479/1602/809
f 2474/1602/810 2477/1602/810 2478/1602/810
f 2477/1602/811 2444/1602/811 2450/1602/811
f 2476/1602/813 2478/1602/813 2453/1602/813
f 2479/1602/814 2476/1602/814 2480/1602/814
f 2480/1602/815 2456/1602/815 2483/1602/815
f 2504/1602/816 2479/1602/816 2481/1602/816
f 2481/1602/818 2483/1602/818 2484/1602/818
f 2483/1602/820 2459/1602/820 2486/1602/820
f 2507/1602/821 2482/1602/821 2484/1602/822
f 2484/1602/823 2486/1602/823 2487/1602/823
f 2486/1602/824 2488/1602/824 2489/1602/824
f 2486/1602/825 2459/1602/1021 2461/1602/825
f 2488/1602/827 2490/1602/827 2491/1602/827
f 2488/1602/828 2461/1602/828 2463/1602/828
f 2490/1602/829 2492/1602/829 2493/1602/829
f 2463/1602/830 2465/1602/830 2492/1602/830
f 2493/1602/831 2492/1602/831 2494/1602/831
f 2465/1602/832 2467/1602/1019 2494/1602/832
f 2494/1602/833 2496/1602/833 2497/1602/833
f 2494/1602/834 2467/1602/1018 2469/1602/834
f 2497/1602/835 2496/1602/835 2498/1602/835
f 2496/1602/836 2469/1602/836 2471/1602/836
f 2499/1602/837 2498/1602/837 2500/1602/837
f 2471/1602/838 2473/1602/838 2500/1602/838
f 2501/1602/839 2500/1602/839 2502/1602/839
f 2473/1602/840 2475/1602/840 2502/1602/840
f 2503/1602/841 2502/1602/841 2504/1602/841
f 2502/1602/842 2475/1602/842 2479/1602/842
f 2504/1602/843 2482/1602/844 2507/1602/844
f 2503/1602/845 2505/1602/845 2506/1602/845
f 2506/1602/846 2505/1602/846 2507/1602/846
f 2507/1602/847 2485/1602/847 2510/1602/847
f 2506/1602/848 2508/1602/848 2509/1602/848
f 2509/1602/849 2508/1602/849 2510/1602/849
f 2511/1602/850 2510/1602/850 2512/1602/850
f 2510/1602/851 2485/1602/851 2487/1602/851
f 2512/1602/852 2514/1602/2074 2515/1602/852
f 2512/1602/854 2487/1602/854 2489/1602/854
f 2514/1602/855 2516/1602/855 2517/1602/855
f 2514/1602/856 2489/1602/856 2491/1602/856
f 2517/1602/857 2516/1602/857 2518/1602/857
f 2516/1602/858 2491/1602/858 2493/1602/858
f 2519/1602/859 2518/1602/859 2520/1602/859
f 2493/1602/861 2495/1602/861 2520/1602/861
f 2520/1602/862 2522/1602/862 2523/1602/862
f 2520/1602/864 2495/1602/864 2497/1602/864
f 2522/1602/865 2524/1602/865 2525/1602/865
f 2497/1602/866 2499/1602/866 2524/1602/866
f 2525/1602/867 2524/1602/867 2526/1602/867
f 2499/1602/868 2501/1602/868 2526/1602/868
f 2527/1602/869 2526/1602/869 2528/1602/869
f 2501/1602/870 2503/1602/870 2528/1602/870
f 2528/1602/871 2506/1602/871 2531/1602/871
f 2552/1602/872 2527/1602/872 2529/1602/872
f 2530/1602/873 2529/1602/873 2531/1602/873
f 2531/1602/875 2509/1602/875 2534/1602/875
f 2530/1602/876 2532/1602/876 2533/1602/876
f 2532/1602/877 2534/1602/877 2535/1602/877
f 2535/1602/878 2534/1602/1032 2536/1602/878
f 2534/1602/879 2509/1602/879 2511/1602/879
f 2537/1602/880 2536/1602/880 2538/1602/880
f 2511/1602/881 2513/1602/881 2538/1602/881
f 2539/1602/883 2538/1602/883 2540/1602/883
f 2513/1602/884 2515/1602/884 2540/1602/884
f 2540/1602/885 2542/1602/885 2543/1602/885
f 2515/1602/887 2517/1602/887 2542/1602/887
f 2542/1602/888 2544/1602/888 2545/1602/888
f 2517/1602/889 2519/1602/889 2544/1602/889
f 2545/1602/890 2544/1602/890 2546/1602/890
f 2544/1602/892 2519/1602/892 2521/1602/892
f 2546/1602/893 2548/1602/2075 2549/1602/893
f 2521/1602/894 2523/1602/894 2548/1602/894
f 2549/1602/895 2548/1602/895 2550/1602/895
f 2548/1602/896 2523/1602/896 2525/1602/896
f 2551/1602/897 2550/1602/2076 2552/1602/897
f 2550/1602/898 2525/1602/898 2527/1602/898
f 2552/1602/899 2530/1602/899 2555/1602/899
f 2576/1602/900 2551/1602/900 2553/1602/900
f 2553/1602/901 2555/1602/901 2556/1602/901
f 2555/1602/902 2533/1602/2077 2558/1602/902
f 2554/1602/903 2556/1602/903 2557/1602/903
f 2557/1602/904 2556/1602/904 2558/1602/904
f 2559/1602/905 2558/1602/905 2560/1602/905
f 2558/1602/907 2533/1602/907 2535/1602/907
f 2560/1602/909 2562/1602/909 2563/1602/909
f 2535/1602/910 2537/1602/911 2562/1602/911
f 2562/1602/913 2564/1602/913 2565/1602/913
f 2562/1602/914 2537/1602/2078 2539/1602/914
f 2565/1602/915 2564/1602/915 2566/1602/915
f 2564/1602/916 2539/1602/916 2541/1602/916
f 2566/1602/917 2568/1602/917 2569/1602/917
f 2541/1602/918 2543/1602/918 2568/1602/918
f 2568/1602/919 2570/1602/2079 2571/1602/919
f 2543/1602/920 2545/1602/920 2570/1602/920
f 2571/1602/921 2570/1602/921 2572/1602/921
f 2570/1602/922 2545/1602/1035 2547/1602/922
f 2572/1602/923 2574/1602/923 2575/1602/923
f 2547/1602/924 2549/1602/924 2574/1602/924
f 2575/1602/926 2574/1602/2080 2576/1602/926
f 2574/1602/927 2549/1602/927 2551/1602/927
f 2577/1602/928 2576/1602/928 2554/1602/928
f 2575/1602/929 2577/1602/929 2578/1602/929
f 2578/1602/930 2577/1602/1039 2579/1602/930
f 2580/1602/931 2579/1602/931 2557/1602/931
f 2603/1602/933 2578/1602/933 2580/1602/933
f 2580/1602/934 2582/1602/934 2583/1602/934
f 2583/1602/935 2582/1602/935 2584/1602/935
f 2582/1602/936 2557/1602/936 2559/1602/936
f 2584/1602/937 2586/1602/937 2587/1602/937
f 2559/1602/938 2561/1602/2081 2586/1602/938
f 2587/1602/939 2586/1602/939 2588/1602/939
f 2586/1602/940 2561/1602/940 2563/1602/940
f 2588/1602/941 2590/1602/941 2591/1602/941
f 2563/1602/942 2565/1602/942 2590/1602/942
f 2591/1602/943 2590/1602/943 2592/1602/943
f 2565/1602/944 2567/1602/944 2592/1602/944
f 2592/1602/945 2594/1602/2082 2595/1602/945
f 2567/1602/946 2569/1602/946 2594/1602/946
f 2595/1602/947 2594/1602/948 2596/1602/948
f 2594/1602/949 2569/1602/949 2571/1602/949
f 2597/1602/951 2596/1602/951 2598/1602/951
f 2596/1602/952 2571/1602/952 2573/1602/952
f 2598/1602/953 2600/1602/953 2601/1602/953
f 2573/1602/954 2575/1602/954 2600/1602/954
f 2600/1602/955 2578/1602/955 2603/1602/955
f 2599/1602/957 2601/1602/957 2602/1602/957
f 2601/1602/959 2603/1602/959 2604/1602/959
f 2604/1602/960 2603/1602/960 2581/1602/960
f 2602/1602/961 2604/1602/961 2605/1602/961
f 2605/1602/962 2604/1602/962 2606/1602/962
f 2606/1602/963 2608/1602/963 2609/1602/963
f 2606/1602/964 2581/1602/964 2583/1602/964
f 2609/1602/965 2608/1602/965 2610/1602/965
f 2608/1602/966 2583/1602/966 2585/1602/966
f 2610/1602/967 2612/1602/967 2613/1602/967
f 2585/1602/968 2587/1602/968 2612/1602/968
f 2613/1602/969 2612/1602/969 2614/1602/969
f 2612/1602/970 2587/1602/1057 2589/1602/970
f 2614/1602/971 2616/1602/971 2617/1602/971
f 2589/1602/972 2591/1602/1056 2616/1602/972
f 2617/1602/973 2616/1602/973 2618/1602/973
f 2591/1602/974 2593/1602/974 2618/1602/974
f 2618/1602/975 2620/1602/975 2621/1602/975
f 2593/1602/976 2595/1602/976 2620/1602/976
f 2621/1602/977 2620/1602/977 2622/1602/977
f 2620/1602/978 2595/1602/1053 2597/1602/978
f 2623/1602/979 2622/1602/2083 2624/1602/979
f 2622/1602/980 2597/1602/980 2599/1602/980
f 2624/1602/982 2602/1602/982 2627/1602/982
f 2648/1602/983 2623/1602/983 2625/1602/983
f 2625/1602/984 2627/1602/984 2628/1602/984
f 2628/1602/985 2627/1602/985 2605/1602/985
f 2626/1602/703 2628/1602/703 2629/1602/703
f 2629/1602/695 2628/1602/695 2630/1602/695
f 2630/1602/693 2632/1602/693 2633/1602/693
f 2605/1602/986 2607/1602/986 2632/1602/986
f 2633/1602/692 2632/1602/692 2634/1602/692
f 2632/1602/987 2607/1602/2084 2609/1602/987
f 2634/1602/691 2636/1602/691 2637/1602/691
f 2609/1602/988 2611/1602/988 2636/1602/988
f 2637/1602/670 2636/1602/670 2638/1602/670
f 2611/1602/989 2613/1602/989 2638/1602/989
f 2638/1602/671 2640/1602/671 2641/1602/671
f 2638/1602/990 2613/1602/990 2615/1602/990
f 2641/1602/991 2640/1602/991 2642/1602/991
f 2640/1602/992 2615/1602/992 2617/1602/992
f 2642/1602/993 2644/1602/993 2645/1602/993
f 2617/1602/994 2619/1602/994 2644/1602/994
f 2645/1602/707 2644/1602/707 2646/1602/707
f 2644/1602/995 2619/1602/995 2621/1602/995
f 2646/1602/705 2648/1602/705 2649/1602/705
f 2621/1602/996 2623/1602/996 2648/1602/996
f 2649/1602/704 2648/1602/704 2626/1602/704
f 2672/1602/706 2647/1602/706 2649/1602/706
f 2650/1602/702 2649/1602/702 2651/1602/702
f 2651/1602/700 2629/1602/700 2654/1602/700
f 2675/1602/701 2650/1602/701 2652/1602/701
f 2652/1602/699 2654/1602/699 2655/1602/699
f 2654/1602/698 2656/1602/698 2657/1602/698
f 2629/1602/696 2631/1602/696 2656/1602/696
f 2656/1602/697 2658/1602/697 2659/1602/697
f 2631/1602/694 2633/1602/694 2658/1602/694
f 2659/1602/688 2658/1602/688 2660/1602/688
f 2658/1602/690 2633/1602/690 2635/1602/690
f 2661/1602/686 2660/1602/686 2662/1602/686
f 2635/1602/689 2637/1602/689 2662/1602/689
f 2662/1602/674 2664/1602/674 2665/1602/674
f 2637/1602/669 2639/1602/669 2664/1602/669
f 2665/1602/673 2664/1602/673 2666/1602/673
f 2664/1602/672 2639/1602/672 2641/1602/672
f 2666/1602/676 2668/1602/676 2669/1602/676
f 2666/1602/675 2641/1602/675 2643/1602/675
f 2668/1602/711 2670/1602/711 2671/1602/711
f 2643/1602/712 2645/1602/712 2670/1602/712
f 2671/1602/710 2670/1602/710 2672/1602/710
f 2670/1602/708 2645/1602/708 2647/1602/708
f 2673/1602/709 2672/1602/709 2650/1602/709
f 2671/1602/713 2673/1602/713 2674/1602/713
f 2674/1602/746 2673/1602/746 2675/1602/746
f 2675/1602/744 2653/1602/744 2678/1602/744
f 2699/1602/998 2674/1602/998 2676/1602/998
f 2676/1602/743 2678/1602/2069 2679/1602/743
f 2679/1602/741 2678/1602/2085 2680/1602/741
f 2678/1602/742 2653/1602/742 2655/1602/742
f 2680/1602/739 2682/1602/739 2683/1602/739
f 2655/1602/740 2657/1602/740 2682/1602/740
f 2683/1602/736 2682/1602/736 2684/1602/736
f 2682/1602/737 2657/1602/737 2659/1602/737
f 2684/1602/734 2686/1602/734 2687/1602/734
f 2684/1602/687 2659/1602/687 2661/1602/687
f 2686/1602/999 2688/1602/999 2689/1602/999
f 2686/1602/685 2661/1602/685 2663/1602/685
f 2689/1602/682 2688/1602/682 2690/1602/682
f 2663/1602/683 2665/1602/683 2690/1602/683
f 2690/1602/681 2692/1602/681 2693/1602/681
f 2690/1602/678 2665/1602/678 2667/1602/678
f 2693/1602/680 2692/1602/680 2694/1602/680
f 2667/1602/677 2669/1602/677 2694/1602/677
f 2695/1602/717 2694/1602/2086 2696/1602/717
f 2669/1602/714 2671/1602/714 2696/1602/714
f 2696/1602/715 2674/1602/716 2699/1602/715
f 2695/1602/719 2697/1602/719 2698/1602/719
f 2697/1602/718 2699/1602/718 2700/1602/718
f 2699/1602/1002 2677/1602/748 2702/1602/1002
f 2723/1602/752 2698/1602/752 2700/1602/752
f 2700/1602/1003 2702/1602/751 2703/1602/1003
f 2703/1602/750 2702/1602/750 2704/1602/750
f 2702/1602/747 2677/1602/747 2679/1602/747
f 2704/1602/775 2706/1602/775 2707/1602/776
f 2679/1602/777 2681/1602/777 2706/1602/777
f 2707/1602/1005 2706/1602/1005 2708/1602/1005
f 2706/1602/774 2681/1602/2087 2683/1602/774
f 2708/1602/770 2710/1602/770 2711/1602/770
f 2708/1602/735 2683/1602/735 2685/1602/735
f 2711/1602/731 2710/1602/731 2712/1602/731
f 2710/1602/733 2685/1602/733 2687/1602/733
f 2712/1602/1008 2714/1602/1008 2715/1602/1008
f 2687/1602/1009 2689/1602/2088 2714/1602/1009
f 2715/1602/1011 2714/1602/1011 2716/1602/727
f 2714/1602/728 2689/1602/728 2691/1602/728
f 2716/1602/1012 2718/1602/1012 2719/1602/1012
f 2691/1602/726 2693/1602/726 2718/1602/726
f 2719/1602/1013 2718/1602/1013 2720/1602/1013
f 2718/1602/721 2693/1602/2089 2695/1602/721
f 2720/1602/723 2698/1602/723 2723/1602/723
f 2744/1602/759 2719/1602/2090 2721/1602/759
f 2721/1602/755 2723/1602/755 2724/1602/755
f 2723/1602/754 2701/1602/754 2726/1602/754
f 2747/1602/757 2722/1602/757 2724/1602/757
f 2725/1602/756 2724/1602/756 2726/1602/756
f 2727/1602/786 2726/1602/786 2728/1602/786
f 2701/1602/753 2703/1602/753 2728/1602/753
f 2729/1602/784 2728/1602/785 2730/1602/784
f 2728/1602/780 2703/1602/780 2705/1602/780
f 2730/1602/782 2732/1602/2091 2733/1602/782
f 2705/1602/778 2707/1602/778 2732/1602/778
f 2732/1602/811 2734/1602/811 2735/1602/811
f 2732/1602/771 2707/1602/771 2709/1602/771
f 2734/1602/768 2736/1602/768 2737/1602/768
f 2709/1602/769 2711/1602/769 2736/1602/769
f 2736/1602/766 2738/1602/766 2739/1602/766
f 2736/1602/767 2711/1602/767 2713/1602/767
f 2738/1602/764 2740/1602/764 2741/1602/764
f 2713/1602/765 2715/1602/765 2740/1602/765
f 2741/1602/762 2740/1602/762 2742/1602/762
f 2740/1602/763 2715/1602/763 2717/1602/763
f 2742/1602/760 2744/1602/2092 2745/1602/760
f 2717/1602/761 2719/1602/2093 2744/1602/761
f 2745/1602/758 2744/1602/758 2722/1602/758
f 2768/1602/1015 2743/1602/1015 2745/1602/1015
f 2746/1602/796 2745/1602/2094 2747/1602/796
f 2747/1602/794 2725/1602/794 2750/1602/794
f 2746/1602/795 2748/1602/795 2749/1602/795
f 2748/1602/793 2750/1602/793 2751/1602/793
f 2750/1602/792 2752/1602/792 2753/1602/792
f 2725/1602/1016 2727/1602/1016 2752/1602/1016
f 2753/1602/791 2752/1602/791 2754/1602/791
f 2727/1602/789 2729/1602/789 2754/1602/789
f 2754/1602/815 2756/1602/815 2757/1602/815
f 2729/1602/788 2731/1602/787 2756/1602/788
f 2757/1602/814 2756/1602/814 2758/1602/814
f 2756/1602/813 2731/1602/813 2733/1602/813
f 2758/1602/809 2760/1602/809 2761/1602/809
f 2758/1602/810 2733/1602/810 2735/1602/810
f 2761/1602/807 2760/1602/807 2762/1602/807
f 2760/1602/808 2735/1602/2095 2737/1602/808
f 2763/1602/804 2762/1602/804 2764/1602/804
f 2762/1602/805 2737/1602/805 2739/1602/805
f 2765/1602/802 2764/1602/802 2766/1602/802
f 2739/1602/803 2741/1602/803 2766/1602/803
f 2767/1602/799 2766/1602/2096 2768/1602/799
f 2741/1602/800 2743/1602/800 2768/1602/800
f 2768/1602/797 2746/1602/797 2771/1602/797
f 2767/1602/1018 2769/1602/834 2770/1602/834
f 2770/1602/1019 2769/1602/1019 2771/1602/1019
f 2772/1602/830 2771/1602/830 2749/1602/830
f 2770/1602/831 2772/1602/2097 2773/1602/831
f 2772/1602/829 2774/1602/829 2775/1602/829
f 2774/1602/827 2776/1602/827 2777/1602/827
f 2774/1602/828 2749/1602/828 2751/1602/828
f 2776/1602/824 2778/1602/824 2779/1602/824
f 2776/1602/1021 2751/1602/1021 2753/1602/1021
f 2779/1602/823 2778/1602/823 2780/1602/823
f 2778/1602/820 2753/1602/820 2755/1602/820
f 2780/1602/821 2782/1602/822 2783/1602/821
f 2780/1602/818 2755/1602/819 2757/1602/818
f 2783/1602/844 2782/1602/844 2784/1602/844
f 2757/1602/1022 2759/1602/1022 2784/1602/1022
f 2784/1602/841 2786/1602/841 2787/1602/841
f 2759/1602/842 2761/1602/842 2786/1602/842
f 2787/1602/839 2786/1602/839 2788/1602/839
f 2761/1602/840 2763/1602/840 2788/1602/840
f 2789/1602/837 2788/1602/837 2790/1602/837
f 2763/1602/838 2765/1602/838 2790/1602/838
f 2791/1602/835 2790/1602/835 2792/1602/835
f 2765/1602/836 2767/1602/836 2792/1602/836
f 2793/1602/833 2792/1602/2098 2770/1602/833
f 2791/1602/866 2793/1602/866 2794/1602/866
f 2793/1602/864 2795/1602/864 2796/1602/864
f 2796/1602/861 2795/1602/861 2773/1602/861
f 2819/1602/863 2794/1602/863 2796/1602/862
f 2796/1602/860 2798/1602/859 2799/1602/860
f 2798/1602/857 2800/1602/857 2801/1602/857
f 2798/1602/858 2773/1602/858 2775/1602/858
f 2800/1602/855 2802/1602/2099 2803/1602/855
f 2800/1602/856 2775/1602/856 2777/1602/856
f 2802/1602/853 2804/1602/853 2805/1602/853
f 2802/1602/854 2777/1602/854 2779/1602/854
f 2804/1602/850 2806/1602/850 2807/1602/850
f 2779/1602/851 2781/1602/851 2806/1602/851
f 2807/1602/1025 2806/1602/849 2808/1602/849
f 2806/1602/1026 2781/1602/1026 2783/1602/1026
f 2808/1602/1027 2810/1602/848 2811/1602/1027
f 2783/1602/1028 2785/1602/1028 2810/1602/1028
f 2811/1602/871 2810/1602/871 2812/1602/871
f 2810/1602/845 2785/1602/845 2787/1602/845
f 2813/1602/869 2812/1602/869 2814/1602/869
f 2787/1602/870 2789/1602/870 2814/1602/870
f 2815/1602/867 2814/1602/867 2816/1602/867
f 2789/1602/868 2791/1602/868 2816/1602/868
f 2817/1602/865 2816/1602/865 2794/1602/865
f 2815/1602/898 2817/1602/898 2818/1602/898
f 2817/1602/896 2819/1602/896 2820/1602/896
f 2819/1602/894 2797/1602/894 2822/1602/894
f 2843/1602/895 2818/1602/895 2820/1602/895
f 2821/1602/893 2820/1602/893 2822/1602/893
f 2822/1602/891 2824/1602/890 2825/1602/891
f 2822/1602/892 2797/1602/892 2799/1602/892
f 2824/1602/888 2826/1602/888 2827/1602/888
f 2824/1602/889 2799/1602/889 2801/1602/889
f 2827/1602/885 2826/1602/885 2828/1602/885
f 2826/1602/887 2801/1602/887 2803/1602/887
f 2829/1602/1031 2828/1602/1031 2830/1602/1031
f 2828/1602/884 2803/1602/884 2805/1602/884
f 2831/1602/880 2830/1602/880 2832/1602/880
f 2805/1602/881 2807/1602/881 2832/1602/881
f 2832/1602/1032 2834/1602/1032 2835/1602/1032
f 2832/1602/879 2807/1602/879 2809/1602/879
f 2835/1602/877 2834/1602/2100 2836/1602/877
f 2809/1602/875 2811/1602/875 2836/1602/875
f 2836/1602/876 2838/1602/876 2839/1602/876
f 2836/1602/873 2811/1602/873 2813/1602/873
f 2838/1602/899 2840/1602/899 2841/1602/899
f 2813/1602/872 2815/1602/872 2840/1602/872
f 2840/1602/897 2818/1602/897 2843/1602/897
f 2864/1602/901 2839/1602/901 2841/1602/901
f 2842/1602/900 2841/1602/900 2843/1602/900
f 2844/1602/927 2843/1602/927 2821/1602/927
f 2842/1602/928 2844/1602/928 2845/1602/928
f 2845/1602/926 2844/1602/926 2846/1602/926
f 2846/1602/923 2848/1602/923 2849/1602/923
f 2821/1602/925 2823/1602/925 2848/1602/925
f 2849/1602/921 2848/1602/921 2850/1602/921
f 2848/1602/922 2823/1602/922 2825/1602/922
f 2850/1602/919 2852/1602/919 2853/1602/919
f 2825/1602/920 2827/1602/920 2852/1602/920
f 2853/1602/917 2852/1602/917 2854/1602/917
f 2827/1602/918 2829/1602/918 2854/1602/918
f 2855/1602/915 2854/1602/915 2856/1602/915
f 2829/1602/916 2831/1602/916 2856/1602/916
f 2857/1602/913 2856/1602/913 2858/1602/913
f 2856/1602/914 2831/1602/914 2833/1602/914
f 2858/1602/909 2860/1602/909 2861/1602/909
f 2833/1602/910 2835/1602/910 2860/1602/910
f 2861/1602/905 2860/1602/906 2862/1602/905
f 2860/1602/1037 2835/1602/907 2837/1602/1037
f 2862/1602/904 2864/1602/904 2865/1602/904
f 2837/1602/902 2839/1602/902 2864/1602/902
f 2864/1602/903 2842/1602/903 2867/1602/903
f 2863/1602/1038 2865/1602/1038 2866/1602/1038
f 2866/1602/931 2865/1602/932 2867/1602/931
f 2868/1602/930 2867/1602/930 2845/1602/930
f 2866/1602/934 2868/1602/934 2869/1602/934
f 2868/1602/933 2870/1602/933 2871/1602/933
f 2871/1602/956 2870/1602/2101 2872/1602/956
f 2870/1602/1041 2845/1602/929 2847/1602/1041
f 2872/1602/953 2874/1602/953 2875/1602/953
f 2847/1602/1042 2849/1602/954 2874/1602/954
f 2875/1602/951 2874/1602/951 2876/1602/951
f 2874/1602/1043 2849/1602/1043 2851/1602/1043
f 2876/1602/947 2878/1602/2102 2879/1602/947
f 2851/1602/950 2853/1602/949 2878/1602/950
f 2879/1602/945 2878/1602/945 2880/1602/945
f 2853/1602/946 2855/1602/946 2880/1602/946
f 2881/1602/943 2880/1602/2103 2882/1602/943
f 2855/1602/944 2857/1602/944 2882/1602/944
f 2883/1602/1045 2882/1602/1045 2884/1602/1045
f 2882/1602/1046 2857/1602/1046 2859/1602/1046
f 2885/1602/939 2884/1602/939 2886/1602/939
f 2859/1602/940 2861/1602/940 2886/1602/940
f 2886/1602/937 2888/1602/937 2889/1602/937
f 2886/1602/938 2861/1602/938 2863/1602/938
f 2888/1602/1048 2866/1602/2104 2891/1602/1048
f 2887/1602/1050 2889/1602/1050 2890/1602/1050
f 2890/1602/1051 2889/1602/1051 2891/1602/1051
f 2891/1602/964 2869/1602/964 2894/1602/964
f 2914/1602/965 2890/1602/965 2892/1602/965
f 2892/1602/963 2894/1602/963 2895/1602/963
f 2894/1602/962 2896/1602/962 2897/1602/962
f 2894/1602/960 2869/1602/960 2871/1602/960
f 2897/1602/961 2896/1602/961 2898/1602/961
f 2896/1602/1052 2871/1602/1052 2873/1602/1052
f 2899/1602/982 2898/1602/982 2900/1602/982
f 2873/1602/957 2875/1602/958 2900/1602/957
f 2900/1602/979 2902/1602/979 2903/1602/979
f 2900/1602/980 2875/1602/980 2877/1602/980
f 2902/1602/977 2904/1602/977 2905/1602/977
f 2877/1602/1053 2879/1602/1053 2904/1602/1053
f 2905/1602/975 2904/1602/975 2906/1602/975
f 2879/1602/976 2881/1602/976 2906/1602/976
f 2907/1602/973 2906/1602/973 2908/1602/973
f 2906/1602/1055 2881/1602/1055 2883/1602/1055
f 2908/1602/971 2910/1602/971 2911/1602/971
f 2883/1602/1056 2885/1602/1056 2910/1602/1056
f 2910/1602/969 2912/1602/969 2913/1602/969
f 2910/1602/1057 2885/1602/1057 2887/1602/1057
f 2912/1602/967 2890/1602/967 2914/1602/967
f 2911/1602/990 2913/1602/990 2347/1602/990
f 2347/1602/989 2913/1602/989 2914/1602/989
f 2915/1602/988 2914/1602/988 2893/1602/988
f 2909/1602/992 2911/1602/992 2916/1602/992
f 2917/1602/991 2916/1602/991 2348/1602/991
f 2907/1602/994 2909/1602/994 2917/1602/994
f 2918/1602/993 2917/1602/993 2919/1602/993
f 2388/1602/995 2905/1602/995 2907/1602/995
f 2386/1602/996 2903/1602/996 2905/1602/996
f 2901/1602/983 2903/1602/983 2386/1602/983
f 2920/1602/984 2899/1602/984 2901/1602/984
f 2897/1602/985 2899/1602/985 2920/1602/985
f 2895/1602/986 2897/1602/2105 2374/1602/986
f 2370/1602/987 2893/1602/987 2895/1602/987
f 2923/1605/159 2921/1817/159 2922/1818/159
f 2922/1818/159 3014/1819/159 3011/1820/159
f 3011/1820/159 3008/1821/2106 3005/1822/2107
f 3005/1822/2107 3002/1823/2106 3011/1820/159
f 3002/1823/2106 2999/1824/159 3011/1820/159
f 2999/1824/159 2996/1825/2106 2987/1826/159
f 2996/1825/2106 2993/1827/2107 2987/1826/159
f 2993/1827/2107 2990/1828/159 2987/1826/159
f 2987/1826/159 2984/1829/2106 2981/1830/159
f 2981/1830/159 2978/1831/159 2975/1603/159
f 2975/1603/159 2972/1832/159 2969/1833/159
f 2969/1833/159 2966/1834/159 2963/1835/159
f 2963/1835/159 2960/1836/2107 2957/1837/2106
f 2957/1837/2106 2954/1838/2107 2963/1835/159
f 2954/1838/2107 2951/1604/159 2963/1835/159
f 2951/1604/159 2948/1839/2107 2939/1840/159
f 2948/1839/2107 2945/1841/2106 2939/1840/159
f 2945/1841/2106 2942/1842/159 2939/1840/159
f 2939/1840/159 2936/1843/2107 2933/1844/159
f 2933/1844/159 2930/1845/159 2939/1840/159
f 2930/1845/159 2923/1605/159 2939/1840/159
f 2923/1605/159 2922/1818/159 3011/1820/159
f 2987/1826/159 2981/1830/159 2999/1824/159
f 2981/1830/159 2975/1603/159 2999/1824/159
f 2975/1603/159 2969/1833/159 2951/1604/159
f 2969/1833/159 2963/1835/159 2951/1604/159
f 2923/1605/159 3011/1820/159 2975/1603/159
f 3011/1820/159 2999/1824/159 2975/1603/159
f 2951/1604/159 2939/1840/159 2923/1605/159
f 2924/1606/1058 2926/1615/1064 2922/1607/1059
f 2927/1609/1060 2924/1613/1058 2921/1610/207
f 2927/1609/1060 2928/1618/1067 2925/1612/1062
f 2924/1606/1058 2925/1705/1062 3017/1614/1063
f 2929/1616/1065 2927/1609/1060 2923/1611/1061
f 2929/1616/1065 2931/1621/1070 2928/1618/1067
f 2932/1619/1068 2929/1616/1065 2930/1617/1066
f 2932/1619/1068 2934/1624/1073 2931/1621/1070
f 2935/1622/1071 2932/1619/1068 2933/1620/1069
f 2935/1622/1071 2937/1627/1076 2934/1624/1073
f 2938/1625/1074 2935/1622/1071 2936/1623/1072
f 2938/1625/1074 2940/1630/1079 2937/1627/1076
f 2941/1628/1077 2938/1625/1074 2939/1626/1075
f 2941/1628/1077 2943/1633/1082 2940/1630/1079
f 2944/1631/1080 2941/1628/1077 2942/1629/1078
f 2944/1631/1080 2946/1636/1084 2943/1633/1082
f 2947/1634/528 2944/1631/528 2945/1632/528
f 2947/1634/1083 2949/1725/1083 2946/1636/1084
f 2950/1637/494 2947/1634/494 2948/1635/494
f 2952/1639/1085 2949/1725/1086 2947/1634/1086
f 2953/1640/1088 2950/1637/1087 2951/1638/493
f 2955/1642/1090 2952/1639/1085 2950/1637/1087
f 2956/1643/1091 2953/1640/1088 2954/1641/1089
f 2958/1645/1093 2955/1642/1090 2953/1640/1088
f 2959/1646/1094 2956/1643/1091 2957/1644/1092
f 2961/1648/1096 2958/1645/1093 2956/1643/1091
f 2962/1649/1097 2959/1646/1094 2960/1647/1095
f 2964/1651/1099 2961/1648/1096 2959/1646/1094
f 2965/1652/1100 2962/1649/1097 2963/1650/1098
f 2967/1654/1102 2964/1651/1099 2962/1649/1097
f 2968/1655/1103 2965/1652/1100 2966/1653/1101
f 2970/1657/1105 2967/1654/1102 2965/1652/1100
f 2971/1658/1106 2968/1655/1103 2969/1656/1104
f 2973/1660/1107 2970/1657/1105 2968/1655/1103
f 2974/1661/1108 2971/1658/1106 2972/1659/175
f 2976/1663/1110 2973/1660/1107 2971/1658/1106
f 2977/1664/1111 2974/1661/1108 2975/1662/1109
f 2979/1666/1113 2976/1663/1110 2974/1661/1108
f 2980/1667/1114 2977/1664/1111 2978/1665/1112
f 2982/1669/1116 2979/1666/1113 2977/1664/1111
f 2983/1670/1117 2980/1667/1114 2981/1668/1115
f 2985/1672/1119 2982/1669/1116 2980/1667/1114
f 2986/1673/1120 2983/1670/1117 2984/1671/1118
f 2988/1675/1122 2985/1672/1119 2983/1670/1117
f 2989/1676/1123 2986/1673/1120 2987/1674/1121
f 2991/1678/1125 2988/1675/1122 2986/1673/1120
f 2992/1679/1126 2989/1676/1123 2990/1677/1124
f 2994/1681/1127 2991/1678/1125 2989/1676/1123
f 2995/1682/437 2992/1679/437 2993/1680/1128
f 2997/1684/1129 2994/1681/1127 2992/1679/1126
f 2998/1685/1130 2995/1682/1130 2996/1683/424
f 2998/1685/1131 3000/1689/1135 2997/1684/1132
f 3001/1687/1133 2998/1685/1131 2999/1686/409
f 3001/1687/1133 3003/1692/1138 3000/1689/1135
f 3004/1690/1136 3001/1687/1133 3002/1688/1134
f 3004/1690/1136 3006/1695/1141 3003/1692/1138
f 3007/1693/1139 3004/1690/1136 3005/1691/1137
f 3007/1693/1139 3009/1698/1144 3006/1695/1141
f 3010/1696/1142 3007/1693/1139 3008/1694/1140
f 3010/1696/1142 3012/1701/1147 3009/1698/1144
f 3013/1699/1145 3010/1696/1142 3011/1697/1143
f 3013/1699/1145 3015/1702/1148 3012/1701/1147
f 2926/1615/1064 3013/1699/1145 3014/1700/1146
f 2926/1615/1064 3017/1614/1063 3015/1702/1148
f 3015/1702/1148 3016/1704/1150 3078/1703/1149
f 3017/1614/1063 3018/1706/1151 3016/1704/1150
f 2925/1705/1062 3020/1707/1152 3018/1706/1151
f 3020/1707/1152 3021/1846/1156 3019/1708/1153
f 3018/1706/1151 3019/1708/1153 3080/1709/1154
f 3022/1710/1155 3023/1714/1158 3021/1711/1156
f 2928/1618/1067 3022/1710/1155 3020/1712/1152
f 2931/1621/1070 3024/1713/1157 3022/1710/1155
f 3024/1713/1157 3025/1716/1160 3023/1714/1158
f 2934/1624/1073 3026/1715/1159 3024/1713/1157
f 3026/1715/1159 3027/1718/1162 3025/1716/1160
f 2937/1627/1076 3028/1717/1161 3026/1715/1159
f 3028/1717/1161 3029/1720/1164 3027/1718/1162
f 2940/1630/1079 3030/1719/1163 3028/1717/1161
f 3030/1719/1163 3031/1722/1167 3029/1720/1164
f 2943/1633/1165 3032/1721/1166 3030/1719/1163
f 3032/1721/1166 3033/1724/1170 3031/1722/1167
f 2946/1636/1168 3034/1723/1169 3032/1721/1166
f 3034/1723/1169 3035/1727/1173 3033/1724/1170
f 2949/1725/1171 3036/1726/1172 3034/1723/1169
f 3036/1726/1172 3037/1847/2108 3035/1727/1173
f 3038/1728/1174 3036/1726/1172 2949/1725/1171
f 3039/1729/1176 3037/1847/2108 3036/1726/1172
f 3040/1730/1177 3038/1728/1174 2952/1639/1175
f 3041/1731/1179 3039/1729/1176 3038/1728/1174
f 3042/1732/1180 3040/1730/1177 2955/1642/1178
f 3043/1733/1181 3041/1731/1179 3040/1730/1177
f 3044/1734/1182 3042/1732/1180 2958/1645/1093
f 3045/1735/1183 3043/1733/1181 3042/1732/1180
f 3046/1736/1184 3044/1734/1182 2961/1648/1096
f 3047/1737/1185 3045/1735/1183 3044/1734/1182
f 3048/1738/1186 3046/1736/1184 2964/1651/1099
f 3049/1739/1187 3047/1737/1185 3046/1736/1184
f 3050/1740/1188 3048/1738/1186 2967/1654/1102
f 3051/1741/1189 3049/1739/1187 3048/1738/1186
f 3052/1742/1190 3050/1740/1188 2970/1657/1105
f 3053/1743/1191 3051/1741/1189 3050/1740/1188
f 3054/1744/1192 3052/1742/1190 2973/1660/1107
f 3055/1745/1193 3053/1743/1191 3052/1742/1190
f 3056/1746/1194 3054/1744/1192 2976/1663/1110
f 3057/1747/1195 3055/1745/1193 3054/1744/1192
f 3058/1748/1196 3056/1746/1194 2979/1666/1113
f 3059/1749/1197 3057/1747/1195 3056/1746/1194
f 3060/1750/1198 3058/1748/1196 2982/1669/1116
f 3061/1751/1199 3059/1749/1197 3058/1748/1196
f 3062/1752/1200 3060/1750/1198 2985/1672/1119
f 3063/1753/1201 3061/1751/1199 3060/1750/1198
f 3064/1754/1202 3062/1752/1200 2988/1675/1122
f 3065/1755/1204 3063/1753/1201 3062/1752/1200
f 3066/1756/1205 3064/1754/1202 2991/1678/1203
f 3067/1757/1207 3065/1755/1204 3064/1754/1202
f 3068/1758/1208 3066/1756/1205 2994/1681/1206
f 3069/1759/1210 3067/1757/1207 3066/1756/1205
f 3000/1689/1211 3070/1760/1212 3068/1758/1208
f 3070/1760/1212 3071/1762/1215 3069/1759/1210
f 3003/1692/1213 3072/1761/1214 3070/1760/1212
f 3072/1761/1214 3073/1764/1217 3071/1762/1215
f 3006/1695/1141 3074/1763/1216 3072/1761/1214
f 3074/1763/1216 3075/1766/1219 3073/1764/1217
f 3009/1698/1144 3076/1765/1218 3074/1763/1216
f 3076/1765/1218 3077/1767/1220 3075/1766/1219
f 3012/1701/1147 3078/1703/1149 3076/1765/1218
f 3078/1703/1149 3079/1768/1221 3077/1767/1220
f 3016/1704/1150 3080/1709/1154 3079/1768/1221
f 3080/1848/1222 3019/1849/2109 3023/1850/1222
f 3019/1849/2109 3021/1851/2110 3023/1850/1222
f 3023/1850/1222 3025/1852/1222 3080/1848/1222
f 3025/1852/1222 3027/1853/1222 3080/1848/1222
f 3027/1853/1222 3029/1771/1222 3079/1770/1222
f 3080/1848/1222 3027/1853/1222 3079/1770/1222
f 3029/1771/1222 3031/1854/1222 3077/1769/1222
f 3031/1854/1222 3033/1855/1222 3075/1856/1222
f 3077/1769/1222 3031/1854/1222 3075/1856/1222
f 3033/1855/1222 3035/1857/1222 3071/1858/1215
f 3035/1857/1222 3037/1859/1222 3069/1860/1210
f 3037/1859/1222 3039/1861/1222 3067/1862/1207
f 3039/1861/1222 3041/1863/1222 3065/1864/1204
f 3041/1863/1222 3043/1865/1222 3065/1864/1204
f 3043/1865/1222 3045/1866/1222 3063/1867/1222
f 3065/1864/1204 3043/1865/1222 3063/1867/1222
f 3045/1866/1222 3047/1868/1222 3061/1869/1222
f 3047/1868/1222 3049/1870/1222 3059/1871/1222
f 3061/1869/1222 3047/1868/1222 3059/1871/1222
f 3049/1870/1222 3051/1872/2109 3055/1873/1222
f 3051/1872/2109 3053/1874/2109 3055/1873/1222
f 3055/1873/1222 3057/1875/1222 3049/1870/1222
f 3057/1875/1222 3059/1871/1222 3049/1870/1222
f 3061/1869/1222 3063/1867/1222 3045/1866/1222
f 3065/1864/1204 3067/1862/1207 3039/1861/1222
f 3067/1862/1207 3069/1860/1210 3037/1859/1222
f 3069/1860/1210 3071/1858/1215 3035/1857/1222
f 3071/1858/1215 3073/1876/1217 3033/1855/1222
f 3073/1876/1217 3075/1856/1222 3033/1855/1222
f 3085/1772/1223 3081/1772/1223 3082/1772/1223
f 3081/1772/1225 3083/1772/2111 3651/1772/1225
f 3652/1772/1226 3083/1772/2112 3081/1772/1226
f 3084/1772/1227 3081/1772/1227 3085/1772/1227
f 3090/1772/1229 3088/1772/1575 3085/1772/1229
f 3085/1772/1230 3087/1772/2113 3100/1772/1230
f 3089/1772/1231 3655/1772/1231 3084/1772/1231
f 3089/1772/1232 3088/1772/1232 3090/1772/1232
f 3091/1772/1233 3090/1772/1233 3092/1772/1233
f 3092/1772/1234 3090/1772/1234 3086/1772/1234
f 3093/1772/1235 3092/1772/2114 3094/1772/1235
f 3094/1772/1236 3092/1772/1236 3095/1772/1236
f 3095/1772/1237 3097/1772/1237 3098/1772/1237
f 3086/1772/1238 3100/1772/1238 3097/1772/1238
f 3098/1772/1239 3097/1772/1239 3099/1772/1239
f 3097/1772/1240 3100/1772/1240 3101/1772/1240
f 3100/1772/1241 3087/1772/1241 3103/1772/1241
f 3101/1772/1242 3102/1772/1242 3150/1772/1242
f 3103/1772/1243 3104/1772/1243 3102/1772/1243
f 3082/1772/1244 3105/1772/1244 3103/1772/1244
f 3105/1772/1245 3107/1772/1245 3104/1772/1245
f 3651/1772/1246 3106/1772/1246 3105/1772/1246
f 3105/1772/1247 3106/1772/1247 3108/1772/1247
f 3107/1772/1248 3108/1772/1248 3110/1772/1248
f 3107/1772/1249 3109/1772/1249 3112/1772/1249
f 3110/1772/1250 3656/1772/1250 3111/1772/1250
f 3109/1772/1251 3111/1772/1251 3114/1772/1251
f 3102/1772/1252 3104/1772/1252 3112/1772/1252
f 3112/1772/1253 3114/1772/1253 3115/1772/1253
f 3115/1772/1254 3114/1772/2115 3116/1772/1254
f 3114/1772/1255 3111/1772/1255 3119/1772/1255
f 3116/1772/1256 3118/1772/2116 3158/1772/1256
f 3119/1772/1257 3121/1772/1257 3118/1772/1257
f 3111/1772/1258 3656/1772/2117 3120/1772/1258
f 3120/1772/1259 3122/1772/2118 3121/1772/1259
f 3121/1772/1260 3122/1772/1260 3124/1772/1260
f 3118/1772/1261 3121/1772/1261 3123/1772/1261
f 3124/1772/1262 3654/1772/1262 3125/1772/1262
f 3126/1772/1263 3123/1772/1263 3125/1772/1263
f 3158/1772/1264 3118/1772/1264 3126/1772/1264
f 3126/1772/1265 3128/1772/1265 3129/1772/1265
f 3129/1772/1266 3128/1772/1266 3089/1772/1266
f 3128/1772/1267 3125/1772/1267 3655/1772/1267
f 3131/1772/1268 3127/1772/1268 3129/1772/1268
f 3130/1772/1270 3129/1772/1270 3091/1772/1270
f 3133/1772/1271 3131/1772/1271 3130/1772/1271
f 3132/1772/1272 3130/1772/1272 3093/1772/1272
f 3162/1772/1273 3133/1772/1273 3132/1772/1273
f 3132/1772/1274 3135/1772/1274 3136/1772/1274
f 3135/1772/1275 3094/1772/1275 3138/1772/1275
f 3134/1772/1276 3136/1772/1276 3137/1772/1276
f 3137/1772/1277 3136/1772/1277 3138/1772/1277
f 3139/1772/1278 3138/1772/1586 3140/1772/1278
f 3138/1772/1279 3094/1772/1279 3096/1772/1279
f 3140/1772/1280 3142/1772/1585 3143/1772/1281
f 3096/1772/1282 3098/1772/1282 3142/1772/1282
f 3142/1772/1283 3144/1772/1584 3145/1772/1283
f 3142/1772/1285 3098/1772/1285 3147/1772/1285
f 3145/1772/1286 3144/1772/1286 3146/1772/1286
f 3144/1772/1287 3147/1772/1287 3148/1772/1287
f 3099/1772/1288 3150/1772/1288 3148/1772/1288
f 3148/1772/1290 3149/1772/1290 3184/1772/1290
f 3150/1772/1291 3151/1772/1292 3149/1772/1292
f 3102/1772/1294 3113/1772/1294 3151/1772/1294
f 3151/1772/1295 3152/1772/1295 3153/1772/1295
f 3151/1772/1296 3113/1772/1296 3115/1772/1296
f 3152/1772/1297 3154/1772/1297 3155/1772/1297
f 3152/1772/1298 3115/1772/1298 3117/1772/1298
f 3155/1772/1299 3154/1772/1299 3156/1772/1299
f 3117/1772/1300 3158/1772/1300 3156/1772/1300
f 3157/1772/1301 3156/1772/1301 3131/1772/1301
f 3158/1772/1302 3127/1772/1302 3131/1772/1302
f 3155/1772/1303 3157/1772/1304 3159/1772/1304
f 3157/1772/1306 3133/1772/1306 3162/1772/1306
f 3160/1772/1307 3159/1772/1581 3161/1772/1307
f 3161/1772/1309 3159/1772/1309 3162/1772/1309
f 3162/1772/1310 3134/1772/1310 3165/1772/1310
f 3190/1772/1311 3161/1772/1311 3163/1772/1311
f 3163/1772/1313 3165/1772/1313 3166/1772/1313
f 3166/1772/1314 3165/1772/1314 3137/1772/1314
f 3164/1772/1315 3166/1772/1315 3167/1772/1315
f 3167/1772/1317 3166/1772/1317 3168/1772/1317
f 3168/1772/1319 3170/1772/2119 3171/1772/1319
f 3137/1772/1320 3139/1772/1320 3170/1772/1320
f 3171/1772/1321 3170/1772/1321 3172/1772/1321
f 3170/1772/1322 3139/1772/1322 3141/1772/1322
f 3172/1772/1323 3174/1772/1323 3175/1772/1323
f 3141/1772/1324 3143/1772/1324 3174/1772/1324
f 3175/1772/1325 3174/1772/1326 3176/1772/1326
f 3174/1772/1327 3143/1772/1327 3145/1772/1327
f 3176/1772/1328 3178/1772/2120 3179/1772/1328
f 3145/1772/1329 3181/1772/1329 3178/1772/1329
f 3179/1772/1330 3178/1772/1591 3180/1772/1330
f 3178/1772/1331 3181/1772/1331 3182/1772/1331
f 3181/1772/1332 3146/1772/1332 3184/1772/1332
f 3182/1772/1333 3183/1772/1333 3186/1772/1333
f 3184/1772/1334 3185/1772/2121 3183/1772/1334
f 3184/1772/1335 3149/1772/1335 3153/1772/1335
f 3183/1772/1336 3185/1772/1582 3160/1772/1336
f 3185/1772/1338 3153/1772/1338 3155/1772/1339
f 3186/1772/1341 3183/1772/2122 3187/1772/1341
f 3187/1772/1342 3161/1772/2123 3190/1772/1342
f 3214/1772/1343 3186/1772/1343 3188/1772/1343
f 3188/1772/1345 3190/1772/1345 3191/1772/1345
f 3190/1772/1346 3164/1772/1346 3193/1772/1346
f 3216/1772/1347 3189/1772/1347 3191/1772/1347
f 3192/1772/1349 3191/1772/1349 3193/1772/1349
f 3194/1772/1351 3193/1772/1351 3167/1772/1351
f 3192/1772/1352 3194/1772/1352 3195/1772/1352
f 3194/1772/1353 3196/1772/1353 3197/1772/1353
f 3197/1772/1354 3196/1772/1355 3198/1772/1355
f 3167/1772/1356 3169/1772/1356 3198/1772/1356
f 3198/1772/1357 3200/1772/1357 3201/1772/1357
f 3169/1772/1358 3171/1772/1358 3200/1772/1358
f 3201/1772/1359 3200/1772/1359 3202/1772/1359
f 3200/1772/1360 3171/1772/1595 3173/1772/1360
f 3202/1772/1361 3204/1772/1361 3205/1772/1361
f 3173/1772/1363 3175/1772/1599 3204/1772/1363
f 3205/1772/1364 3204/1772/1364 3206/1772/1364
f 3204/1772/1365 3175/1772/1365 3177/1772/1365
f 3206/1772/1366 3208/1772/1366 3209/1772/1366
f 3206/1772/1367 3177/1772/1367 3179/1772/1367
f 3209/1772/1368 3208/1772/1368 3210/1772/1368
f 3179/1772/1369 3213/1772/1369 3210/1772/1369
f 3211/1772/1370 3210/1772/1370 3212/1772/1370
f 3213/1772/1371 3214/1772/1371 3212/1772/1371
f 3213/1772/1372 3180/1772/2124 3186/1772/1372
f 3214/1772/1374 3189/1772/1374 3216/1772/1374
f 3215/1772/1376 3212/1772/2125 3216/1772/1376
f 3216/1772/1377 3192/1772/2126 3219/1772/1377
f 3240/1772/1378 3215/1772/1378 3217/1772/1379
f 3217/1772/1380 3219/1772/1380 3220/1772/1380
f 3220/1772/1382 3219/1772/1382 3195/1772/1382
f 3218/1772/1383 3220/1772/2127 3221/1772/1383
f 3221/1772/1384 3220/1772/1384 3222/1772/1384
f 3223/1772/1386 3222/1772/1386 3224/1772/1386
f 3222/1772/1387 3195/1772/1387 3197/1772/1387
f 3224/1772/1389 3226/1772/1389 3227/1772/1389
f 3197/1772/1390 3199/1772/1602 3226/1772/1390
f 3226/1772/1392 3228/1772/1392 3229/1772/1392
f 3199/1772/1393 3201/1772/1393 3228/1772/1393
f 3229/1772/1394 3228/1772/1395 3230/1772/1395
f 3228/1772/1396 3201/1772/1397 3203/1772/1397
f 3230/1772/1398 3232/1772/2128 3233/1772/1398
f 3203/1772/1399 3205/1772/1399 3232/1772/1400
f 3233/1772/1401 3232/1772/1401 3234/1772/1401
f 3232/1772/1402 3205/1772/1402 3207/1772/1402
f 3235/1772/1403 3234/1772/1403 3236/1772/1403
f 3234/1772/1405 3207/1772/1405 3209/1772/1405
f 3236/1772/1406 3238/1772/1604 3239/1772/1406
f 3209/1772/1407 3211/1772/1407 3238/1772/1407
f 3238/1772/1408 3240/1772/1408 3241/1772/1408
f 3211/1772/1410 3215/1772/1410 3240/1772/1410
f 3241/1772/1411 3240/1772/2129 3218/1772/1411
f 3264/1772/1412 3239/1772/1611 3241/1772/1412
f 3241/1772/1413 3243/1772/1413 3244/1772/1413
f 3244/1772/1415 3243/1772/1415 3221/1772/1415
f 3242/1772/1417 3244/1772/1418 3245/1772/1418
f 3245/1772/1419 3244/1772/1610 3246/1772/1419
f 3246/1772/1420 3248/1772/1420 3249/1772/1420
f 3221/1772/1421 3223/1772/2130 3248/1772/1421
f 3248/1772/1422 3250/1772/1422 3251/1772/1422
f 3223/1772/1423 3225/1772/1423 3250/1772/1423
f 3251/1772/1424 3250/1772/2131 3252/1772/1424
f 3250/1772/1425 3225/1772/1425 3227/1772/1425
f 3253/1772/1426 3252/1772/1426 3254/1772/1426
f 3252/1772/1427 3227/1772/1427 3229/1772/1427
f 3254/1772/1428 3256/1772/1428 3257/1772/1429
f 3229/1772/1430 3231/1772/1430 3256/1772/1431
f 3257/1772/1432 3256/1772/1433 3258/1772/1433
f 3256/1772/1434 3231/1772/1434 3233/1772/1434
f 3258/1772/1436 3260/1772/1436 3261/1772/1436
f 3233/1772/1437 3235/1772/1437 3260/1772/1437
f 3260/1772/1438 3262/1772/1438 3263/1772/1438
f 3235/1772/1439 3237/1772/1613 3262/1772/1439
f 3263/1772/1440 3262/1772/1440 3264/1772/1440
f 3262/1772/1441 3237/1772/1441 3239/1772/1441
f 3265/1772/1442 3264/1772/1442 3242/1772/1442
f 3263/1772/1443 3265/1772/2132 3266/1772/1443
f 3265/1772/1444 3267/1772/1444 3268/1772/1444
f 3267/1772/1445 3245/1772/1445 3270/1772/1445
f 3291/1772/1447 3266/1772/1447 3268/1772/1447
f 3269/1772/1448 3268/1772/1618 3270/1772/1448
f 3270/1772/1449 3272/1772/1617 3273/1772/1449
f 3270/1772/1450 3245/1772/1450 3247/1772/1450
f 3272/1772/1452 3274/1772/2133 3275/1772/1452
f 3272/1772/1453 3247/1772/1453 3249/1772/1453
f 3274/1772/1454 3276/1772/1454 3277/1772/1454
f 3274/1772/1455 3249/1772/1455 3251/1772/1455
f 3277/1772/1457 3276/1772/1457 3278/1772/1457
f 3251/1772/1458 3253/1772/1615 3278/1772/1458
f 3278/1772/1459 3280/1772/1459 3281/1772/1459
f 3253/1772/1460 3255/1772/1460 3280/1772/1460
f 3280/1772/1461 3282/1772/1461 3283/1772/1461
f 3255/1772/1463 3257/1772/1463 3282/1772/1463
f 3283/1772/1464 3282/1772/1464 3284/1772/1464
f 3282/1772/1466 3257/1772/2134 3259/1772/1466
f 3285/1772/1467 3284/1772/1467 3286/1772/1467
f 3284/1772/1468 3259/1772/1468 3261/1772/1468
f 3286/1772/1469 3288/1772/1469 3289/1772/1469
f 3286/1772/1470 3261/1772/1470 3263/1772/1470
f 3289/1772/1471 3288/1772/1471 3266/1772/1471
f 3287/1772/1472 3289/1772/1472 3290/1772/1472
f 3290/1772/1474 3289/1772/2135 3291/1772/1474
f 3291/1772/1475 3269/1772/1629 3294/1772/1475
f 3315/1772/1476 3290/1772/1476 3292/1772/1476
f 3293/1772/1477 3292/1772/1477 3294/1772/1477
f 3294/1772/1478 3296/1772/1478 3297/1772/1478
f 3269/1772/1479 3271/1772/1479 3296/1772/1479
f 3297/1772/1480 3296/1772/2136 3298/1772/1480
f 3296/1772/1481 3271/1772/1481 3273/1772/1481
f 3298/1772/1483 3300/1772/1483 3301/1772/1483
f 3298/1772/1484 3273/1772/1484 3275/1772/1484
f 3300/1772/1485 3302/1772/1485 3303/1772/1485
f 3275/1772/1486 3277/1772/1486 3302/1772/1486
f 3302/1772/1487 3304/1772/1487 3305/1772/1487
f 3302/1772/1488 3277/1772/1489 3279/1772/1489
f 3304/1772/1490 3306/1772/1490 3307/1772/1490
f 3279/1772/1491 3281/1772/1622 3306/1772/1491
f 3306/1772/1492 3308/1772/1492 3309/1772/1492
f 3281/1772/1493 3283/1772/1493 3308/1772/1493
f 3309/1772/1494 3308/1772/1494 3310/1772/1494
f 3308/1772/1495 3283/1772/1495 3285/1772/1495
f 3311/1772/1496 3310/1772/1496 3312/1772/1496
f 3310/1772/1497 3285/1772/1619 3287/1772/1497
f 3313/1772/1498 3312/1772/1498 3290/1772/1498
f 3336/1772/1499 3311/1772/2137 3313/1772/1499
f 3313/1772/1500 3315/1772/1500 3316/1772/1500
f 3316/1772/1501 3315/1772/1501 3293/1772/1501
f 3314/1772/1502 3316/1772/1502 3317/1772/1502
f 3317/1772/1503 3316/1772/1503 3318/1772/1503
f 3318/1772/1504 3320/1772/1504 3321/1772/1504
f 3293/1772/1505 3295/1772/2138 3320/1772/1505
f 3320/1772/1506 3322/1772/1506 3323/1772/1506
f 3295/1772/1507 3297/1772/2139 3322/1772/1507
f 3323/1772/1509 3322/1772/1509 3324/1772/1509
f 3322/1772/1510 3297/1772/2140 3299/1772/1510
f 3325/1772/1512 3324/1772/1512 3326/1772/1512
f 3299/1772/1513 3301/1772/1513 3326/1772/1513
f 3326/1772/1514 3328/1772/1514 3329/1772/1514
f 3301/1772/1515 3303/1772/1515 3328/1772/1515
f 3329/1772/1516 3328/1772/1516 3330/1772/1516
f 3328/1772/1517 3303/1772/1517 3305/1772/1517
f 3331/1772/1518 3330/1772/1518 3332/1772/1518
f 3305/1772/1519 3307/1772/1519 3332/1772/1519
f 3333/1772/1520 3332/1772/1520 3334/1772/1520
f 3307/1772/1521 3309/1772/1521 3334/1772/1521
f 3334/1772/1523 3336/1772/1523 3337/1772/1523
f 3334/1772/1524 3309/1772/1525 3311/1772/1525
f 3336/1772/1527 3314/1772/1527 3339/1772/1527
f 3335/1772/1528 3337/1772/1528 3338/1772/1528
f 3337/1772/1529 3339/1772/1529 3340/1772/1529
f 3340/1772/1530 3339/1772/2141 3317/1772/1530
f 3338/1772/1531 3340/1772/1531 3341/1772/1531
f 3341/1772/1532 3340/1772/1532 3342/1772/1532
f 3342/1772/1533 3344/1772/1533 3345/1772/1533
f 3317/1772/1534 3319/1772/2142 3344/1772/1534
f 3344/1772/1535 3346/1772/1535 3347/1772/1535
f 3344/1772/1536 3319/1772/1536 3321/1772/1536
f 3346/1772/1537 3348/1772/1537 3349/1772/1537
f 3346/1772/1538 3321/1772/1538 3323/1772/1538
f 3349/1772/1539 3348/1772/1539 3350/1772/1539
f 3323/1772/1540 3325/1772/1540 3350/1772/1540
f 3351/1772/1541 3350/1772/1541 3352/1772/1541
f 3325/1772/1542 3327/1772/1542 3352/1772/1542
f 3353/1772/1543 3352/1772/2143 3354/1772/1543
f 3352/1772/1544 3327/1772/1544 3329/1772/1544
f 3354/1772/1545 3356/1772/1545 3357/1772/1545
f 3329/1772/1546 3331/1772/1546 3356/1772/1546
f 3357/1772/1547 3356/1772/1547 3358/1772/1547
f 3356/1772/1548 3331/1772/1548 3333/1772/1548
f 3358/1772/1550 3360/1772/1550 3361/1772/1550
f 3358/1772/1551 3333/1772/1551 3335/1772/1551
f 3361/1772/1552 3360/1772/1552 3338/1772/1552
f 3359/1772/1553 3361/1772/1553 3362/1772/1553
f 3362/1772/1555 3361/1772/1555 3363/1772/1555
f 3363/1772/1557 3341/1772/1557 3366/1772/1557
f 3362/1772/1258 3364/1772/2144 3365/1772/1258
f 3365/1772/1250 3364/1772/1250 3366/1772/1250
f 3366/1772/1248 3368/1772/1248 3369/1772/1248
f 3341/1772/1558 3343/1772/1558 3368/1772/1558
f 3368/1772/1247 3370/1772/1247 3371/1772/1247
f 3368/1772/1559 3343/1772/1559 3345/1772/1559
f 3371/1772/1246 3370/1772/1246 3372/1772/1246
f 3370/1772/1560 3345/1772/1560 3347/1772/1560
f 3372/1772/1225 3374/1772/1225 3375/1772/1225
f 3347/1772/1561 3349/1772/1561 3374/1772/1561
f 3375/1772/1226 3374/1772/1226 3376/1772/1226
f 3374/1772/1563 3349/1772/1563 3351/1772/1563
f 3376/1772/1565 3378/1772/1565 3379/1772/1565
f 3351/1772/1566 3353/1772/1566 3378/1772/1566
f 3379/1772/1567 3378/1772/1567 3380/1772/1567
f 3353/1772/1568 3355/1772/1568 3380/1772/1568
f 3381/1772/1262 3380/1772/1262 3382/1772/1262
f 3380/1772/1569 3355/1772/1569 3357/1772/1569
f 3382/1772/1260 3384/1772/1260 3385/1772/1260
f 3382/1772/1570 3357/1772/1570 3359/1772/1570
f 3385/1772/1259 3384/1772/2145 3362/1772/1259
f 3383/1772/1261 3385/1772/1261 3386/1772/1261
f 3386/1772/1257 3385/1772/1257 3387/1772/1257
f 3387/1772/1255 3365/1772/1255 3390/1772/1255
f 3386/1772/1256 3388/1772/2146 3389/1772/1256
f 3389/1772/1254 3388/1772/2147 3390/1772/1254
f 3391/1772/1253 3390/1772/1253 3392/1772/1253
f 3390/1772/1251 3365/1772/1251 3367/1772/1251
f 3392/1772/1252 3394/1772/1252 3395/1772/1252
f 3392/1772/1249 3367/1772/1249 3369/1772/1249
f 3394/1772/1243 3396/1772/1243 3397/1772/1243
f 3394/1772/1245 3369/1772/1245 3371/1772/1245
f 3397/1772/1241 3396/1772/1241 3398/1772/1241
f 3396/1772/1244 3371/1772/1244 3373/1772/1244
f 3398/1772/1230 3400/1772/1230 3401/1772/1230
f 3373/1772/1223 3375/1772/1223 3400/1772/1223
f 3401/1772/1229 3400/1772/1229 3402/1772/1229
f 3400/1772/1227 3375/1772/1227 3377/1772/1227
f 3402/1772/1232 3404/1772/1232 3405/1772/1232
f 3377/1772/1231 3379/1772/1231 3404/1772/1231
f 3405/1772/1577 3404/1772/1577 3406/1772/1577
f 3379/1772/1267 3381/1772/1267 3406/1772/1267
f 3407/1772/1578 3406/1772/1578 3408/1772/1578
f 3381/1772/1263 3383/1772/1263 3408/1772/1263
f 3408/1772/1264 3386/1772/1264 3411/1772/1264
f 3407/1772/1268 3409/1772/1268 3410/1772/1268
f 3409/1772/1302 3411/1772/2148 3412/1772/1302
f 3411/1772/1300 3389/1772/1300 3414/1772/1300
f 3410/1772/1301 3412/1772/1301 3413/1772/1301
f 3413/1772/1299 3412/1772/1299 3414/1772/1299
f 3414/1772/1297 3416/1772/1297 3417/1772/1297
f 3414/1772/1298 3389/1772/1298 3391/1772/1298
f 3417/1772/1295 3416/1772/1295 3418/1772/1295
f 3416/1772/1296 3391/1772/1296 3393/1772/1296
f 3418/1772/1292 3420/1772/1292 3421/1772/1292
f 3418/1772/1294 3393/1772/1294 3395/1772/1294
f 3421/1772/1580 3420/1772/1580 3422/1772/1580
f 3395/1772/1242 3397/1772/1242 3422/1772/1242
f 3423/1772/1239 3422/1772/1239 3424/1772/1239
f 3422/1772/1240 3397/1772/1240 3399/1772/1240
f 3425/1772/1237 3424/1772/1237 3426/1772/1237
f 3399/1772/1238 3401/1772/1238 3426/1772/1238
f 3426/1772/1236 3428/1772/1236 3429/1772/1236
f 3426/1772/1234 3401/1772/1234 3403/1772/1234
f 3428/1772/1235 3430/1772/1235 3431/1772/1235
f 3403/1772/1233 3405/1772/1233 3430/1772/1233
f 3430/1772/1272 3432/1772/1272 3433/1772/1272
f 3430/1772/1270 3405/1772/1270 3407/1772/1270
f 3433/1772/1271 3432/1772/1271 3410/1772/1271
f 3431/1772/1274 3433/1772/1274 3434/1772/1274
f 3434/1772/1273 3433/1772/1273 3435/1772/1273
f 3435/1772/1306 3413/1772/1306 3438/1772/1306
f 3459/1772/1310 3434/1772/1310 3436/1772/1310
f 3436/1772/1309 3438/1772/1309 3439/1772/1309
f 3439/1772/1581 3438/1772/1581 3440/1772/1581
f 3438/1772/1303 3413/1772/1304 3415/1772/1304
f 3440/1772/1582 3442/1772/1582 3443/1772/1582
f 3415/1772/1338 3417/1772/1338 3442/1772/1338
f 3443/1772/1334 3442/1772/1334 3444/1772/1334
f 3442/1772/1335 3417/1772/1335 3419/1772/1335
f 3444/1772/1332 3446/1772/1332 3447/1772/1332
f 3419/1772/1290 3421/1772/1290 3446/1772/1290
f 3447/1772/1286 3446/1772/1286 3448/1772/1286
f 3446/1772/1287 3421/1772/1287 3423/1772/1287
f 3448/1772/1283 3450/1772/1283 3451/1772/1283
f 3423/1772/1285 3425/1772/1285 3450/1772/1285
f 3450/1772/1280 3452/1772/1280 3453/1772/1280
f 3450/1772/1282 3425/1772/1282 3427/1772/1282
f 3453/1772/1278 3452/1772/2149 3454/1772/1586
f 3427/1772/1279 3429/1772/1279 3454/1772/1279
f 3455/1772/1277 3454/1772/1277 3456/1772/1277
f 3454/1772/1275 3429/1772/1275 3431/1772/1275
f 3456/1772/1276 3434/1772/1276 3459/1772/1276
f 3455/1772/1320 3457/1772/1320 3458/1772/1320
f 3457/1772/1314 3459/1772/1314 3460/1772/1314
f 3460/1772/1588 3459/1772/1588 3437/1772/1588
f 3483/1772/1317 3458/1772/1317 3460/1772/1317
f 3461/1772/1315 3460/1772/1315 3462/1772/1315
f 3463/1772/1346 3462/1772/1346 3464/1772/1346
f 3462/1772/1311 3437/1772/1311 3439/1772/1311
f 3464/1772/1345 3466/1772/1345 3467/1772/1345
f 3439/1772/1589 3441/1772/2150 3466/1772/1589
f 3467/1772/1343 3466/1772/1343 3468/1772/1343
f 3466/1772/1590 3441/1772/2122 3443/1772/1590
f 3468/1772/1372 3470/1772/1372 3471/1772/1373
f 3443/1772/1333 3445/1772/1333 3470/1772/1333
f 3470/1772/1591 3472/1772/1591 3473/1772/1591
f 3445/1772/1331 3447/1772/1331 3472/1772/1331
f 3472/1772/1328 3474/1772/2120 3475/1772/1328
f 3472/1772/1329 3447/1772/1329 3449/1772/1329
f 3474/1772/1325 3476/1772/1326 3477/1772/1325
f 3474/1772/1327 3449/1772/1327 3451/1772/1327
f 3477/1772/1323 3476/1772/1323 3478/1772/1323
f 3476/1772/1324 3451/1772/1324 3453/1772/1324
f 3478/1772/1321 3480/1772/2151 3481/1772/1321
f 3453/1772/1322 3455/1772/1322 3480/1772/1322
f 3481/1772/1319 3480/1772/2119 3458/1772/1319
f 3479/1772/1594 3481/1772/1594 3482/1772/1594
f 3481/1772/1358 3483/1772/1358 3484/1772/1358
f 3483/1772/1356 3461/1772/1356 3486/1772/1356
f 3507/1772/1357 3482/1772/1357 3484/1772/1357
f 3485/1772/1355 3484/1772/2152 3486/1772/1355
f 3486/1772/1596 3488/1772/1353 3489/1772/1596
f 3461/1772/1351 3463/1772/1351 3488/1772/1351
f 3489/1772/1352 3488/1772/1352 3490/1772/1352
f 3463/1772/1349 3465/1772/1349 3490/1772/1349
f 3490/1772/1377 3492/1772/1377 3493/1772/1377
f 3490/1772/1348 3465/1772/1348 3467/1772/1348
f 3492/1772/1376 3494/1772/1376 3495/1772/1376
f 3467/1772/1375 3469/1772/1375 3494/1772/1375
f 3494/1772/1370 3496/1772/1370 3497/1772/1370
f 3494/1772/1371 3469/1772/1371 3471/1772/1371
f 3497/1772/1368 3496/1772/1368 3498/1772/1368
f 3496/1772/1369 3471/1772/1369 3473/1772/1369
f 3498/1772/1366 3500/1772/2153 3501/1772/1366
f 3498/1772/1367 3473/1772/1367 3475/1772/1367
f 3500/1772/1364 3502/1772/1364 3503/1772/1364
f 3500/1772/1597 3475/1772/1597 3477/1772/1597
f 3503/1772/1361 3502/1772/1361 3504/1772/1361
f 3502/1772/1598 3477/1772/1598 3479/1772/1598
f 3504/1772/1359 3482/1772/1359 3507/1772/1359
f 3503/1772/1399 3505/1772/1400 3506/1772/1400
f 3506/1772/1396 3505/1772/1396 3507/1772/1396
f 3508/1772/1600 3507/1772/1600 3485/1772/1600
f 3531/1772/1394 3506/1772/1394 3508/1772/1394
f 3508/1772/1392 3510/1772/1392 3511/1772/1392
f 3510/1772/1389 3512/1772/1389 3513/1772/1389
f 3510/1772/1602 3485/1772/1602 3487/1772/1602
f 3512/1772/1386 3514/1772/1386 3515/1772/1386
f 3487/1772/1603 3489/1772/1603 3514/1772/1603
f 3514/1772/1384 3516/1772/1384 3517/1772/1384
f 3514/1772/1382 3489/1772/1382 3491/1772/1382
f 3516/1772/1383 3518/1772/1383 3519/1772/1383
f 3491/1772/1381 3493/1772/1381 3518/1772/1380
f 3519/1772/1411 3518/1772/1411 3520/1772/1411
f 3518/1772/1378 3493/1772/1379 3495/1772/1379
f 3521/1772/1409 3520/1772/1408 3522/1772/1409
f 3495/1772/1410 3497/1772/1410 3522/1772/1410
f 3523/1772/1604 3522/1772/1604 3524/1772/1604
f 3522/1772/1407 3497/1772/1407 3499/1772/1407
f 3525/1772/1403 3524/1772/1404 3526/1772/1403
f 3499/1772/1405 3501/1772/1405 3526/1772/1405
f 3527/1772/1401 3526/1772/2154 3528/1772/1401
f 3501/1772/1402 3503/1772/1402 3528/1772/1402
f 3528/1772/1398 3506/1772/1398 3531/1772/1398
f 3527/1772/1437 3529/1772/2155 3530/1772/1437
f 3530/1772/1434 3529/1772/1434 3531/1772/1434
f 3531/1772/1430 3509/1772/1430 3534/1772/1430
f 3555/1772/1432 3530/1772/1432 3532/1772/1433
f 3532/1772/1428 3534/1772/1429 3535/1772/1428
f 3534/1772/1607 3536/1772/1426 3537/1772/1426
f 3534/1772/1427 3509/1772/2156 3511/1772/1427
f 3536/1772/1608 3538/1772/1608 3539/1772/1608
f 3536/1772/1425 3511/1772/1425 3513/1772/1425
f 3539/1772/1609 3538/1772/2157 3540/1772/1609
f 3538/1772/1423 3513/1772/1423 3515/1772/1423
f 3540/1772/1420 3542/1772/1420 3543/1772/1420
f 3540/1772/1421 3515/1772/1421 3517/1772/1421
f 3543/1772/1610 3542/1772/1419 3544/1772/1419
f 3542/1772/1415 3517/1772/1415 3519/1772/1415
f 3544/1772/1417 3546/1772/1417 3547/1772/1418
f 3519/1772/1413 3521/1772/1413 3546/1772/1413
f 3547/1772/1442 3546/1772/1442 3548/1772/1442
f 3521/1772/1611 3523/1772/1611 3548/1772/1611
f 3548/1772/1440 3550/1772/1440 3551/1772/1440
f 3523/1772/1612 3525/1772/1441 3550/1772/1612
f 3551/1772/1438 3550/1772/1438 3552/1772/1438
f 3525/1772/1439 3527/1772/1439 3552/1772/1439
f 3553/1772/1436 3552/1772/1436 3530/1772/1436
f 3576/1772/1470 3551/1772/1470 3553/1772/1470
f 3554/1772/1468 3553/1772/1468 3555/1772/1468
f 3555/1772/1466 3533/1772/1466 3558/1772/1466
f 3554/1772/1467 3556/1772/1467 3557/1772/1467
f 3556/1772/1465 3558/1772/1465 3559/1772/1465
f 3559/1772/1462 3558/1772/1462 3560/1772/1462
f 3558/1772/1463 3533/1772/1463 3535/1772/1463
f 3561/1772/1459 3560/1772/1459 3562/1772/1459
f 3535/1772/1460 3537/1772/1460 3562/1772/1460
f 3563/1772/1457 3562/1772/1457 3564/1772/1457
f 3537/1772/1615 3539/1772/1458 3564/1772/1615
f 3565/1772/1454 3564/1772/1454 3566/1772/1454
f 3539/1772/1456 3541/1772/1455 3566/1772/1456
f 3567/1772/1452 3566/1772/1452 3568/1772/1452
f 3541/1772/1453 3543/1772/1453 3568/1772/1453
f 3568/1772/1617 3570/1772/1617 3571/1772/1617
f 3568/1772/1450 3543/1772/1450 3545/1772/1450
f 3571/1772/1618 3570/1772/1618 3572/1772/1618
f 3545/1772/1445 3547/1772/1445 3572/1772/1445
f 3572/1772/1447 3574/1772/1447 3575/1772/1447
f 3572/1772/1444 3547/1772/1444 3549/1772/1444
f 3574/1772/1471 3576/1772/1471 3577/1772/1471
f 3574/1772/1443 3549/1772/1443 3551/1772/1443
f 3576/1772/1469 3554/1772/1469 3579/1772/1469
f 3600/1772/1474 3575/1772/1474 3577/1772/1474
f 3578/1772/1473 3577/1772/1473 3579/1772/1473
f 3580/1772/1497 3579/1772/1497 3557/1772/1497
f 3578/1772/1498 3580/1772/1498 3581/1772/1498
f 3580/1772/1496 3582/1772/1496 3583/1772/1496
f 3583/1772/1494 3582/1772/1494 3584/1772/1494
f 3582/1772/1620 3557/1772/1495 3559/1772/1620
f 3584/1772/1492 3586/1772/1492 3587/1772/1492
f 3559/1772/1621 3561/1772/1493 3586/1772/1621
f 3587/1772/1490 3586/1772/1490 3588/1772/1490
f 3561/1772/1622 3563/1772/1622 3588/1772/1622
f 3589/1772/1623 3588/1772/1487 3590/1772/1623
f 3563/1772/1489 3565/1772/1489 3590/1772/1489
f 3591/1772/1624 3590/1772/1624 3592/1772/1624
f 3565/1772/1486 3567/1772/1486 3592/1772/1486
f 3593/1772/1483 3592/1772/1483 3594/1772/1483
f 3567/1772/1625 3569/1772/1484 3594/1772/1625
f 3595/1772/1626 3594/1772/1626 3596/1772/1626
f 3569/1772/1481 3571/1772/2158 3596/1772/1481
f 3596/1772/1627 3598/1772/1627 3599/1772/1627
f 3596/1772/1628 3571/1772/1628 3573/1772/1628
f 3598/1772/1477 3600/1772/1477 3601/1772/1477
f 3598/1772/1475 3573/1772/1629 3575/1772/1629
f 3600/1772/1476 3578/1772/1476 3603/1772/1476
f 3599/1772/1505 3601/1772/2159 3602/1772/1505
f 3602/1772/1501 3601/1772/1501 3603/1772/1501
f 3604/1772/1500 3603/1772/1500 3581/1772/1500
f 3627/1772/1503 3602/1772/1503 3604/1772/1503
f 3604/1772/1502 3606/1772/1502 3607/1772/1502
f 3607/1772/1527 3606/1772/1527 3608/1772/1527
f 3581/1772/1499 3583/1772/1630 3608/1772/1630
f 3608/1772/1523 3610/1772/1631 3611/1772/1631
f 3608/1772/1524 3583/1772/1526 3585/1772/1524
f 3611/1772/1632 3610/1772/1632 3612/1772/1520
f 3585/1772/1521 3587/1772/1522 3612/1772/1522
f 3612/1772/1518 3614/1772/1518 3615/1772/1518
f 3612/1772/1519 3587/1772/2160 3589/1772/1519
f 3615/1772/1516 3614/1772/1516 3616/1772/1516
f 3589/1772/1517 3591/1772/1517 3616/1772/1517
f 3616/1772/1514 3618/1772/1514 3619/1772/1514
f 3591/1772/1515 3593/1772/1515 3618/1772/1515
f 3618/1772/1512 3620/1772/2161 3621/1772/1512
f 3618/1772/1513 3593/1772/1513 3595/1772/1513
f 3621/1772/1509 3620/1772/1509 3622/1772/1509
f 3620/1772/1511 3595/1772/1511 3597/1772/1511
f 3622/1772/1506 3624/1772/1506 3625/1772/1506
f 3597/1772/1508 3599/1772/1507 3624/1772/1508
f 3625/1772/1504 3624/1772/1504 3602/1772/1504
f 3623/1772/1538 3625/1772/1538 3626/1772/1538
f 3626/1772/1536 3625/1772/1536 3627/1772/1536
f 3627/1772/1634 3605/1772/1634 3630/1772/1634
f 3626/1772/1535 3628/1772/1535 3629/1772/1535
f 3629/1772/1533 3628/1772/1533 3630/1772/1533
f 3631/1772/1532 3630/1772/1532 3632/1772/1532
f 3605/1772/1635 3607/1772/2141 3632/1772/1635
f 3633/1772/1531 3632/1772/1531 3634/1772/1531
f 3632/1772/1529 3607/1772/1529 3609/1772/1529
f 3634/1772/1552 3636/1772/1552 3637/1772/1552
f 3609/1772/1528 3611/1772/1528 3636/1772/1528
f 3637/1772/1550 3636/1772/1550 3638/1772/1550
f 3636/1772/1551 3611/1772/1551 3613/1772/1551
f 3638/1772/1547 3640/1772/1547 3641/1772/1547
f 3613/1772/1548 3615/1772/1548 3640/1772/1548
f 3640/1772/1545 3642/1772/1545 3643/1772/1545
f 3640/1772/1546 3615/1772/1546 3617/1772/1546
f 3642/1772/1543 3644/1772/2143 3645/1772/1543
f 3642/1772/1544 3617/1772/1544 3619/1772/1544
f 3645/1772/1541 3644/1772/2162 3646/1772/1541
f 3619/1772/1542 3621/1772/1542 3646/1772/1542
f 3647/1772/1539 3646/1772/1539 3648/1772/1539
f 3646/1772/1540 3621/1772/1540 3623/1772/1540
f 3648/1772/1537 3626/1772/1537 3650/1772/1537
f 3652/1772/1563 3647/1772/1563 3649/1772/1563
f 3649/1772/1561 3650/1772/1561 3651/1772/1561
f 3650/1772/1560 3629/1772/1560 3106/1772/1560
f 3653/1772/1566 3645/1772/1566 3647/1772/1566
f 3655/1772/1565 3653/1772/1565 3652/1772/1565
f 3643/1772/1640 3645/1772/1640 3653/1772/1640
f 3654/1772/1567 3653/1772/1567 3655/1772/1567
f 3641/1772/1641 3643/1772/1641 3654/1772/1641
f 3122/1772/1570 3639/1772/1570 3641/1772/1570
f 3637/1772/1553 3639/1772/1554 3122/1772/1553
f 3656/1772/1555 3635/1772/2163 3637/1772/1555
f 3633/1772/1557 3635/1772/1557 3656/1772/1557
f 3108/1772/1558 3631/1772/1558 3633/1772/1558
f 3106/1772/1559 3629/1772/1559 3631/1772/1559
f 3657/1773/1642 3658/1773/1642 3663/1773/1642
f 3659/1773/1643 4227/1773/1643 3658/1773/1643
f 3660/1773/1644 4228/1773/1644 3659/1773/1644
f 3664/1773/1645 3660/1773/1645 3657/1773/1645
f 3666/1773/1646 3664/1773/1646 3661/1773/1646
f 3661/1773/1647 3663/1773/1647 3676/1773/1647
f 4231/1773/1648 3660/1773/1648 3664/1773/1648
f 3665/1773/1649 3664/1773/1649 3666/1773/1649
f 3667/1773/1650 3666/1773/1650 3668/1773/1650
f 3666/1773/1651 3662/1773/1651 3671/1773/1651
f 3669/1773/1652 3668/1773/1652 3670/1773/1652
f 3668/1773/1654 3671/1773/1654 3672/1773/1654
f 3672/1773/1655 3671/1773/1655 3673/1773/1655
f 3671/1773/1656 3662/1773/1656 3676/1773/1656
f 3673/1773/1657 3675/1773/1974 3723/1773/1657
f 3673/1773/1658 3676/1773/1658 3677/1773/1658
f 3676/1773/1659 3663/1773/1659 3679/1773/1659
f 3677/1773/1660 3678/1773/1660 3726/1773/1660
f 3679/1773/1661 3680/1773/1661 3678/1773/1661
f 3663/1773/1662 3658/1773/1662 3681/1773/1662
f 3681/1773/1663 3683/1773/1663 3680/1773/1663
f 3658/1773/1664 4227/1773/1664 3682/1773/1664
f 3682/1773/1665 3684/1773/1665 3683/1773/1665
f 3683/1773/1666 3684/1773/1666 3686/1773/1666
f 3680/1773/1667 3683/1773/1667 3685/1773/1667
f 3686/1773/1668 4232/1773/1668 3687/1773/1668
f 3685/1773/1669 3687/1773/1669 3690/1773/1669
f 3678/1773/1670 3680/1773/1670 3688/1773/1670
f 3688/1773/1671 3690/1773/2164 3691/1773/1671
f 3691/1773/1672 3690/1773/1672 3692/1773/1672
f 3687/1773/1673 3695/1773/1673 3692/1773/1673
f 3692/1773/1674 3694/1773/1674 3734/1773/1674
f 3692/1773/1675 3695/1773/1675 3697/1773/1675
f 3687/1773/1676 4232/1773/1676 3696/1773/1676
f 3696/1773/1677 3698/1773/1677 3697/1773/1677
f 3697/1773/1678 3698/1773/1678 3700/1773/1678
f 3694/1773/1679 3697/1773/1679 3699/1773/1679
f 3700/1773/1680 4230/1773/1680 3701/1773/1680
f 3699/1773/1681 3701/1773/1681 3704/1773/1681
f 3734/1773/1682 3694/1773/1682 3702/1773/1682
f 3702/1773/1683 3704/1773/1683 3705/1773/1683
f 3705/1773/1684 3704/1773/1684 3665/1773/1684
f 3704/1773/1685 3701/1773/1685 4231/1773/1685
f 3703/1773/1686 3705/1773/1686 3706/1773/1686
f 3706/1773/1687 3705/1773/1687 3667/1773/1687
f 3707/1773/1688 3706/1773/1688 3708/1773/1688
f 3708/1773/1689 3706/1773/1689 3669/1773/1689
f 3709/1773/1690 3708/1773/1690 3710/1773/1690
f 3710/1773/1691 3708/1773/1691 3711/1773/1691
f 3711/1773/1692 3670/1773/1692 3714/1773/1692
f 3741/1773/1693 3710/1773/1693 3712/1773/1693
f 3712/1773/1694 3714/1773/1694 3715/1773/1694
f 3715/1773/1695 3714/1773/1695 3716/1773/1695
f 3670/1773/1696 3672/1773/2165 3716/1773/1696
f 3716/1773/1697 3718/1773/1697 3719/1773/1697
f 3716/1773/1698 3672/1773/2166 3674/1773/1698
f 3719/1773/1699 3718/1773/1699 3720/1773/1699
f 3718/1773/1700 3674/1773/1700 3723/1773/1700
f 3720/1773/1701 3722/1773/1701 3757/1773/1701
f 3723/1773/1703 3724/1773/1703 3722/1773/1703
f 3675/1773/1704 3726/1773/1704 3724/1773/1704
f 3722/1773/1705 3724/1773/1705 3725/1773/1705
f 3724/1773/1706 3726/1773/1706 3727/1773/1706
f 3726/1773/1707 3678/1773/1707 3689/1773/1707
f 3727/1773/1709 3728/1773/1710 3729/1773/1710
f 3689/1773/1711 3691/1773/1711 3728/1773/1711
f 3729/1773/1713 3728/1773/1713 3730/1773/1713
f 3728/1773/1715 3691/1773/1715 3693/1773/1716
f 3730/1773/1717 3732/1773/1717 3733/1773/1717
f 3693/1773/1719 3734/1773/2167 3732/1773/1720
f 3733/1773/1721 3732/1773/1972 3707/1773/1721
f 3732/1773/1722 3734/1773/1722 3703/1773/1723
f 3731/1773/1725 3733/1773/1725 3735/1773/1725
f 3735/1773/1726 3733/1773/1726 3709/1773/1726
f 3736/1773/1727 3735/1773/1727 3737/1773/1727
f 3735/1773/1728 3738/1773/1728 3739/1773/1728
f 3739/1773/1729 3738/1773/1729 3710/1773/1729
f 3737/1773/1730 3739/1773/1730 3740/1773/1730
f 3740/1773/1732 3739/1773/1732 3741/1773/1732
f 3741/1773/1733 3713/1773/1733 3744/1773/1733
f 3769/1773/1734 3740/1773/2168 3742/1773/1734
f 3743/1773/1735 3742/1773/1735 3744/1773/1735
f 3744/1773/1736 3746/1773/1736 3747/1773/1736
f 3744/1773/1737 3713/1773/1737 3715/1773/1737
f 3746/1773/1738 3748/1773/1738 3749/1773/1738
f 3715/1773/1740 3717/1773/1740 3748/1773/1740
f 3749/1773/1741 3748/1773/1741 3750/1773/1741
f 3748/1773/1742 3717/1773/1742 3719/1773/1742
f 3751/1773/1744 3750/1773/1744 3752/1773/1744
f 3719/1773/1746 3721/1773/1984 3752/1773/1746
f 3752/1773/1747 3754/1773/1747 3755/1773/1747
f 3752/1773/1748 3721/1773/1748 3757/1773/1748
f 3754/1773/1749 3756/1773/1749 3789/1773/1749
f 3757/1773/1751 3758/1773/1751 3756/1773/1751
f 3722/1773/1752 3760/1773/1752 3758/1773/1752
f 3756/1773/1754 3758/1773/1754 3759/1773/1754
f 3758/1773/1756 3760/1773/2169 3761/1773/1756
f 3725/1773/1757 3729/1773/2170 3761/1773/1757
f 3759/1773/1758 3761/1773/1758 3736/1773/1758
f 3761/1773/1759 3729/1773/1759 3731/1773/1759
f 3759/1773/1760 3763/1773/1761 3764/1773/1761
f 3764/1773/1763 3763/1773/1763 3737/1773/1763
f 3762/1773/1765 3764/1773/2171 3765/1773/1765
f 3765/1773/1767 3764/1773/1767 3766/1773/1767
f 3767/1773/1769 3766/1773/1769 3740/1773/1769
f 3765/1773/1770 3767/1773/1770 3768/1773/1770
f 3767/1773/1771 3769/1773/1771 3770/1773/1771
f 3770/1773/1772 3769/1773/1772 3743/1773/1772
f 3768/1773/1773 3770/1773/1773 3771/1773/1773
f 3770/1773/1774 3772/1773/1989 3773/1773/1774
f 3772/1773/1775 3774/1773/1775 3775/1773/1775
f 3772/1773/1776 3743/1773/1987 3745/1773/1776
f 3774/1773/1777 3776/1773/1777 3777/1773/1777
f 3745/1773/1778 3747/1773/1778 3776/1773/1778
f 3777/1773/1779 3776/1773/1779 3778/1773/1779
f 3776/1773/1781 3747/1773/1781 3749/1773/1781
f 3778/1773/1782 3780/1773/1782 3781/1773/1782
f 3749/1773/1784 3751/1773/1784 3780/1773/1784
f 3781/1773/1785 3780/1773/1785 3782/1773/1785
f 3780/1773/1786 3751/1773/1786 3753/1773/1786
f 3783/1773/1787 3782/1773/1787 3784/1773/1787
f 3753/1773/1788 3755/1773/1997 3784/1773/1788
f 3785/1773/1790 3784/1773/1790 3786/1773/1790
f 3755/1773/1791 3789/1773/1791 3786/1773/1791
f 3787/1773/1792 3786/1773/1792 3788/1773/1792
f 3786/1773/1793 3789/1773/1793 3790/1773/1793
f 3756/1773/1794 3762/1773/1794 3790/1773/1794
f 3788/1773/1795 3790/1773/1795 3765/1773/1795
f 3788/1773/1796 3792/1773/1796 3793/1773/1796
f 3793/1773/1797 3792/1773/1797 3768/1773/1797
f 3791/1773/1798 3793/1773/1798 3794/1773/1798
f 3794/1773/1799 3793/1773/1799 3795/1773/1799
f 3795/1773/1800 3771/1773/1800 3798/1773/1800
f 3794/1773/1801 3796/1773/1801 3797/1773/1801
f 3797/1773/1802 3796/1773/1802 3798/1773/1802
f 3799/1773/1804 3798/1773/1804 3800/1773/1804
f 3798/1773/1805 3771/1773/1805 3773/1773/1805
f 3800/1773/1806 3802/1773/1806 3803/1773/1806
f 3800/1773/1807 3773/1773/1807 3775/1773/1807
f 3802/1773/1808 3804/1773/1808 3805/1773/1808
f 3802/1773/1809 3775/1773/1809 3777/1773/1809
f 3804/1773/1810 3806/1773/1810 3807/1773/1810
f 3777/1773/1811 3779/1773/1811 3806/1773/1811
f 3807/1773/1812 3806/1773/1812 3808/1773/1812
f 3779/1773/1813 3781/1773/1813 3808/1773/1813
f 3809/1773/1814 3808/1773/1814 3810/1773/1814
f 3781/1773/1815 3783/1773/1815 3810/1773/1815
f 3811/1773/1816 3810/1773/2002 3812/1773/1816
f 3783/1773/1817 3785/1773/1817 3812/1773/1817
f 3812/1773/1819 3814/1773/2172 3815/1773/1819
f 3785/1773/1820 3787/1773/2173 3814/1773/1820
f 3815/1773/1821 3814/1773/1821 3816/1773/1821
f 3814/1773/1822 3787/1773/1822 3791/1773/1822
f 3817/1773/1823 3816/1773/1823 3794/1773/1823
f 3815/1773/1824 3817/1773/1824 3818/1773/1824
f 3817/1773/1825 3819/1773/1825 3820/1773/1825
f 3820/1773/1826 3819/1773/1826 3797/1773/1826
f 3843/1773/1827 3818/1773/1827 3820/1773/1827
f 3820/1773/1828 3822/1773/1828 3823/1773/1828
f 3823/1773/1829 3822/1773/1829 3824/1773/1829
f 3822/1773/1830 3797/1773/1830 3799/1773/1830
f 3825/1773/1832 3824/1773/1832 3826/1773/1832
f 3799/1773/1833 3801/1773/1833 3826/1773/1833
f 3826/1773/1834 3828/1773/1834 3829/1773/1834
f 3826/1773/1835 3801/1773/1835 3803/1773/1835
f 3828/1773/1836 3830/1773/1836 3831/1773/1836
f 3828/1773/1837 3803/1773/1837 3805/1773/1837
f 3831/1773/1838 3830/1773/1838 3832/1773/1838
f 3830/1773/1839 3805/1773/1839 3807/1773/1839
f 3832/1773/1840 3834/1773/1840 3835/1773/1840
f 3807/1773/1841 3809/1773/1841 3834/1773/1841
f 3835/1773/1842 3834/1773/1842 3836/1773/1842
f 3809/1773/1843 3811/1773/1843 3836/1773/1843
f 3837/1773/1844 3836/1773/2174 3838/1773/1844
f 3811/1773/1845 3813/1773/1845 3838/1773/1845
f 3838/1773/1847 3840/1773/2175 3841/1773/1847
f 3838/1773/1848 3813/1773/1848 3815/1773/1848
f 3840/1773/1850 3818/1773/1850 3843/1773/1850
f 3864/1773/1851 3839/1773/1851 3841/1773/1851
f 3842/1773/1852 3841/1773/1852 3843/1773/1852
f 3844/1773/1853 3843/1773/1853 3821/1773/1853
f 3842/1773/1854 3844/1773/1854 3845/1773/1854
f 3844/1773/1855 3846/1773/1855 3847/1773/1855
f 3847/1773/1856 3846/1773/1856 3848/1773/1856
f 3821/1773/1857 3823/1773/1857 3848/1773/1857
f 3849/1773/1858 3848/1773/1858 3850/1773/1858
f 3823/1773/1859 3825/1773/1859 3850/1773/1859
f 3850/1773/1860 3852/1773/1860 3853/1773/1860
f 3825/1773/1861 3827/1773/2176 3852/1773/1861
f 3852/1773/1862 3854/1773/1862 3855/1773/1862
f 3852/1773/1864 3827/1773/1864 3829/1773/1864
f 3855/1773/1865 3854/1773/1865 3856/1773/1865
f 3829/1773/1866 3831/1773/1866 3856/1773/1866
f 3856/1773/1867 3858/1773/1867 3859/1773/1867
f 3831/1773/1868 3833/1773/2177 3858/1773/1868
f 3859/1773/1869 3858/1773/1869 3860/1773/1869
f 3858/1773/1870 3833/1773/2178 3835/1773/1870
f 3860/1773/1871 3862/1773/1871 3863/1773/1871
f 3860/1773/1872 3835/1773/1872 3837/1773/1872
f 3863/1773/1874 3862/1773/2179 3864/1773/1874
f 3837/1773/1876 3839/1773/1876 3864/1773/1876
f 3865/1773/1877 3864/1773/1877 3842/1773/1877
f 3888/1773/1878 3863/1773/1878 3865/1773/1878
f 3866/1773/1879 3865/1773/2017 3867/1773/1879
f 3867/1773/1880 3845/1773/1880 3870/1773/1880
f 3891/1773/1881 3866/1773/1881 3868/1773/1881
f 3868/1773/1882 3870/1773/2180 3871/1773/1882
f 3871/1773/1883 3870/1773/2181 3872/1773/1884
f 3870/1773/1885 3845/1773/2182 3847/1773/1885
f 3872/1773/1887 3874/1773/2183 3875/1773/1887
f 3847/1773/1888 3849/1773/2184 3874/1773/1888
f 3875/1773/1889 3874/1773/2185 3876/1773/1889
f 3874/1773/1890 3849/1773/1890 3851/1773/1890
f 3876/1773/1891 3878/1773/1891 3879/1773/1891
f 3851/1773/1892 3853/1773/1892 3878/1773/1892
f 3879/1773/1894 3878/1773/1894 3880/1773/1894
f 3853/1773/1895 3855/1773/1895 3880/1773/1895
f 3881/1773/1896 3880/1773/2024 3882/1773/1896
f 3880/1773/1897 3855/1773/1897 3857/1773/1897
f 3883/1773/1898 3882/1773/1898 3884/1773/1898
f 3882/1773/1899 3857/1773/2186 3859/1773/1899
f 3884/1773/1900 3886/1773/2187 3887/1773/1900
f 3859/1773/1901 3861/1773/1901 3886/1773/1901
f 3886/1773/1902 3888/1773/2019 3889/1773/1902
f 3861/1773/1903 3863/1773/2188 3888/1773/1903
f 3888/1773/1904 3866/1773/1904 3891/1773/1904
f 3887/1773/1905 3889/1773/1905 3890/1773/1905
f 3890/1773/1906 3889/1773/2028 3891/1773/1906
f 3892/1773/1907 3891/1773/2189 3869/1773/1907
f 3915/1773/1908 3890/1773/1908 3892/1773/1908
f 3892/1773/1909 3894/1773/1909 3895/1773/1909
f 3895/1773/1910 3894/1773/1910 3896/1773/1910
f 3894/1773/1911 3869/1773/2190 3871/1773/1911
f 3896/1773/1912 3898/1773/1912 3899/1773/1912
f 3871/1773/1913 3873/1773/1913 3898/1773/1913
f 3899/1773/1914 3898/1773/1914 3900/1773/1914
f 3898/1773/1915 3873/1773/1915 3875/1773/1915
f 3900/1773/1916 3902/1773/1916 3903/1773/1916
f 3875/1773/1917 3877/1773/1917 3902/1773/1917
f 3903/1773/1918 3902/1773/1918 3904/1773/1918
f 3877/1773/1919 3879/1773/1919 3904/1773/1919
f 3904/1773/1920 3906/1773/1920 3907/1773/1920
f 3879/1773/1921 3881/1773/1921 3906/1773/1921
f 3907/1773/1922 3906/1773/1922 3908/1773/1922
f 3906/1773/1923 3881/1773/1923 3883/1773/1923
f 3908/1773/1924 3910/1773/2191 3911/1773/1924
f 3883/1773/1925 3885/1773/1925 3910/1773/1925
f 3911/1773/1926 3910/1773/2192 3912/1773/1926
f 3910/1773/1927 3885/1773/1927 3887/1773/1927
f 3912/1773/1928 3890/1773/1928 3915/1773/1928
f 3911/1773/1929 3913/1773/1929 3914/1773/1929
f 3913/1773/1930 3915/1773/1930 3916/1773/1930
f 3916/1773/1932 3915/1773/1932 3893/1773/1932
f 3914/1773/1933 3916/1773/1933 3917/1773/1933
f 3917/1773/1934 3916/1773/1934 3918/1773/1934
f 3918/1773/1935 3920/1773/2193 3921/1773/1935
f 3893/1773/1936 3895/1773/1936 3920/1773/1936
f 3921/1773/1937 3920/1773/2194 3922/1773/1937
f 3920/1773/1938 3895/1773/1938 3897/1773/1938
f 3922/1773/1940 3924/1773/1940 3925/1773/1940
f 3897/1773/1941 3899/1773/1941 3924/1773/1941
f 3925/1773/1942 3924/1773/1942 3926/1773/1942
f 3924/1773/1943 3899/1773/1943 3901/1773/1943
f 3926/1773/1944 3928/1773/2195 3929/1773/1945
f 3901/1773/1946 3903/1773/1946 3928/1773/1946
f 3929/1773/1948 3928/1773/1948 3930/1773/1948
f 3928/1773/1949 3903/1773/1949 3905/1773/1949
f 3930/1773/1950 3932/1773/1950 3933/1773/1950
f 3905/1773/1951 3907/1773/1951 3932/1773/1951
f 3933/1773/1952 3932/1773/1952 3934/1773/1952
f 3932/1773/1953 3907/1773/1953 3909/1773/1953
f 3935/1773/1954 3934/1773/1954 3936/1773/1954
f 3934/1773/1955 3909/1773/1955 3911/1773/1955
f 3936/1773/1956 3914/1773/1956 3939/1773/1956
f 3935/1773/1957 3937/1773/1957 3938/1773/1957
f 3938/1773/1958 3937/1773/1958 3939/1773/1958
f 3939/1773/1959 3917/1773/1959 3942/1773/1959
f 3963/1773/1676 3938/1773/1676 3940/1773/1676
f 3940/1773/1668 3942/1773/1668 3943/1773/1668
f 3943/1773/1666 3942/1773/1666 3944/1773/1666
f 3942/1773/1960 3917/1773/1960 3919/1773/1960
f 3944/1773/1665 3946/1773/1665 3947/1773/1665
f 3919/1773/1961 3921/1773/1961 3946/1773/1961
f 3947/1773/1664 3946/1773/1664 3948/1773/1664
f 3946/1773/1962 3921/1773/1962 3923/1773/1962
f 3949/1773/1643 3948/1773/1643 3950/1773/1643
f 3923/1773/1964 3925/1773/1964 3950/1773/1964
f 3950/1773/1644 3952/1773/1644 3953/1773/1644
f 3950/1773/1965 3925/1773/1965 3927/1773/1965
f 3952/1773/1966 3954/1773/1966 3955/1773/1966
f 3927/1773/1967 3929/1773/1967 3954/1773/1967
f 3955/1773/1968 3954/1773/1968 3956/1773/1968
f 3954/1773/1969 3929/1773/1969 3931/1773/1969
f 3956/1773/1680 3958/1773/1680 3959/1773/1680
f 3931/1773/1970 3933/1773/1970 3958/1773/1970
f 3959/1773/1678 3958/1773/1678 3960/1773/1678
f 3958/1773/1971 3933/1773/1971 3935/1773/1971
f 3960/1773/1677 3938/1773/1677 3963/1773/1677
f 3984/1773/1679 3959/1773/1679 3961/1773/1679
f 3961/1773/1675 3963/1773/1675 3964/1773/1675
f 3964/1773/1673 3963/1773/1673 3941/1773/1673
f 3962/1773/1674 3964/1773/1674 3965/1773/1674
f 3965/1773/1672 3964/1773/1672 3966/1773/1672
f 3966/1773/1671 3968/1773/1671 3969/1773/1671
f 3941/1773/1669 3943/1773/1669 3968/1773/1669
f 3969/1773/1670 3968/1773/1670 3970/1773/1670
f 3968/1773/1667 3943/1773/1667 3945/1773/1667
f 3970/1773/1661 3972/1773/1661 3973/1773/1661
f 3945/1773/1663 3947/1773/1663 3972/1773/1663
f 3973/1773/1659 3972/1773/1659 3974/1773/1659
f 3972/1773/1662 3947/1773/1662 3949/1773/1662
f 3974/1773/1647 3976/1773/1647 3977/1773/1647
f 3949/1773/1642 3951/1773/1642 3976/1773/1642
f 3977/1773/1646 3976/1773/1646 3978/1773/1646
f 3976/1773/1645 3951/1773/1645 3953/1773/1645
f 3978/1773/1649 3980/1773/1649 3981/1773/1649
f 3953/1773/1648 3955/1773/1648 3980/1773/1648
f 3981/1773/1684 3980/1773/1684 3982/1773/1684
f 3980/1773/1685 3955/1773/1685 3957/1773/1685
f 3982/1773/1683 3984/1773/1683 3985/1773/1683
f 3957/1773/1681 3959/1773/1681 3984/1773/1681
f 3985/1773/1682 3984/1773/1682 3962/1773/1682
f 4008/1773/1686 3983/1773/1686 3985/1773/1686
f 3985/1773/1723 3987/1773/1723 3988/1773/1723
f 3988/1773/1720 3987/1773/1720 3965/1773/1720
f 3986/1773/1972 3988/1773/1721 3989/1773/1972
f 3989/1773/1717 3988/1773/1717 3990/1773/1717
f 3990/1773/1713 3992/1773/1713 3993/1773/1713
f 3965/1773/1973 3967/1773/1973 3992/1773/1973
f 3993/1773/1710 3992/1773/1710 3994/1773/1710
f 3992/1773/1711 3967/1773/1711 3969/1773/1711
f 3994/1773/1706 3996/1773/1706 3997/1773/1706
f 3969/1773/1707 3971/1773/1707 3996/1773/1707
f 3996/1773/1704 3998/1773/1704 3999/1773/1704
f 3971/1773/1660 3973/1773/1660 3998/1773/1660
f 3999/1773/1974 3998/1773/1974 4000/1773/1974
f 3998/1773/1658 3973/1773/1658 3975/1773/1975
f 4001/1773/1655 4000/1773/1655 4002/1773/1655
f 4000/1773/1976 3975/1773/1976 3977/1773/1976
f 4002/1773/1654 4004/1773/1654 4005/1773/1654
f 3977/1773/1977 3979/1773/1977 4004/1773/1977
f 4004/1773/1652 4006/1773/1652 4007/1773/1652
f 3979/1773/1978 3981/1773/1650 4006/1773/1650
f 4007/1773/1689 4006/1773/1689 4008/1773/1689
f 4006/1773/1687 3981/1773/1687 3983/1773/1687
f 4009/1773/1688 4008/1773/1688 3986/1773/1688
f 4032/1773/1691 4007/1773/1691 4009/1773/1691
f 4009/1773/1690 4011/1773/1690 4012/1773/1690
f 4012/1773/1726 4011/1773/1726 3989/1773/1726
f 4010/1773/1729 4012/1773/1729 4013/1773/1729
f 4012/1773/1728 4014/1773/1728 4015/1773/1728
f 4014/1773/1727 4016/1773/1727 4017/1773/1727
f 4014/1773/1725 3989/1773/1725 3991/1773/1725
f 4017/1773/1758 4016/1773/1758 4018/1773/1758
f 3991/1773/1759 3993/1773/1759 4018/1773/1759
f 4019/1773/1756 4018/1773/1756 4020/1773/1756
f 3993/1773/1757 3995/1773/1757 4020/1773/1757
f 4021/1773/1753 4020/1773/1753 4022/1773/1753
f 4020/1773/1705 3995/1773/1705 3997/1773/1705
f 4022/1773/1702 4024/1773/1702 4025/1773/1702
f 3997/1773/1703 3999/1773/1703 4024/1773/1703
f 4024/1773/1699 4026/1773/1699 4027/1773/1699
f 4024/1773/1700 3999/1773/1700 4001/1773/1700
f 4027/1773/1697 4026/1773/1697 4028/1773/1697
f 4001/1773/1698 4003/1773/1698 4028/1773/1698
f 4028/1773/1695 4030/1773/1695 4031/1773/1695
f 4028/1773/1696 4003/1773/1696 4005/1773/1696
f 4031/1773/1694 4030/1773/1694 4032/1773/1694
f 4005/1773/1692 4007/1773/1692 4032/1773/1692
f 4033/1773/1693 4032/1773/1693 4010/1773/1693
f 4056/1773/1981 4031/1773/1981 4033/1773/1981
f 4033/1773/1733 4035/1773/1733 4036/1773/1733
f 4035/1773/1732 4013/1773/1732 4038/1773/1732
f 4034/1773/1735 4036/1773/1735 4037/1773/1735
f 4037/1773/1734 4036/1773/1734 4038/1773/1734
f 4039/1773/1769 4038/1773/2196 4040/1773/1769
f 4013/1773/1730 4015/1773/1730 4040/1773/1730
f 4041/1773/1767 4040/1773/2197 4042/1773/1767
f 4040/1773/1982 4015/1773/1763 4017/1773/1982
f 4042/1773/1765 4044/1773/1765 4045/1773/1765
f 4017/1773/1760 4019/1773/1761 4044/1773/1760
f 4044/1773/1794 4046/1773/1794 4047/1773/1794
f 4044/1773/1754 4019/1773/1754 4021/1773/1754
f 4046/1773/1750 4048/1773/1750 4049/1773/1750
f 4046/1773/1751 4021/1773/1751 4023/1773/1751
f 4049/1773/1983 4048/1773/1983 4050/1773/1983
f 4048/1773/1748 4023/1773/1748 4025/1773/1748
f 4051/1773/1744 4050/1773/1744 4052/1773/1744
f 4025/1773/1984 4027/1773/1746 4052/1773/1746
f 4053/1773/1741 4052/1773/2198 4054/1773/1741
f 4052/1773/1742 4027/1773/2199 4029/1773/1742
f 4054/1773/1738 4056/1773/2200 4057/1773/1738
f 4029/1773/1740 4031/1773/2201 4056/1773/1740
f 4056/1773/1736 4034/1773/1736 4059/1773/1736
f 4080/1773/1781 4055/1773/1781 4057/1773/1781
f 4058/1773/1986 4057/1773/1986 4059/1773/1986
f 4060/1773/1987 4059/1773/1987 4037/1773/1987
f 4083/1773/1777 4058/1773/1777 4060/1773/1777
f 4061/1773/1775 4060/1773/1775 4062/1773/1775
f 4062/1773/1989 4064/1773/1989 4065/1773/1989
f 4062/1773/1990 4037/1773/1772 4039/1773/1990
f 4064/1773/1773 4066/1773/1773 4067/1773/1773
f 4039/1773/1991 4041/1773/2202 4066/1773/1991
f 4066/1773/1797 4068/1773/1797 4069/1773/1797
f 4041/1773/1770 4043/1773/1770 4068/1773/1770
f 4069/1773/1796 4068/1773/1796 4070/1773/1796
f 4068/1773/1795 4043/1773/1795 4045/1773/1795
f 4071/1773/1792 4070/1773/1792 4072/1773/1792
f 4070/1773/1994 4045/1773/1793 4047/1773/1994
f 4073/1773/1790 4072/1773/1790 4074/1773/1790
f 4047/1773/1995 4049/1773/1791 4074/1773/1995
f 4074/1773/1787 4076/1773/1787 4077/1773/1787
f 4049/1773/1997 4051/1773/1997 4076/1773/1997
f 4076/1773/1785 4078/1773/1785 4079/1773/1785
f 4051/1773/1998 4053/1773/1998 4078/1773/1998
f 4079/1773/1782 4078/1773/1783 4080/1773/1782
f 4053/1773/1784 4055/1773/1784 4080/1773/1784
f 4080/1773/1779 4058/1773/1779 4083/1773/1779
f 4104/1773/1999 4079/1773/1999 4081/1773/1813
f 4081/1773/1811 4083/1773/2000 4084/1773/2000
f 4083/1773/1809 4061/1773/2203 4086/1773/1809
f 4107/1773/1810 4082/1773/1810 4084/1773/1810
f 4085/1773/1808 4084/1773/2204 4086/1773/1808
f 4086/1773/1806 4088/1773/1806 4089/1773/1806
f 4061/1773/1807 4063/1773/1807 4088/1773/1807
f 4088/1773/1804 4090/1773/1804 4091/1773/1804
f 4063/1773/1805 4065/1773/1805 4090/1773/1805
f 4091/1773/1802 4090/1773/1803 4092/1773/1802
f 4065/1773/1800 4067/1773/1800 4092/1773/1800
f 4093/1773/1801 4092/1773/1801 4094/1773/1801
f 4067/1773/1799 4069/1773/1799 4094/1773/1799
f 4094/1773/1823 4096/1773/1823 4097/1773/1823
f 4094/1773/1798 4069/1773/1798 4071/1773/1798
f 4096/1773/1821 4098/1773/1821 4099/1773/1821
f 4096/1773/1822 4071/1773/1822 4073/1773/1822
f 4099/1773/1819 4098/1773/2172 4100/1773/1819
f 4098/1773/1820 4073/1773/1820 4075/1773/1820
f 4101/1773/2002 4100/1773/1816 4102/1773/2002
f 4100/1773/1817 4075/1773/1817 4077/1773/1817
f 4102/1773/1814 4104/1773/2205 4105/1773/1814
f 4102/1773/1815 4077/1773/1815 4079/1773/1815
f 4104/1773/1812 4082/1773/1812 4107/1773/1812
f 4128/1773/1843 4103/1773/1843 4105/1773/1843
f 4106/1773/1841 4105/1773/2206 4107/1773/1841
f 4107/1773/1839 4085/1773/2207 4110/1773/1839
f 4106/1773/2005 4108/1773/1840 4109/1773/1840
f 4109/1773/1838 4108/1773/1838 4110/1773/2006
f 4111/1773/1836 4110/1773/1836 4112/1773/1836
f 4085/1773/1837 4087/1773/1837 4112/1773/1837
f 4113/1773/1834 4112/1773/1834 4114/1773/1834
f 4112/1773/1835 4087/1773/1835 4089/1773/1835
f 4115/1773/1832 4114/1773/1832 4116/1773/1832
f 4114/1773/1833 4089/1773/1833 4091/1773/1833
f 4117/1773/1829 4116/1773/1829 4118/1773/1829
f 4091/1773/1830 4093/1773/1830 4118/1773/1830
f 4119/1773/1828 4118/1773/1828 4120/1773/1828
f 4093/1773/1826 4095/1773/1826 4120/1773/1826
f 4120/1773/1827 4122/1773/1827 4123/1773/1827
f 4120/1773/1825 4095/1773/1825 4097/1773/1825
f 4122/1773/1850 4124/1773/1850 4125/1773/1850
f 4122/1773/1824 4097/1773/1824 4099/1773/1824
f 4124/1773/1847 4126/1773/1847 4127/1773/1847
f 4099/1773/1848 4101/1773/1848 4126/1773/1848
f 4126/1773/1844 4128/1773/2174 4129/1773/1844
f 4101/1773/1846 4103/1773/1846 4128/1773/1846
f 4128/1773/1842 4106/1773/1842 4131/1773/1842
f 4152/1773/1876 4127/1773/1876 4129/1773/1876
f 4130/1773/1872 4129/1773/1872 4131/1773/1872
f 4132/1773/1870 4131/1773/2178 4109/1773/1870
f 4155/1773/2009 4130/1773/2009 4132/1773/2009
f 4133/1773/1869 4132/1773/1869 4134/1773/1869
f 4134/1773/1867 4136/1773/1867 4137/1773/1867
f 4109/1773/1868 4111/1773/2177 4136/1773/1868
f 4136/1773/2010 4138/1773/2010 4139/1773/2010
f 4111/1773/1866 4113/1773/1866 4138/1773/1866
f 4138/1773/1863 4140/1773/1863 4141/1773/1863
f 4138/1773/2011 4113/1773/2011 4115/1773/2011
f 4140/1773/2012 4142/1773/2012 4143/1773/2012
f 4140/1773/1861 4115/1773/1861 4117/1773/1861
f 4143/1773/2013 4142/1773/2013 4144/1773/2013
f 4142/1773/1859 4117/1773/1859 4119/1773/1859
f 4145/1773/1856 4144/1773/1856 4146/1773/1856
f 4144/1773/1857 4119/1773/2208 4121/1773/1857
f 4146/1773/1855 4148/1773/1855 4149/1773/1855
f 4121/1773/1853 4123/1773/2209 4148/1773/1853
f 4148/1773/2015 4150/1773/2015 4151/1773/2015
f 4123/1773/1852 4125/1773/1852 4150/1773/1852
f 4151/1773/2016 4150/1773/2210 4152/1773/2016
f 4125/1773/1851 4127/1773/1851 4152/1773/1851
f 4153/1773/1875 4152/1773/1875 4130/1773/1875
f 4176/1773/2017 4151/1773/2017 4153/1773/2017
f 4153/1773/2018 4155/1773/2018 4156/1773/2018
f 4155/1773/1903 4133/1773/1903 4158/1773/1903
f 4154/1773/1904 4156/1773/1904 4157/1773/1904
f 4157/1773/2019 4156/1773/2211 4158/1773/1902
f 4158/1773/1900 4160/1773/1900 4161/1773/1900
f 4133/1773/1901 4135/1773/1901 4160/1773/1901
f 4161/1773/1898 4160/1773/1898 4162/1773/1898
f 4160/1773/1899 4135/1773/1899 4137/1773/1899
f 4162/1773/2024 4164/1773/2024 4165/1773/2024
f 4162/1773/1897 4137/1773/1897 4139/1773/1897
f 4165/1773/1894 4164/1773/1894 4166/1773/1894
f 4164/1773/1895 4139/1773/1895 4141/1773/1895
f 4167/1773/1891 4166/1773/1891 4168/1773/1891
f 4141/1773/1892 4143/1773/1892 4168/1773/1892
f 4169/1773/1889 4168/1773/1889 4170/1773/1889
f 4143/1773/1890 4145/1773/1890 4170/1773/1890
f 4170/1773/1887 4172/1773/1887 4173/1773/1887
f 4145/1773/1888 4147/1773/1888 4172/1773/1888
f 4173/1773/1884 4172/1773/1884 4174/1773/1884
f 4172/1773/1885 4147/1773/1885 4149/1773/1885
f 4174/1773/1882 4176/1773/1882 4177/1773/1882
f 4174/1773/1880 4149/1773/1880 4151/1773/1880
f 4176/1773/1881 4154/1773/1881 4179/1773/1881
f 4175/1773/1911 4177/1773/1911 4178/1773/1911
f 4177/1773/1907 4179/1773/2189 4180/1773/1907
f 4180/1773/1906 4179/1773/1906 4157/1773/2028
f 4203/1773/1909 4178/1773/1909 4180/1773/1909
f 4181/1773/1908 4180/1773/1908 4182/1773/1908
f 4182/1773/1928 4184/1773/1928 4185/1773/1928
f 4157/1773/1905 4159/1773/1905 4184/1773/1905
f 4185/1773/1926 4184/1773/1926 4186/1773/1926
f 4159/1773/1927 4161/1773/1927 4186/1773/1927
f 4186/1773/1924 4188/1773/1924 4189/1773/1924
f 4186/1773/1925 4161/1773/1925 4163/1773/1925
f 4189/1773/1922 4188/1773/1922 4190/1773/1922
f 4188/1773/1923 4163/1773/1923 4165/1773/1923
f 4190/1773/1920 4192/1773/1920 4193/1773/1920
f 4165/1773/1921 4167/1773/1921 4192/1773/1921
f 4192/1773/1918 4194/1773/1918 4195/1773/1918
f 4192/1773/1919 4167/1773/1919 4169/1773/1919
f 4194/1773/1916 4196/1773/1916 4197/1773/1916
f 4194/1773/1917 4169/1773/1917 4171/1773/1917
f 4196/1773/1914 4198/1773/2212 4199/1773/1914
f 4171/1773/1915 4173/1773/1915 4198/1773/1915
f 4199/1773/1912 4198/1773/2213 4200/1773/1912
f 4198/1773/1913 4173/1773/1913 4175/1773/1913
f 4201/1773/1910 4200/1773/1910 4178/1773/1910
f 4224/1773/1941 4199/1773/1941 4201/1773/1941
f 4201/1773/1939 4203/1773/1939 4204/1773/1939
f 4204/1773/1936 4203/1773/1936 4181/1773/1936
f 4202/1773/1937 4204/1773/1937 4205/1773/1937
f 4205/1773/1935 4204/1773/1935 4206/1773/1935
f 4207/1773/1934 4206/1773/1934 4208/1773/1934
f 4206/1773/1932 4181/1773/1932 4183/1773/1932
f 4208/1773/1933 4210/1773/2031 4211/1773/2031
f 4183/1773/1930 4185/1773/1930 4210/1773/1930
f 4210/1773/1956 4212/1773/2032 4213/1773/2032
f 4185/1773/1929 4187/1773/2034 4212/1773/2034
f 4213/1773/2035 4212/1773/2035 4214/1773/1954
f 4212/1773/2037 4187/1773/2037 4189/1773/1955
f 4215/1773/2038 4214/1773/2038 4216/1773/1952
f 4214/1773/1953 4189/1773/1953 4191/1773/1953
f 4216/1773/1950 4218/1773/1950 4219/1773/1950
f 4191/1773/1951 4193/1773/1951 4218/1773/1951
f 4218/1773/1948 4220/1773/1948 4221/1773/1948
f 4193/1773/1949 4195/1773/1949 4220/1773/1949
f 4221/1773/1945 4220/1773/1945 4222/1773/1945
f 4220/1773/1947 4195/1773/1947 4197/1773/1947
f 4222/1773/2039 4224/1773/2039 4225/1773/2039
f 4197/1773/1943 4199/1773/1943 4224/1773/1943
f 4225/1773/2040 4224/1773/2040 4202/1773/2040
f 4228/1773/1965 4223/1773/1965 4225/1773/1965
f 4225/1773/1964 4226/1773/1964 4227/1773/1964
f 4227/1773/1962 4226/1773/1962 4205/1773/1962
f 4221/1773/1967 4223/1773/1967 4228/1773/1967
f 4229/1773/1966 4228/1773/1966 3660/1773/1966
f 4230/1773/1969 4219/1773/1969 4221/1773/1969
f 3701/1773/1968 4230/1773/1968 4229/1773/1968
f 4217/1773/1970 4219/1773/1970 4230/1773/1970
f 3698/1773/1971 4215/1773/1971 4217/1773/1971
f 4213/1773/1957 4215/1773/1957 3698/1773/1957
f 4232/1773/1958 4211/1773/1958 4213/1773/1958
f 4209/1773/1959 4211/1773/1959 4232/1773/1959
f 3684/1773/1960 4207/1773/1960 4209/1773/1960
f 4205/1773/1961 4207/1773/1961 3684/1773/1961
f 4237/1774/411 4236/1782/411 4233/1775/411
f 4233/1777/159 4235/1877/159 4240/1778/159
f 4238/1780/2041 4235/1878/2041 4233/1781/2041
f 4239/1783/191 4238/1780/191 4236/1782/191
f 4240/1784/475 4235/1879/475 4238/1780/475
f 4240/1778/2042 4239/1783/2042 4237/1774/2042
usemtl 口内
f 1281/1880/274 1277/1881/2214 1279/1882/2215
f 1283/1883/272 1281/1880/274 1279/1882/2215
f 1282/1884/275 1531/1885/2216 1276/1886/2217
f 1281/1880/274 1284/1887/273 1282/1884/275
f 1283/1888/272 1288/1889/271 1284/1890/273
f 1283/1888/272 1287/1891/2218 1286/1892/270
f 1287/1891/2218 1289/1893/268 1286/1892/270
f 1286/1892/270 1290/1894/269 1288/1889/271
f 1289/1893/268 1293/1895/267 1290/1894/269
f 1291/1896/203 1292/1897/266 1289/1893/268
f 1292/1897/266 1296/1898/265 1293/1895/267
f 1294/1899/201 1295/1900/264 1292/1897/266
f 1295/1900/264 1299/1901/263 1296/1898/265
f 1297/1902/199 1298/1903/262 1295/1900/264
f 1298/1903/262 1302/1904/261 1299/1901/263
f 1300/1905/197 1301/1906/260 1298/1903/262
f 1301/1906/260 1305/1907/259 1302/1904/261
f 1303/1908/195 1304/1909/258 1301/1906/260
f 1304/1909/258 1308/1910/257 1305/1907/259
f 1306/1911/193 1307/1912/256 1304/1909/258
f 1307/1912/256 1682/1913/255 1308/1910/257
f 1311/1914/189 1307/1912/256 1310/1915/191
f 1313/1916/188 1310/1915/191 1312/1917/190
f 1312/1917/190 1306/1911/193 1315/1918/192
f 1754/1919/123 1312/1917/190 1314/1920/125
f 1314/1920/125 1315/1918/192 1316/1921/127
f 1316/1921/127 1317/1922/194 1319/1923/129
f 1315/1918/192 1303/1908/195 1317/1922/194
f 1317/1922/194 1300/1905/197 1318/1924/196
f 1319/1923/129 1318/1924/196 1320/1925/131
f 1322/1926/130 1319/1923/129 1320/1925/131
f 1321/1927/128 1316/1921/127 1319/1923/129
f 1323/1928/54 1322/1926/130 1343/1929/57
f 1325/1930/52 1321/1927/128 1323/1928/54
f 1326/1931/124 1316/1921/127 1324/1932/126
f 1328/1933/49 1324/1932/126 1325/1930/52
f 1327/1934/122 1314/1920/125 1326/1931/124
f 1328/1933/49 1327/1934/122 1326/1931/124
f 1332/1935/45 1328/1933/49 1330/1936/48
f 1333/1937/51 1328/1933/49 1325/1930/52
f 1378/1938/44 1330/1936/48 1331/1939/47
f 1333/1937/51 1331/1939/47 1330/1936/48
f 1334/1940/53 1325/1930/52 1323/1928/54
f 1336/1941/512 1333/1937/51 1334/1940/53
f 1335/1942/50 1338/1943/2219 1337/1944/2220
f 1331/1939/47 1337/1944/2220 1116/1945/2221
f 1339/1418/604 1342/1420/606 1120/1946/2222
f 1341/1947/56 1336/1941/512 1334/1940/53
f 1341/1947/56 1344/1948/58 1347/1949/2223
f 1343/1929/57 1344/1948/58 1341/1947/56
f 1341/1947/56 1323/1928/54 1343/1929/57
f 1345/1950/59 1346/1951/61 1344/1948/58
f 1349/1952/2224 1348/1953/2224 1344/1948/58
f 1346/1951/61 1351/1954/2225 1350/1955/2226
f 1356/1956/62 1354/1957/64 1352/1958/2227
f 1354/1957/64 1353/1959/2228 1352/1958/2227
f 1371/1960/2229 1372/1961/2229 1354/1957/64
f 1355/1962/136 1356/1956/62 1357/1963/134
f 1357/1963/134 1345/1950/59 1359/1964/132
f 1355/1962/136 1358/1965/135 1365/1966/137
f 1357/1963/134 1360/1967/133 1358/1965/135
f 1359/1964/132 1320/1925/131 1360/1967/133
f 1359/1964/132 1343/1929/57 1322/1926/130
f 1360/1967/133 1362/1968/200 1358/1965/135
f 1320/1925/131 1361/1969/198 1360/1967/133
f 1361/1969/198 1294/1899/201 1362/1968/200
f 1318/1924/196 1297/1902/199 1361/1969/198
f 1362/1968/200 1291/1896/203 1363/1970/202
f 1358/1965/135 1363/1970/202 1365/1966/137
f 1363/1970/202 1287/1891/2218 1364/1971/204
f 1365/1966/137 1364/1971/204 1366/1972/139
f 1368/1973/138 1365/1966/137 1366/1972/139
f 1364/1971/204 1376/1974/206 1374/1975/2230
f 1366/1972/139 1367/1976/2231 1373/1977/2232
f 1370/1978/2233 1368/1973/138 1369/1979/2234
f 1374/1980/2230 1376/1981/206 1375/1982/2235
f 1285/1983/207 1280/1984/2236 1377/1985/2237
f 1376/1974/206 1287/1891/2218 1285/1986/207
f 1378/1938/44 1379/1987/41 1332/1935/45
f 1332/1935/45 1380/1988/43 1329/1989/46
f 1382/1990/38 1380/1988/43 1379/1987/41
f 1379/1987/41 1384/1600/667 1382/1990/38
f 1382/1990/38 1386/1991/37 1383/1992/40
f 1384/1600/667 1762/1599/666 1387/1993/2238
f 1385/1994/36 1389/1995/35 1386/1991/37
f 1760/1996/2239 1385/1994/36 1761/1997/2239
f 1388/1998/34 1392/1999/2240 1389/1995/35
f 1391/2000/2241 1388/1998/34 1390/2001/2242
f 1393/2002/2243 1394/2003/32 1392/1999/2240
f 1396/2004/114 1394/2003/32 1395/2005/112
f 1595/2006/2244 1400/2007/2245 1395/2005/112
f 1396/2004/114 1397/2008/113 1745/2009/115
f 1399/2010/111 1395/2005/112 1398/2011/110
f 1399/2010/111 1401/2012/2246 1402/2013/2247
f 1401/2012/2246 1398/2011/110 1400/2007/2245
f 1409/2014/176 1404/2015/2248 1405/2016/2249
f 1406/2017/2250 1407/2018/174 1405/2016/2249
f 1411/2019/177 1407/2018/174 1408/2020/175
f 1407/2018/174 1406/2017/2250 1589/2021/2251
f 1399/2010/111 1410/2022/178 1397/2008/113
f 1409/2014/176 1412/2023/179 1410/2022/178
f 1412/2023/179 1413/2024/242 1414/2025/244
f 1411/2019/177 1416/2026/240 1413/2024/242
f 1414/2025/244 1415/2027/243 1696/2028/245
f 1413/2024/242 1417/2029/241 1415/2027/243
f 1419/2030/239 1416/2026/240 1418/2031/238
f 1416/2026/240 1590/2032/2252 1420/2033/2253
f 1418/2031/238 1421/2034/2254 1422/2035/2255
f 1418/2031/238 1423/2036/2256 1421/2034/2254
f 1432/2037/2257 1433/2038/2258 1436/2039/303
f 1433/2038/2258 1434/2040/2259 1435/2041/301
f 1435/2041/301 1438/2042/368 1436/2039/303
f 1435/2041/301 1434/2040/2259 1442/2043/2260
f 1438/2042/368 1439/2044/367 1713/2045/369
f 1440/2046/364 1439/2044/367 1437/2047/366
f 1440/2046/364 1444/2048/363 1441/2049/365
f 1440/2046/364 1442/2043/2260 1561/2050/2261
f 1446/2051/360 1444/2048/363 1443/2052/2262
f 1443/2052/2262 1448/2053/2263 1446/2051/360
f 1447/2054/361 1449/2055/2264 1450/2056/2265
f 1448/2053/2263 1449/2055/2264 1446/2051/360
f 1454/2057/357 1450/2056/2265 1451/2058/2266
f 1447/2054/361 1453/2059/445 1719/2060/444
f 1452/2061/359 1455/2062/567 1453/2059/445
f 1454/2057/357 1457/2063/471 1455/2062/567
s 0
f 1454/2057/2267 1451/2058/475 1680/2058/2268
s 1
f 1459/2064/353 1457/2063/471 1456/2065/355
f 1459/2064/353 1458/2066/2269 1542/2067/2270
f 1462/2068/351 1460/2069/470 1459/2064/353
f 1462/2068/351 1461/2070/352 1464/2071/350
f 1465/2072/548 1463/2073/468 1462/2068/351
f 1464/2071/350 1465/2072/548 1462/2068/351
f 1470/2074/344 1465/2072/548 1466/2075/346
f 1468/2076/348 1467/2077/469 1465/2072/548
f 1468/2076/348 1472/2078/407 1469/2079/410
f 1470/2074/344 1471/2080/349 1468/2076/348
f 1471/2080/349 1475/2081/408 1472/2078/407
f 1473/2082/343 1474/2083/406 1471/2080/349
f 1477/2084/405 1475/2081/408 1474/2083/406
f 1476/2085/345 1477/2084/405 1474/2083/406
f 1477/2086/405 1481/2087/467 1478/2088/409
f 1479/2089/404 1480/2090/403 1477/2086/405
f 1483/2091/401 1481/2087/467 1480/2090/403
f 1485/2092/400 1480/2090/403 1482/2093/402
f 1483/2091/401 1487/2094/552 1484/2095/466
f 1485/2092/400 1486/2096/399 1483/2091/401
f 1489/2097/397 1487/2094/552 1486/2096/399
f 1488/2098/2271 1489/2097/397 1486/2096/399
f 1489/2097/397 1493/2099/463 1490/2100/464
f 1491/2101/396 1492/2102/395 1489/2097/397
f 1495/2103/393 1493/2099/463 1492/2102/395
f 1494/2104/394 1495/2103/393 1492/2102/395
f 1498/2105/2272 1496/2106/462 1495/2103/393
f 1499/2107/390 1495/2103/393 1497/2108/392
f 1499/2107/390 1501/2109/389 1498/2105/2272
f 1501/2109/389 1500/2110/461 1498/2105/2272
f 1501/2109/389 1720/2111/459 1502/2112/460
f 1504/2113/388 1503/2114/387 1501/2109/389
f 1506/2115/323 1505/2116/386 1504/2113/388
f 1509/2117/325 1504/2113/388 1499/2107/390
f 1681/2118/320 1506/2115/323 1508/2119/322
f 1511/2120/324 1506/2115/323 1509/2117/325
f 1509/2117/325 1497/2108/392 1510/2121/327
f 1512/2122/326 1509/2117/325 1510/2121/327
f 1305/1907/259 1512/2122/326 1302/1904/261
f 1305/1907/259 1508/2119/322 1511/2120/324
f 1302/1904/261 1513/2123/328 1299/1901/263
f 1513/2123/328 1510/2121/327 1515/2124/329
f 1514/2125/330 1515/2124/329 1516/2126/331
f 1299/1901/263 1514/2125/330 1296/1898/265
f 1515/2124/329 1491/2101/396 1516/2126/331
f 1510/2121/327 1494/2104/394 1515/2124/329
f 1519/2127/332 1516/2126/331 1517/2128/333
f 1516/2126/331 1488/2098/2271 1517/2128/333
f 1517/2128/333 1485/2092/400 1518/2129/335
f 1520/2130/334 1517/2128/333 1518/2129/335
f 1293/1895/267 1520/2130/334 1290/1894/269
f 1296/1898/265 1519/2127/332 1293/1895/267
f 1521/2131/336 1518/2129/335 1523/2132/337
f 1290/1894/269 1521/2131/336 1288/1889/271
f 1522/2133/338 1523/2132/337 1524/2134/339
f 1288/1889/271 1522/2133/338 1284/1890/273
f 1523/2132/337 1479/2089/404 1524/2134/339
f 1518/2129/335 1482/2093/402 1523/2132/337
f 1524/2135/339 1476/2085/345 1525/2136/341
f 1527/2137/340 1524/2135/339 1525/2136/341
f 1525/2136/341 1473/2082/343 1526/2138/342
f 1528/2139/281 1525/2136/341 1526/2138/342
f 1527/2137/340 1528/2139/281 1530/2140/2273
f 1284/1887/273 1527/2137/340 1282/1884/275
f 1533/2141/2274 1532/2142/2274 1526/2138/342
f 1530/2140/2273 1528/2139/281 1529/2143/2275
f 1534/2144/2276 1536/2145/285 1535/2146/2277
f 1470/2074/344 1466/2075/346 1537/2147/2278
f 1526/2138/342 1470/2074/344 1536/2145/285
f 1464/2071/350 1540/2148/2279 1538/2149/2280
f 1464/2071/350 1541/2150/2281 1540/2148/2279
f 1541/2150/2281 1461/2070/352 1542/2067/2270
f 1308/1910/257 1681/2118/320 1508/2119/322
f 1682/1913/255 1683/2151/318 1681/2118/320
f 1681/2118/320 1684/2152/319 1507/2153/321
f 1686/2154/316 1684/2152/319 1683/2151/318
f 1688/2155/251 1683/2151/318 1685/2156/253
f 1689/2157/314 1687/2158/317 1686/2154/316
f 1690/2159/249 1686/2154/316 1688/2155/251
f 1694/2160/247 1689/2157/314 1690/2159/249
f 1692/2161/312 1691/2162/315 1689/2157/314
f 1692/2161/312 1697/2163/311 1693/2164/313
f 1696/2028/245 1692/2161/312 1694/2160/247
f 1415/2027/243 1695/2165/310 1696/2028/245
f 1695/2165/310 1699/2166/309 1697/2163/311
f 1700/2167/306 1699/2166/309 1698/2168/308
f 1417/2029/241 1698/2168/308 1415/2027/243
f 1700/2167/306 1703/2169/305 1701/2170/307
f 1419/2030/239 1700/2167/306 1417/2029/241
f 1436/2039/303 1702/2171/304 1704/2172/302
f 1419/2030/239 1707/2173/2282 1705/2174/2283
f 1705/2174/2283 1706/2175/2284 1704/2172/302
f 1703/2169/305 1709/2176/372 1701/2170/307
f 1436/2039/303 1708/2177/370 1703/2169/305
f 1708/2177/370 1711/2178/373 1709/2176/372
f 1708/2177/370 1713/2045/369 1710/2179/371
f 1710/2179/371 1727/2180/452 1711/2178/373
f 1713/2045/369 1712/2181/451 1710/2179/371
f 1713/2045/369 1716/2182/449 1714/2183/450
f 1712/2181/438 1714/2183/439 1715/2184/411
f 1714/2183/439 1716/2182/440 1715/2185/411
f 1716/2182/440 1717/2186/441 1715/2187/411
f 1441/2049/365 1716/2182/449 1439/2044/367
f 1717/2186/441 1718/2188/442 1715/2189/411
f 1441/2049/365 1718/2188/447 1717/2186/448
f 1718/2188/442 1719/2060/443 1715/2190/411
f 1444/2048/363 1719/2060/444 1718/2188/447
f 1719/2060/443 1453/2059/420 1715/2191/411
f 1502/2112/432 1720/2111/433 1715/2192/411
f 1500/2110/431 1502/2112/432 1715/2193/411
f 1720/2111/433 1721/2194/434 1715/2195/411
f 1721/2194/434 1722/2196/415 1715/2197/411
f 1722/2196/415 1723/2198/416 1715/2199/411
f 1723/2198/416 1724/2200/417 1715/2201/411
f 1724/2200/417 1725/2202/435 1715/2203/411
f 1725/2202/435 1726/2204/436 1715/2205/411
f 1726/2204/436 1727/2180/437 1715/2206/411
f 1727/2180/437 1712/2181/438 1715/2207/411
f 1453/2059/420 1455/2062/418 1715/2208/411
f 1455/2062/418 1457/2063/419 1715/2209/411
f 1457/2063/419 1460/2069/421 1715/2210/411
f 1460/2069/421 1463/2073/422 1715/2211/411
f 1463/2073/422 1467/2077/423 1715/2212/411
f 1467/2077/423 1469/2079/412 1715/2213/411
f 1469/2079/412 1472/2078/413 1715/2214/411
f 1472/2078/413 1475/2081/414 1715/2215/411
f 1475/2081/414 1478/2216/424 1715/2217/411
f 1478/2088/424 1481/2087/425 1715/2218/411
f 1481/2087/425 1484/2095/426 1715/2219/411
f 1484/2095/426 1487/2094/427 1715/2220/411
f 1487/2094/427 1490/2100/428 1715/2221/411
f 1490/2100/428 1493/2099/429 1715/2222/411
f 1493/2099/429 1496/2106/430 1715/2223/411
f 1496/2106/430 1500/2110/431 1715/2224/411
f 1711/2178/373 1726/2204/453 1728/2225/375
f 1728/2225/375 1725/2202/454 1730/2226/377
f 1732/2227/376 1728/2225/375 1730/2226/377
f 1709/2176/372 1728/2225/375 1729/2228/374
f 1730/2226/377 1724/2200/455 1731/2229/379
f 1733/2230/550 1730/2226/377 1731/2229/379
f 1693/2164/313 1732/2227/376 1733/2230/550
f 1697/2163/311 1729/2228/374 1732/2227/376
f 1734/2231/380 1731/2229/379 1736/2232/575
f 1693/2164/313 1734/2231/380 1691/2162/315
f 1734/2231/380 1737/2233/383 1735/2234/382
f 1691/2162/315 1735/2234/382 1687/2158/317
f 1736/2232/575 1722/2196/458 1737/2233/383
f 1731/2229/379 1723/2198/456 1736/2232/575
f 1738/2235/385 1722/2196/458 1721/2194/457
f 1739/2236/384 1737/2233/383 1738/2235/385
f 1503/2114/387 1721/2194/457 1720/2111/459
f 1739/2236/384 1503/2114/387 1505/2116/386
f 1684/2152/319 1505/2116/386 1507/2153/321
f 1684/2152/319 1735/2234/382 1739/2236/384
f 1701/2170/307 1729/2228/374 1699/2166/309
f 1740/2237/246 1696/2028/245 1694/2160/247
f 1741/2238/248 1694/2160/247 1690/2159/249
f 1743/2239/183 1740/2237/246 1741/2238/248
f 1742/2240/181 1414/2025/244 1740/2237/246
f 1744/2241/180 1743/2239/183 1746/2242/182
f 1410/2022/178 1742/2240/181 1744/2241/180
f 1745/2009/115 1746/2242/182 1748/2243/117
f 1397/2008/113 1744/2241/180 1745/2009/115
f 1746/2242/182 1758/2244/185 1747/2245/184
f 1748/2243/117 1747/2245/184 1749/2246/119
f 1751/2247/118 1748/2243/117 1749/2246/119
f 1750/2248/116 1745/2009/115 1748/2243/117
f 1383/1992/40 1750/2248/116 1751/2247/118
f 1386/1991/37 1396/2004/114 1750/2248/116
f 1752/2249/120 1749/2246/119 1753/2250/121
f 1380/1988/43 1751/2247/118 1752/2249/120
f 1380/1988/43 1327/1934/122 1329/1989/46
f 1752/2249/120 1754/1919/123 1327/1934/122
f 1753/2250/121 1313/1916/188 1754/1919/123
f 1749/2246/119 1755/2251/186 1753/2250/121
f 1755/2251/186 1311/1914/189 1313/1916/188
f 1755/2251/186 1758/2244/185 1756/2252/187
f 1311/1914/189 1757/2253/252 1309/2254/254
f 1758/2244/185 1757/2253/252 1756/2252/187
f 1758/2244/185 1741/2238/248 1759/2255/250
f 1757/2253/252 1688/2155/251 1685/2156/253
f 1759/2255/250 1690/2159/249 1688/2155/251
f 1309/2254/254 1685/2156/253 1682/1913/255
f 1381/2256/505 1764/2257/2285 1113/2258/2286
f 1764/2257/2285 1378/1938/44 1765/2259/2287
f 1765/2259/2287 1331/1939/47 1766/1945/2288
f 1281/1880/274 1278/2260/2289 1277/1881/2214
f 1279/1882/2215 1280/1984/2236 1283/1883/272
f 1280/1984/2236 1285/1983/207 1283/1883/272
f 1276/1886/2217 1278/2260/2289 1281/1880/274
f 1281/1880/274 1282/1884/275 1276/1886/2217
f 1281/1880/274 1283/1883/272 1284/1887/273
f 1283/1888/272 1286/1892/270 1288/1889/271
f 1283/1888/272 1285/1986/207 1287/1891/2218
f 1287/1891/2218 1291/1896/203 1289/1893/268
f 1286/1892/270 1289/1893/268 1290/1894/269
f 1289/1893/268 1292/1897/266 1293/1895/267
f 1291/1896/203 1294/1899/201 1292/1897/266
f 1292/1897/266 1295/1900/264 1296/1898/265
f 1294/1899/201 1297/1902/199 1295/1900/264
f 1295/1900/264 1298/1903/262 1299/1901/263
f 1297/1902/199 1300/1905/197 1298/1903/262
f 1298/1903/262 1301/1906/260 1302/1904/261
f 1300/1905/197 1303/1908/195 1301/1906/260
f 1301/1906/260 1304/1909/258 1305/1907/259
f 1303/1908/195 1306/1911/193 1304/1909/258
f 1304/1909/258 1307/1912/256 1308/1910/257
f 1306/1911/193 1310/1915/191 1307/1912/256
f 1307/1912/256 1309/2254/254 1682/1913/255
f 1311/1914/189 1309/2254/254 1307/1912/256
f 1313/1916/188 1311/1914/189 1310/1915/191
f 1312/1917/190 1310/1915/191 1306/1911/193
f 1754/1919/123 1313/1916/188 1312/1917/190
f 1314/1920/125 1312/1917/190 1315/1918/192
f 1316/1921/127 1315/1918/192 1317/1922/194
f 1315/1918/192 1306/1911/193 1303/1908/195
f 1317/1922/194 1303/1908/195 1300/1905/197
f 1319/1923/129 1317/1922/194 1318/1924/196
f 1322/1926/130 1321/1927/128 1319/1923/129
f 1321/1927/128 1324/1932/126 1316/1921/127
f 1323/1928/54 1321/1927/128 1322/1926/130
f 1325/1930/52 1324/1932/126 1321/1927/128
f 1326/1931/124 1314/1920/125 1316/1921/127
f 1328/1933/49 1326/1931/124 1324/1932/126
f 1327/1934/122 1754/1919/123 1314/1920/125
f 1328/1933/49 1329/1989/46 1327/1934/122
f 1332/1935/45 1329/1989/46 1328/1933/49
f 1333/1937/51 1330/1936/48 1328/1933/49
f 1378/1938/44 1332/1935/45 1330/1936/48
f 1333/1937/51 1335/1942/50 1331/1939/47
f 1334/1940/53 1333/1937/51 1325/1930/52
f 1336/1941/512 1335/1942/50 1333/1937/51
f 1335/1942/50 1336/1941/512 1338/1943/2219
s 0
f 1116/1945/475 1766/1945/2290 1331/1939/2291
s 1
f 1331/1939/47 1335/1942/50 1337/1944/2220
f 1338/1943/2219 1336/1941/512 1120/1946/2222
f 1336/1941/512 1339/1418/604 1120/1946/2222
f 1341/1947/56 1339/1418/604 1336/1941/512
f 1347/1949/2223 1340/1419/605 1339/1418/604
f 1339/1418/604 1341/1947/56 1347/1949/2223
f 1343/1929/57 1345/1950/59 1344/1948/58
f 1341/1947/56 1334/1940/53 1323/1928/54
f 1345/1950/59 1356/1956/62 1346/1951/61
f 1347/1949/2223 1344/1948/58 1348/1953/2224
f 1344/1948/58 1346/1951/61 1350/1955/2226
f 1349/1952/2224 1344/1948/58 1350/1955/2226
f 1352/1958/2227 1351/1954/2225 1346/1951/61
f 1346/1951/61 1356/1956/62 1352/1958/2227
f 1372/1961/2229 1353/1959/2228 1354/1957/64
f 1354/1957/64 1355/1962/136 1371/1960/2229
f 1355/1962/136 1368/1973/138 1370/1978/2233
f 1371/1960/2229 1355/1962/136 1370/1978/2233
f 1355/1962/136 1354/1957/64 1356/1956/62
f 1357/1963/134 1356/1956/62 1345/1950/59
f 1355/1962/136 1357/1963/134 1358/1965/135
f 1357/1963/134 1359/1964/132 1360/1967/133
f 1359/1964/132 1322/1926/130 1320/1925/131
f 1359/1964/132 1345/1950/59 1343/1929/57
f 1360/1967/133 1361/1969/198 1362/1968/200
f 1320/1925/131 1318/1924/196 1361/1969/198
f 1361/1969/198 1297/1902/199 1294/1899/201
f 1318/1924/196 1300/1905/197 1297/1902/199
f 1362/1968/200 1294/1899/201 1291/1896/203
f 1358/1965/135 1362/1968/200 1363/1970/202
f 1363/1970/202 1291/1896/203 1287/1891/2218
f 1365/1966/137 1363/1970/202 1364/1971/204
f 1368/1973/138 1355/1962/136 1365/1966/137
f 1374/1975/2230 1367/1976/2231 1364/1971/204
f 1367/1976/2231 1366/1972/139 1364/1971/204
f 1373/1977/2232 1369/1979/2234 1366/1972/139
f 1369/1979/2234 1368/1973/138 1366/1972/139
f 1377/1985/2237 1375/2261/2235 1376/2262/206
f 1376/2262/206 1285/1983/207 1377/1985/2237
f 1376/1974/206 1364/1971/204 1287/1891/2218
f 1378/1938/44 1381/2256/505 1379/1987/41
f 1332/1935/45 1379/1987/41 1380/1988/43
f 1382/1990/38 1383/1992/40 1380/1988/43
f 1379/1987/41 1381/2256/505 1384/1600/667
f 1382/1990/38 1385/1994/36 1386/1991/37
f 1385/1994/36 1382/1990/38 1387/1993/2238
f 1382/1990/38 1384/1600/667 1387/1993/2238
f 1385/1994/36 1388/1998/34 1389/1995/35
f 1760/1996/2239 1390/2001/2242 1385/1994/36
f 1390/2001/2242 1388/1998/34 1385/1994/36
f 1385/1994/36 1387/1993/2238 1761/1997/2239
f 1391/2000/2241 1392/1999/2240 1388/1998/34
f 1392/1999/2240 1394/2003/32 1389/1995/35
f 1396/2004/114 1389/1995/35 1394/2003/32
f 1400/2007/2245 1398/2011/110 1395/2005/112
f 1395/2005/112 1394/2003/32 1595/2006/2244
f 1394/2003/32 1393/2002/2243 1596/2263/2244
f 1595/2006/2244 1394/2003/32 1596/2263/2244
f 1396/2004/114 1395/2005/112 1397/2008/113
f 1399/2010/111 1397/2008/113 1395/2005/112
f 1402/2013/2247 1404/2015/2248 1399/2010/111
f 1399/2010/111 1398/2011/110 1401/2012/2246
f 1405/2016/2249 1407/2018/174 1409/2014/176
f 1409/2014/176 1399/2010/111 1404/2015/2248
f 1411/2019/177 1409/2014/176 1407/2018/174
f 1589/2021/2251 1590/2032/2252 1408/2020/175
f 1408/2020/175 1407/2018/174 1589/2021/2251
f 1399/2010/111 1409/2014/176 1410/2022/178
f 1409/2014/176 1411/2019/177 1412/2023/179
f 1412/2023/179 1411/2019/177 1413/2024/242
f 1411/2019/177 1408/2020/175 1416/2026/240
f 1414/2025/244 1413/2024/242 1415/2027/243
f 1413/2024/242 1416/2026/240 1417/2029/241
f 1419/2030/239 1417/2029/241 1416/2026/240
f 1420/2033/2253 1418/2031/238 1416/2026/240
f 1416/2026/240 1408/2020/175 1590/2032/2252
f 1422/2035/2255 1707/2173/2282 1419/2030/239
f 1419/2030/239 1418/2031/238 1422/2035/2255
f 1418/2031/238 1420/2033/2253 1423/2036/2256
f 1433/2038/2258 1435/2041/301 1436/2039/303
f 1436/2039/303 1704/2172/302 1431/2264/2257
f 1704/2172/302 1706/2175/2284 1431/2264/2257
f 1431/2264/2257 1432/2037/2257 1436/2039/303
f 1435/2041/301 1437/2047/366 1438/2042/368
f 1442/2043/2260 1440/2046/364 1437/2047/366
f 1437/2047/366 1435/2041/301 1442/2043/2260
f 1438/2042/368 1437/2047/366 1439/2044/367
f 1440/2046/364 1441/2049/365 1439/2044/367
f 1440/2046/364 1443/2052/2262 1444/2048/363
f 1445/2265/2292 1443/2052/2262 1561/2050/2261
f 1443/2052/2262 1440/2046/364 1561/2050/2261
f 1446/2051/360 1447/2054/361 1444/2048/363
f 1443/2052/2262 1445/2265/2292 1448/2053/2263
f 1450/2056/2265 1452/2061/359 1447/2054/361
f 1447/2054/361 1446/2051/360 1449/2055/2264
f 1454/2057/357 1452/2061/359 1450/2056/2265
f 1447/2054/361 1452/2061/359 1453/2059/445
f 1452/2061/359 1454/2057/357 1455/2062/567
f 1454/2057/357 1456/2065/355 1457/2063/471
f 1680/2058/2293 1458/2066/2269 1456/2065/355
f 1456/2065/355 1454/2057/357 1680/2058/2293
f 1459/2064/353 1460/2069/470 1457/2063/471
f 1542/2067/2270 1461/2070/352 1459/2064/353
f 1459/2064/353 1456/2065/355 1458/2066/2269
f 1462/2068/351 1463/2073/468 1460/2069/470
f 1462/2068/351 1459/2064/353 1461/2070/352
f 1465/2072/548 1467/2077/469 1463/2073/468
f 1464/2071/350 1466/2075/346 1465/2072/548
f 1470/2074/344 1468/2076/348 1465/2072/548
f 1468/2076/348 1469/2079/410 1467/2077/469
f 1468/2076/348 1471/2080/349 1472/2078/407
f 1470/2074/344 1473/2082/343 1471/2080/349
f 1471/2080/349 1474/2083/406 1475/2081/408
f 1473/2082/343 1476/2085/345 1474/2083/406
f 1477/2084/405 1478/2216/409 1475/2081/408
f 1476/2085/345 1479/2266/404 1477/2084/405
f 1477/2086/405 1480/2090/403 1481/2087/467
f 1479/2089/404 1482/2093/402 1480/2090/403
f 1483/2091/401 1484/2095/466 1481/2087/467
f 1485/2092/400 1483/2091/401 1480/2090/403
f 1483/2091/401 1486/2096/399 1487/2094/552
f 1485/2092/400 1488/2098/2271 1486/2096/399
f 1489/2097/397 1490/2100/464 1487/2094/552
f 1488/2098/2271 1491/2101/396 1489/2097/397
f 1489/2097/397 1492/2102/395 1493/2099/463
f 1491/2101/396 1494/2104/394 1492/2102/395
f 1495/2103/393 1496/2106/462 1493/2099/463
f 1494/2104/394 1497/2108/392 1495/2103/393
f 1498/2105/2272 1500/2110/461 1496/2106/462
f 1499/2107/390 1498/2105/2272 1495/2103/393
f 1499/2107/390 1504/2113/388 1501/2109/389
f 1501/2109/389 1502/2112/460 1500/2110/461
f 1501/2109/389 1503/2114/387 1720/2111/459
f 1504/2113/388 1505/2116/386 1503/2114/387
f 1506/2115/323 1507/2153/321 1505/2116/386
f 1509/2117/325 1506/2115/323 1504/2113/388
f 1681/2118/320 1507/2153/321 1506/2115/323
f 1511/2120/324 1508/2119/322 1506/2115/323
f 1509/2117/325 1499/2107/390 1497/2108/392
f 1512/2122/326 1511/2120/324 1509/2117/325
f 1305/1907/259 1511/2120/324 1512/2122/326
f 1305/1907/259 1308/1910/257 1508/2119/322
f 1302/1904/261 1512/2122/326 1513/2123/328
f 1513/2123/328 1512/2122/326 1510/2121/327
f 1514/2125/330 1513/2123/328 1515/2124/329
f 1299/1901/263 1513/2123/328 1514/2125/330
f 1515/2124/329 1494/2104/394 1491/2101/396
f 1510/2121/327 1497/2108/392 1494/2104/394
f 1519/2127/332 1514/2125/330 1516/2126/331
f 1516/2126/331 1491/2101/396 1488/2098/2271
f 1517/2128/333 1488/2098/2271 1485/2092/400
f 1520/2130/334 1519/2127/332 1517/2128/333
f 1293/1895/267 1519/2127/332 1520/2130/334
f 1296/1898/265 1514/2125/330 1519/2127/332
f 1521/2131/336 1520/2130/334 1518/2129/335
f 1290/1894/269 1520/2130/334 1521/2131/336
f 1522/2133/338 1521/2131/336 1523/2132/337
f 1288/1889/271 1521/2131/336 1522/2133/338
f 1523/2132/337 1482/2093/402 1479/2089/404
f 1518/2129/335 1485/2092/400 1482/2093/402
f 1524/2135/339 1479/2266/404 1476/2085/345
f 1527/2137/340 1522/2267/338 1524/2135/339
f 1525/2136/341 1476/2085/345 1473/2082/343
f 1528/2139/281 1527/2137/340 1525/2136/341
f 1530/2140/2273 1531/1885/2216 1282/1884/275
f 1282/1884/275 1527/2137/340 1530/2140/2273
f 1284/1887/273 1522/2267/338 1527/2137/340
f 1532/2142/2274 1529/2143/2275 1528/2139/281
f 1528/2139/281 1526/2138/342 1532/2142/2274
f 1526/2138/342 1536/2145/285 1534/2144/2276
f 1533/2141/2274 1526/2138/342 1534/2144/2276
f 1535/2146/2277 1536/2145/285 1537/2147/2278
f 1536/2145/285 1470/2074/344 1537/2147/2278
f 1526/2138/342 1473/2082/343 1470/2074/344
f 1538/2149/2280 1537/2147/2278 1466/2075/346
f 1466/2075/346 1464/2071/350 1538/2149/2280
f 1464/2071/350 1461/2070/352 1541/2150/2281
f 1308/1910/257 1682/1913/255 1681/2118/320
f 1682/1913/255 1685/2156/253 1683/2151/318
f 1681/2118/320 1683/2151/318 1684/2152/319
f 1686/2154/316 1687/2158/317 1684/2152/319
f 1688/2155/251 1686/2154/316 1683/2151/318
f 1689/2157/314 1691/2162/315 1687/2158/317
f 1690/2159/249 1689/2157/314 1686/2154/316
f 1694/2160/247 1692/2161/312 1689/2157/314
f 1692/2161/312 1693/2164/313 1691/2162/315
f 1692/2161/312 1695/2165/310 1697/2163/311
f 1696/2028/245 1695/2165/310 1692/2161/312
f 1415/2027/243 1698/2168/308 1695/2165/310
f 1695/2165/310 1698/2168/308 1699/2166/309
f 1700/2167/306 1701/2170/307 1699/2166/309
f 1417/2029/241 1700/2167/306 1698/2168/308
f 1700/2167/306 1702/2171/304 1703/2169/305
f 1419/2030/239 1702/2171/304 1700/2167/306
f 1436/2039/303 1703/2169/305 1702/2171/304
f 1705/2174/2283 1704/2172/302 1702/2171/304
f 1702/2171/304 1419/2030/239 1705/2174/2283
f 1703/2169/305 1708/2177/370 1709/2176/372
f 1436/2039/303 1438/2042/368 1708/2177/370
f 1708/2177/370 1710/2179/371 1711/2178/373
f 1708/2177/370 1438/2042/368 1713/2045/369
f 1710/2179/371 1712/2181/451 1727/2180/452
f 1713/2045/369 1714/2183/450 1712/2181/451
f 1713/2045/369 1439/2044/367 1716/2182/449
f 1441/2049/365 1717/2186/448 1716/2182/449
f 1441/2049/365 1444/2048/363 1718/2188/447
f 1444/2048/363 1447/2054/361 1719/2060/444
f 1711/2178/373 1727/2180/452 1726/2204/453
f 1728/2225/375 1726/2204/453 1725/2202/454
f 1732/2227/376 1729/2228/374 1728/2225/375
f 1709/2176/372 1711/2178/373 1728/2225/375
f 1730/2226/377 1725/2202/454 1724/2200/455
f 1733/2230/550 1732/2227/376 1730/2226/377
f 1693/2164/313 1697/2163/311 1732/2227/376
f 1697/2163/311 1699/2166/309 1729/2228/374
f 1734/2231/380 1733/2230/550 1731/2229/379
f 1693/2164/313 1733/2230/550 1734/2231/380
f 1734/2231/380 1736/2232/575 1737/2233/383
f 1691/2162/315 1734/2231/380 1735/2234/382
f 1736/2232/575 1723/2198/456 1722/2196/458
f 1731/2229/379 1724/2200/455 1723/2198/456
f 1738/2235/385 1737/2233/383 1722/2196/458
f 1739/2236/384 1735/2234/382 1737/2233/383
f 1503/2114/387 1738/2235/385 1721/2194/457
f 1739/2236/384 1738/2235/385 1503/2114/387
f 1684/2152/319 1739/2236/384 1505/2116/386
f 1684/2152/319 1687/2158/317 1735/2234/382
f 1701/2170/307 1709/2176/372 1729/2228/374
f 1740/2237/246 1414/2025/244 1696/2028/245
f 1741/2238/248 1740/2237/246 1694/2160/247
f 1743/2239/183 1742/2240/181 1740/2237/246
f 1742/2240/181 1412/2023/179 1414/2025/244
f 1744/2241/180 1742/2240/181 1743/2239/183
f 1410/2022/178 1412/2023/179 1742/2240/181
f 1745/2009/115 1744/2241/180 1746/2242/182
f 1397/2008/113 1410/2022/178 1744/2241/180
f 1746/2242/182 1743/2239/183 1758/2244/185
f 1748/2243/117 1746/2242/182 1747/2245/184
f 1751/2247/118 1750/2248/116 1748/2243/117
f 1750/2248/116 1396/2004/114 1745/2009/115
f 1383/1992/40 1386/1991/37 1750/2248/116
f 1386/1991/37 1389/1995/35 1396/2004/114
f 1752/2249/120 1751/2247/118 1749/2246/119
f 1380/1988/43 1383/1992/40 1751/2247/118
f 1380/1988/43 1752/2249/120 1327/1934/122
f 1752/2249/120 1753/2250/121 1754/1919/123
f 1753/2250/121 1755/2251/186 1313/1916/188
f 1749/2246/119 1747/2245/184 1755/2251/186
f 1755/2251/186 1756/2252/187 1311/1914/189
f 1755/2251/186 1747/2245/184 1758/2244/185
f 1311/1914/189 1756/2252/187 1757/2253/252
f 1758/2244/185 1759/2255/250 1757/2253/252
f 1758/2244/185 1743/2239/183 1741/2238/248
f 1757/2253/252 1759/2255/250 1688/2155/251
f 1759/2255/250 1741/2238/248 1690/2159/249
f 1309/2254/254 1757/2253/252 1685/2156/253
f 1113/2258/2286 1763/1601/668 1384/1600/667
f 1384/1600/667 1381/2256/505 1113/2258/2286
f 1764/2257/2285 1381/2256/505 1378/1938/44
f 1765/2259/2287 1378/1938/44 1331/1939/47
usemtl 目
f 1769/2268/2294 1768/2269/2294 1767/2270/2294
f 1767/2270/2295 1862/2271/2295 1770/2272/2295
f 1771/2273/2296 1769/2268/2296 1767/2270/2296
f 1773/2274/2297 1767/2270/2297 1770/2272/2297
f 1775/2275/2298 1771/2273/2298 1774/2276/2298
f 1774/2276/2299 1773/2274/2299 1776/2277/2299
f 1777/2278/2300 1775/2275/2300 1774/2276/2300
f 1777/2278/2301 1776/2277/2301 1779/2279/2301
f 1781/2280/2302 1777/2278/2302 1780/2281/2302
f 1782/2282/2303 1777/2278/2303 1779/2279/2303
f 1784/2283/2304 1780/2281/2304 1783/2284/2304
f 1783/2284/2305 1782/2282/2305 1785/2285/2305
f 1787/2286/2306 1783/2284/2306 1786/2287/2306
f 1786/2287/2307 1785/2285/2307 1788/2288/2307
f 1789/2289/2308 1787/2286/2308 1786/2287/2308
f 1791/2290/2309 1786/2287/2309 1788/2288/2309
f 1792/2291/2310 1790/2292/2310 1789/2289/2310
f 1794/2293/2311 1789/2289/2311 1791/2290/2311
f 1795/2294/2312 1793/2295/2312 1792/2296/2312
f 1795/2294/2313 1794/2297/2313 1797/2298/2313
f 1798/2299/2314 1796/2300/2314 1795/2294/2314
f 1798/2299/2315 1797/2298/2315 1800/2301/2315
f 1801/2302/2316 1799/2303/2316 1798/2299/2316
f 1801/2302/2317 1800/2301/2317 1803/2304/2317
f 1805/2305/2239 1801/2302/2239 1804/2306/2239
f 1804/2306/2318 1803/2304/2318 1806/2307/2318
f 1807/2308/2319 1805/2305/2319 1804/2306/2319
f 1807/2308/2320 1806/2307/2320 1809/2309/2321
f 1810/2310/2322 1808/2311/2322 1807/2308/2322
f 1812/2312/2323 1807/2308/2323 1809/2309/2323
f 1814/2313/2324 1810/2310/2324 1813/2314/2324
f 1813/2314/2325 1812/2312/2325 1815/2315/2325
f 1816/2316/2326 1814/2313/2326 1813/2314/2326
f 1818/2317/2327 1813/2314/2327 1815/2315/2327
f 1820/2318/2328 1816/2316/2328 1819/2319/2328
f 1819/2319/2329 1818/2317/2329 1821/2320/2329
f 1822/2321/2330 1820/2318/2330 1819/2319/2330
f 1824/2322/2331 1819/2319/2331 1821/2320/2331
f 1826/2323/2332 1822/2321/2332 1825/2324/2332
f 1825/2324/2333 1824/2322/2333 1827/2325/2334
f 1828/2326/2335 1826/2323/2335 1825/2324/2335
f 1830/2327/2336 1825/2324/2336 1827/2325/2336
f 1831/2328/2224 1829/2329/2224 1828/2326/2337
f 1831/2328/2338 1830/2327/2338 1833/2330/2338
f 1834/2331/2339 1832/2332/2339 1831/2328/2339
f 1836/2333/2340 1831/2328/2340 1833/2330/2340
f 1838/2334/2341 1834/2331/2341 1837/2335/2341
f 1837/2335/2342 1836/2333/2342 1839/2336/2342
f 1840/2337/2343 1838/2334/2343 1837/2335/2343
f 1840/2337/2344 1839/2336/2344 1842/2338/2344
f 1844/2339/2345 1840/2337/2345 1843/2340/2345
f 1843/2340/2346 1842/2338/2346 1845/2341/2346
f 1847/2342/2347 1843/2340/2347 1846/2343/2347
f 1846/2343/2348 1845/2341/2348 1848/2344/2348
f 1849/2345/2349 1847/2342/2349 1846/2343/2349
f 1851/2346/2350 1846/2343/2350 1848/2344/2350
f 1852/2347/2351 1850/2348/2351 1849/2345/2351
f 1854/2349/2352 1849/2345/2352 1851/2346/2352
f 1856/2350/2353 1852/2347/2353 1855/2351/2353
f 1855/2351/2354 1854/2349/2355 1857/2352/2355
f 1859/2353/2356 1855/2351/2356 1858/2354/2356
f 1858/2354/2357 1857/2352/2358 1860/2355/2358
f 2216/2356/2359 1858/2354/2359 1768/2269/2359
f 1862/2271/2360 1858/2354/2360 1860/2355/2360
f 1863/2357/2361 1860/2355/2361 1861/2358/2361
f 1860/2355/2362 1923/2359/2362 1861/2358/2362
f 1770/2272/2363 1863/2357/2363 1865/2360/2363
f 1866/2361/2364 1863/2357/2364 1864/2362/2364
f 1863/2357/2365 1926/2363/2365 1864/2362/2365
f 1867/2364/2366 1770/2272/2366 1865/2360/2366
f 1867/2364/2367 1866/2361/2367 1868/2365/2367
f 1776/2277/2368 1867/2364/2368 1869/2366/2368
f 1870/2367/2369 1867/2364/2369 1868/2365/2369
f 1871/2368/2370 1776/2277/2370 1869/2366/2370
f 1871/2368/2371 1870/2367/2371 1872/2369/2371
f 1873/2370/2372 1779/2279/2372 1871/2368/2372
f 1873/2370/2373 1872/2369/2373 1874/2371/2373
f 1875/2372/2374 1782/2282/2374 1873/2370/2374
f 1875/2372/2375 1874/2371/2375 1876/2373/2375
f 1877/2374/2376 1785/2285/2376 1875/2372/2376
f 1878/2375/2377 1875/2372/2377 1876/2373/2377
f 1791/2290/2378 1877/2374/2378 1879/2376/2378
f 1880/2377/2379 1877/2374/2379 1878/2375/2379
f 1794/2293/2380 1879/2376/2380 1881/2378/2380
f 1881/2378/2381 1880/2377/2381 1882/2379/2381
f 1883/2380/2382 1794/2297/2382 1881/2381/2382
f 1884/2382/2247 1881/2381/2247 1882/2383/2247
f 1800/2301/2244 1883/2380/2244 1885/2384/2244
f 1885/2384/2383 1884/2382/2383 1886/2385/2383
f 1803/2304/2384 1885/2384/2384 1887/2386/2384
f 1888/2387/2385 1885/2384/2385 1886/2385/2385
f 1889/2388/2386 1803/2304/2386 1887/2386/2386
f 1889/2388/2387 1888/2387/2387 1890/2389/2387
f 1891/2390/2388 1806/2307/2388 1889/2388/2388
f 1891/2390/2389 1890/2389/2389 1892/2391/2389
f 1893/2392/2390 1809/2309/2390 1891/2390/2391
f 1893/2392/2392 1892/2391/2392 1894/2393/2392
f 1815/2315/2393 1893/2392/2393 1895/2394/2393
f 1895/2394/2394 1894/2393/2394 1896/2395/2394
f 1897/2396/2395 1815/2315/2395 1895/2394/2396
f 1898/2397/2397 1895/2394/2397 1896/2395/2397
f 1821/2320/2398 1897/2396/2398 1899/2398/2399
f 1899/2398/2400 1898/2397/2400 1900/2399/2400
f 1901/2400/2401 1821/2320/2401 1899/2398/2401
f 1902/2401/2402 1899/2398/2402 1900/2399/2402
f 1827/2325/2403 1901/2400/2403 1903/2402/2403
f 1904/2403/2404 1901/2400/2404 1902/2401/2404
f 1830/2327/2405 1903/2402/2405 1905/2404/2405
f 1905/2404/2406 1904/2403/2406 1906/2405/2406
f 1907/2406/2407 1830/2327/2407 1905/2404/2407
f 1907/2406/2408 1906/2405/2408 1908/2407/2408
f 1909/2408/2409 1833/2330/2409 1907/2406/2409
f 1910/2409/2410 1907/2406/2410 1908/2407/2410
f 1911/2410/2229 1836/2333/2229 1909/2408/2229
f 1912/2411/2411 1909/2408/2411 1910/2409/2411
f 1842/2338/2412 1911/2410/2413 1913/2412/2414
f 1914/2413/2232 1911/2410/2232 1912/2411/2232
f 1845/2341/2415 1913/2412/2415 1915/2414/2415
f 1915/2414/2416 1914/2413/2416 1916/2415/2416
f 1917/2416/2417 1845/2341/2417 1915/2414/2417
f 1918/2417/2418 1915/2414/2418 1916/2415/2418
f 1851/2346/2419 1917/2416/2419 1919/2418/2419
f 1919/2418/2420 1918/2417/2420 1920/2419/2420
f 1854/2349/2421 1919/2418/2421 1921/2420/2421
f 1921/2420/2422 1920/2419/2422 1922/2421/2422
f 1857/2352/2423 1921/2420/2423 1923/2359/2423
f 1923/2359/2424 1922/2421/2424 1924/2422/2424
f 1861/2358/2425 1924/2422/2425 1926/2363/2425
f 1927/2423/2426 1924/2422/2426 1925/2424/2426
f 1925/2424/2427 1922/2421/2427 1987/2425/2427
f 1864/2362/2428 1927/2423/2428 1929/2426/2428
f 1930/2427/2429 1927/2423/2429 1928/2428/2429
f 1927/2423/2430 1990/2429/2430 1928/2428/2430
f 1931/2430/2431 1864/2362/2431 1929/2426/2431
f 1932/2431/2432 1929/2426/2432 1930/2427/2433
f 1934/2432/2434 1931/2430/2434 1932/2431/2435
f 1933/2433/2436 1866/2361/2436 1931/2430/2436
f 1935/2434/2437 1868/2365/2437 1933/2433/2437
f 1936/2435/2438 1933/2433/2438 1934/2432/2438
f 1937/2436/2439 1870/2367/2439 1935/2434/2439
f 1938/2437/2440 1935/2434/2440 1936/2435/2440
f 1874/2371/2441 1937/2436/2441 1939/2438/2441
f 1940/2439/2442 1937/2436/2442 1938/2437/2442
f 1876/2373/2443 1939/2438/2443 1941/2440/2443
f 1942/2441/2444 1939/2438/2444 1940/2439/2444
f 1943/2442/2445 1876/2373/2445 1941/2440/2445
f 1944/2443/2446 1941/2440/2446 1942/2441/2446
f 1945/2444/2447 1878/2375/2447 1943/2442/2447
f 1945/2444/2448 1944/2443/2448 1946/2445/2448
f 1947/2446/2449 1880/2377/2449 1945/2444/2449
f 1948/2447/2251 1945/2444/2251 1946/2445/2251
f 1884/2382/2450 1947/2448/2450 1949/2449/2450
f 1950/2450/2451 1947/2448/2451 1948/2451/2451
f 1886/2385/2452 1949/2449/2452 1951/2452/2452
f 1952/2453/2453 1949/2449/2453 1950/2450/2453
f 1953/2454/2454 1886/2385/2454 1951/2452/2454
f 1954/2455/2455 1951/2452/2455 1952/2453/2455
f 1890/2389/2456 1953/2454/2456 1955/2456/2456
f 1956/2457/2457 1953/2454/2457 1954/2455/2457
f 1892/2391/2458 1955/2456/2458 1957/2458/2458
f 1958/2459/2459 1955/2456/2459 1956/2457/2459
f 1959/2460/2460 1892/2391/2460 1957/2458/2460
f 1960/2461/2461 1957/2458/2461 1958/2459/2461
f 1961/2462/2462 1894/2393/2462 1959/2460/2462
f 1962/2463/626 1959/2460/626 1960/2461/626
f 1963/2464/2463 1896/2395/2463 1961/2462/2463
f 1964/2465/2464 1961/2462/2464 1962/2463/2464
f 1900/2399/2465 1963/2464/2465 1965/2466/2465
f 1966/2467/623 1963/2464/623 1964/2465/2063
f 1902/2401/2466 1965/2466/2466 1967/2468/2466
f 1968/2469/620 1965/2466/620 1966/2467/620
f 1969/2470/2467 1902/2401/2467 1967/2468/2467
f 1969/2470/2468 1968/2469/2468 1970/2471/2468
f 1971/2472/2469 1904/2403/2469 1969/2470/2469
f 1971/2472/2470 1970/2471/2470 1972/2473/2470
f 1973/2474/2471 1906/2405/2471 1971/2472/2471
f 1973/2474/2472 1972/2473/2472 1974/2475/2472
f 1910/2409/2473 1973/2474/2473 1975/2476/2473
f 1975/2476/2474 1974/2475/2474 1976/2477/2474
f 1977/2478/2475 1910/2409/2475 1975/2476/2475
f 1977/2478/2476 1976/2477/2476 1978/2479/2476
f 1979/2480/2477 1912/2411/2477 1977/2478/2477
f 1979/2480/2478 1978/2479/2478 1980/2481/2478
f 1981/2482/2479 1914/2413/2479 1979/2480/2479
f 1981/2482/2237 1980/2481/2237 1982/2483/2237
f 1983/2484/2480 1916/2415/2480 1981/2482/2480
f 1983/2484/2481 1982/2483/2481 1984/2485/2481
f 1985/2486/2482 1918/2417/2482 1983/2484/2482
f 1985/2486/2483 1984/2485/2483 1986/2487/2483
f 1987/2425/2484 1920/2419/2484 1985/2486/2484
f 1987/2425/2485 1986/2487/2485 1988/2488/2485
f 1925/2424/2486 1988/2488/2486 1990/2429/2487
f 1991/2489/2488 1988/2488/2488 1989/2490/2488
f 1989/2490/2489 1986/2487/2489 2051/2491/2489
f 1928/2428/2490 1991/2489/2490 1993/2492/2490
f 1993/2492/2491 1992/2493/2491 1994/2494/2491
f 1991/2489/2492 2054/2495/2492 1992/2493/2492
f 1930/2427/2493 1993/2492/2493 1995/2496/2493
f 1996/2497/2494 1993/2492/2494 1994/2494/2494
f 1932/2431/2495 1995/2496/2495 1997/2498/2496
f 1997/2498/2497 1996/2497/2497 1998/2499/2497
f 1934/2432/2498 1997/2498/2498 1999/2500/2498
f 1999/2500/2499 1998/2499/2499 2000/2501/2499
f 1936/2435/2500 1999/2500/2500 2001/2502/2500
f 2001/2502/2501 2000/2501/2501 2002/2503/2501
f 1938/2437/2502 2001/2502/2502 2003/2504/2502
f 2003/2504/2503 2002/2503/2503 2004/2505/2504
f 1940/2439/2505 2003/2504/2505 2005/2506/2505
f 2006/2507/2506 2003/2504/2506 2004/2505/2506
f 1942/2441/2507 2005/2506/2507 2007/2508/2508
f 2008/2509/2509 2005/2506/2509 2006/2507/2510
f 1944/2443/2511 2007/2508/2511 2009/2510/2511
f 2009/2510/2512 2008/2509/2512 2010/2511/2512
f 2011/2512/2256 1944/2443/2256 2009/2510/2513
f 2011/2512/2255 2010/2511/2255 2012/2513/2255
f 1948/2447/2514 2011/2512/2514 2013/2514/2514
f 2013/2514/2515 2012/2513/2515 2014/2515/2515
f 1950/2450/2516 2013/2516/2516 2015/2517/2516
f 2016/2518/2517 2013/2516/2517 2014/2519/2517
f 1952/2453/2518 2015/2517/2518 2017/2520/2519
f 2018/2521/2520 2015/2517/2520 2016/2518/2520
f 1954/2455/2521 2017/2520/2521 2019/2522/2521
f 2019/2522/2522 2018/2521/2522 2020/2523/2522
f 1956/2457/2523 2019/2522/2523 2021/2524/2523
f 2022/2525/2524 2019/2522/2524 2020/2523/2524
f 1958/2459/2525 2021/2524/2525 2023/2526/2526
f 2024/2527/603 2021/2524/603 2022/2525/603
f 1960/2461/600 2023/2526/600 2025/2528/600
f 2025/2528/2527 2024/2527/2527 2026/2529/2527
f 1962/2463/2528 2025/2528/2528 2027/2530/2528
f 2027/2530/2529 2026/2529/2529 2028/2531/2529
f 1964/2465/2530 2027/2530/2530 2029/2532/2531
f 2029/2532/2532 2028/2531/2532 2030/2533/2532
f 1966/2467/2533 2029/2532/2533 2031/2534/2533
f 2032/2535/2534 2029/2532/2534 2030/2533/2534
f 1968/2469/2535 2031/2534/2535 2033/2536/2536
f 2034/2537/2537 2031/2534/2537 2032/2535/2537
f 2035/2538/619 1968/2469/619 2033/2536/619
f 2035/2538/616 2034/2537/616 2036/2539/616
f 2037/2540/2538 1970/2471/2538 2035/2538/2538
f 2037/2540/618 2036/2539/618 2038/2541/618
f 2039/2542/2539 1972/2473/2539 2037/2540/2539
f 2039/2542/2540 2038/2541/2540 2040/2543/2540
f 2041/2544/2541 1974/2475/2541 2039/2542/2541
f 2042/2545/2542 2039/2542/2542 2040/2543/2542
f 2043/2546/2543 1976/2477/2543 2041/2544/2543
f 2043/2546/2544 2042/2545/2544 2044/2547/2544
f 2045/2548/2545 1978/2479/2545 2043/2546/2545
f 2045/2548/2546 2044/2547/2546 2046/2549/2546
f 2047/2550/2547 1980/2481/2547 2045/2548/2548
f 2047/2550/2549 2046/2549/2549 2048/2551/2549
f 2049/2552/2550 1982/2483/2550 2047/2550/2551
f 2049/2552/2217 2048/2551/2217 2050/2553/2217
f 2051/2491/2552 1984/2485/2552 2049/2552/2552
f 2051/2491/2553 2050/2553/2553 2052/2554/2553
f 1989/2490/2554 2052/2554/2554 2054/2495/2554
f 2055/2555/2555 2052/2554/2555 2053/2556/2555
f 2053/2556/2556 2050/2553/2556 2115/2557/2556
f 2057/2558/2557 2054/2495/2557 2055/2555/2557
f 2058/2559/2558 2055/2555/2558 2056/2560/2559
f 2056/2560/2560 2053/2556/2560 2118/2561/2560
f 2059/2562/2561 1992/2493/2561 2057/2558/2561
f 2060/2563/2562 2057/2558/2562 2058/2559/2562
f 1996/2497/2563 2059/2562/2563 2061/2564/2563
f 2061/2564/2564 2060/2563/2564 2062/2565/2564
f 1998/2499/2565 2061/2564/2565 2063/2566/2565
f 2064/2567/2566 2061/2564/2566 2062/2565/2566
f 2065/2568/2567 1998/2499/2567 2063/2566/2567
f 2065/2568/2568 2064/2567/2568 2066/2569/2568
f 2002/2503/2569 2065/2568/2569 2067/2570/2569
f 2068/2571/2570 2065/2568/2570 2066/2569/2570
f 2069/2572/2571 2002/2503/2571 2067/2570/2571
f 2069/2572/2572 2068/2571/2572 2070/2573/2572
f 2071/2574/2573 2004/2505/2573 2069/2572/2573
f 2071/2574/2574 2070/2573/2574 2072/2575/2575
f 2073/2576/2576 2006/2507/2576 2071/2574/2576
f 2073/2576/2577 2072/2575/2577 2074/2577/2577
f 2010/2511/2578 2073/2576/2578 2075/2578/2578
f 2075/2578/2257 2074/2577/2257 2076/2579/2257
f 2012/2513/2579 2075/2578/2579 2077/2580/2579
f 2078/2581/2580 2075/2578/2580 2076/2579/2580
f 2079/2582/2581 2012/2513/2581 2077/2580/2581
f 2080/2583/2582 2077/2580/2582 2078/2581/2583
f 2016/2518/2584 2079/2584/2584 2081/2585/2584
f 2081/2585/2585 2080/2586/2585 2082/2587/2586
f 2083/2588/2587 2016/2518/2587 2081/2585/2587
f 2084/2589/2588 2081/2585/2588 2082/2587/2588
f 2020/2523/2589 2083/2588/2589 2085/2590/2589
f 2086/2591/2590 2083/2588/2590 2084/2589/2590
f 2087/2592/2591 2020/2523/2591 2085/2590/2591
f 2087/2592/2592 2086/2591/2592 2088/2593/2592
f 2089/2594/612 2022/2525/612 2087/2592/612
f 2089/2594/610 2088/2593/610 2090/2595/610
f 2091/2596/2593 2024/2527/2593 2089/2594/2593
f 2091/2596/2594 2090/2595/2594 2092/2597/2594
f 2093/2598/2595 2026/2529/2595 2091/2596/2595
f 2094/2599/2596 2091/2596/2596 2092/2597/2596
f 2030/2533/2597 2093/2598/2597 2095/2600/2597
f 2095/2600/2598 2094/2599/2598 2096/2601/2598
f 2097/2602/2599 2030/2533/2599 2095/2600/2599
f 2098/2603/2600 2095/2600/2600 2096/2601/2600
f 2034/2537/2601 2097/2602/2601 2099/2604/2601
f 2099/2604/2602 2098/2603/2602 2100/2605/2602
f 2036/2539/2603 2099/2604/2603 2101/2606/2603
f 2102/2607/2604 2099/2604/2604 2100/2605/2604
f 2103/2608/615 2036/2539/615 2101/2606/615
f 2104/2609/614 2101/2606/614 2102/2607/614
f 2105/2610/2605 2038/2541/2605 2103/2608/2606
f 2105/2610/2607 2104/2609/2607 2106/2611/2607
f 2042/2545/2608 2105/2610/2608 2107/2612/2608
f 2107/2612/2609 2106/2611/2609 2108/2613/2609
f 2044/2547/2610 2107/2612/2610 2109/2614/2610
f 2109/2614/2611 2108/2613/2611 2110/2615/2611
f 2046/2549/2612 2109/2614/2612 2111/2616/2612
f 2112/2617/2613 2109/2614/2614 2110/2615/2613
f 2113/2618/2615 2046/2549/2615 2111/2616/2615
f 2114/2619/2616 2111/2616/2616 2112/2617/2617
f 2050/2553/2618 2113/2618/2618 2115/2557/2618
f 2115/2557/2619 2114/2619/2619 2116/2620/2619
f 2118/2561/2274 2115/2557/2274 2116/2620/2274
f 2118/2561/2620 2117/2621/2620 2119/2622/2620
f 2117/2621/2621 2114/2619/2621 2179/2623/2621
f 2056/2560/2622 2119/2622/2622 2121/2624/2622
f 2121/2624/2623 2120/2625/2623 2122/2626/2623
f 2119/2622/2624 2182/2627/2624 2120/2625/2624
f 2123/2628/2280 2056/2560/2280 2121/2624/2280
f 2124/2629/2625 2121/2624/2625 2122/2626/2625
f 2125/2630/2626 2058/2559/2626 2123/2628/2626
f 2126/2631/2627 2123/2628/2627 2124/2629/2627
f 2062/2565/2628 2125/2630/2628 2127/2632/2628
f 2128/2633/2629 2125/2630/2629 2126/2631/2629
f 2129/2634/2630 2062/2565/2630 2127/2632/2630
f 2129/2634/2631 2128/2633/2631 2130/2635/2631
f 2066/2569/2632 2129/2634/2632 2131/2636/2632
f 2131/2636/2633 2130/2635/2633 2132/2637/2633
f 2133/2638/2634 2066/2569/2634 2131/2636/2634
f 2134/2639/2635 2131/2636/2635 2132/2637/2635
f 2135/2640/2636 2068/2571/2636 2133/2638/2636
f 2135/2640/2637 2134/2639/2637 2136/2641/2637
f 2072/2575/2638 2135/2640/2638 2137/2642/2638
f 2138/2643/2639 2135/2640/2639 2136/2641/2639
f 2139/2644/2640 2072/2575/2640 2137/2642/2640
f 2140/2645/2641 2137/2642/2641 2138/2643/2641
f 2141/2646/2642 2074/2577/2642 2139/2644/2642
f 2142/2647/2643 2139/2644/2643 2140/2645/2643
f 2078/2581/2644 2141/2646/2644 2143/2648/2644
f 2143/2648/2645 2142/2647/2645 2144/2649/2645
f 2080/2583/2646 2143/2648/2646 2145/2650/2646
f 2145/2650/2647 2144/2649/2647 2146/2651/2647
f 2147/2652/2648 2080/2586/2648 2145/2653/2648
f 2147/2652/2649 2146/2654/2649 2148/2655/2649
f 2149/2656/2650 2082/2587/2650 2147/2652/2650
f 2149/2656/2651 2148/2655/2651 2150/2657/2651
f 2151/2658/2652 2084/2589/2652 2149/2656/2652
f 2151/2658/2653 2150/2657/2653 2152/2659/2653
f 2153/2660/2654 2086/2591/2654 2151/2658/2654
f 2154/2661/2655 2151/2658/2655 2152/2659/2655
f 2155/2662/2656 2088/2593/2656 2153/2660/2656
f 2155/2662/2657 2154/2661/2657 2156/2663/2657
f 2092/2597/609 2155/2662/609 2157/2664/609
f 2157/2664/2658 2156/2663/2658 2158/2665/2658
f 2159/2666/2659 2092/2597/2659 2157/2664/2659
f 2160/2667/2660 2157/2664/2660 2158/2665/2660
f 2096/2601/2661 2159/2666/2661 2161/2668/2661
f 2161/2668/572 2160/2667/572 2162/2669/572
f 2163/2670/2662 2096/2601/2662 2161/2668/2662
f 2164/2671/571 2161/2668/571 2162/2669/571
f 2100/2605/2663 2163/2670/2663 2165/2672/2663
f 2165/2672/569 2164/2671/569 2166/2673/569
f 2167/2674/613 2100/2605/613 2165/2672/613
f 2168/2675/2664 2165/2672/2664 2166/2673/2664
f 2104/2609/2665 2167/2674/2666 2169/2676/2666
f 2169/2676/2667 2168/2675/2667 2170/2677/2667
f 2171/2678/2668 2104/2609/2668 2169/2676/2668
f 2171/2678/2669 2170/2677/2669 2172/2679/2669
f 2108/2613/2670 2171/2678/2670 2173/2680/2670
f 2173/2680/2671 2172/2679/2671 2174/2681/2671
f 2175/2682/2672 2108/2613/2672 2173/2680/2672
f 2176/2683/2673 2173/2680/2673 2174/2681/2673
f 2177/2684/2674 2110/2615/2674 2175/2682/2674
f 2177/2684/2675 2176/2683/2675 2178/2685/2675
f 2179/2623/2676 2112/2617/2676 2177/2684/2676
f 2180/2686/2677 2177/2684/2677 2178/2685/2677
f 2182/2627/2678 2179/2623/2678 2180/2686/2678
f 2183/2687/2679 2180/2686/2679 2181/2688/2679
f 2181/2688/2680 2178/2685/2680 2192/2689/2680
f 2184/2690/2681 2182/2627/2681 2183/2687/2681
f 2185/2691/2682 2184/2690/2682 2183/2687/2682
f 2185/2692/2683 2183/2687/2683 2181/2688/2683
f 2185/2693/2684 2203/2694/2684 2186/2695/2684
f 2185/2696/2685 2186/2695/2685 2204/2697/2685
f 2185/2698/2686 2187/2699/2686 2188/2700/2686
f 2185/2701/2687 2214/2702/2687 2187/2699/2687
f 2185/2703/2688 2188/2700/2688 2189/2704/2688
f 2185/2705/2689 2189/2704/2689 2190/2706/2689
f 2185/2707/2690 2190/2706/2690 2191/2708/2690
f 2185/2709/2691 2191/2708/2691 2184/2690/2691
f 2185/2710/2692 2181/2688/2692 2192/2689/2692
f 2185/2711/2693 2192/2689/2693 2193/2712/2693
f 2185/2713/2694 2193/2712/2694 2194/2714/2694
f 2185/2715/2695 2194/2714/2695 2195/2716/2695
f 2185/2717/2696 2195/2716/2696 2196/2718/2696
f 2185/2719/2697 2196/2718/2697 2197/2720/2697
f 2185/2721/2698 2197/2720/2698 2198/2722/2698
f 2185/2723/2699 2198/2722/2699 2199/2724/2699
f 2185/2725/2700 2199/2724/2700 2200/2726/2700
f 2185/2727/2701 2200/2726/2701 2201/2728/2701
f 2185/2729/2702 2201/2728/2702 2202/2730/2702
f 2185/2731/2703 2202/2730/2703 2203/2694/2703
f 2185/2732/2704 2204/2697/2704 2205/2733/2704
f 2185/2734/2705 2205/2733/2705 2206/2735/2705
f 2185/2736/2706 2206/2735/2706 2207/2737/2706
f 2185/2738/2707 2207/2739/2707 2208/2740/2707
f 2185/2741/2708 2208/2740/2708 2209/2742/2708
f 2185/2743/2709 2209/2742/2709 2210/2744/2709
f 2185/2745/2710 2210/2744/2710 2211/2746/2710
f 2185/2747/2711 2211/2746/2711 2212/2748/2711
f 2185/2749/2712 2212/2748/2712 2213/2750/2712
f 2185/2751/2713 2213/2750/2713 2214/2702/2713
f 2213/2750/2714 2132/2637/2715 2214/2702/2714
f 2132/2637/2716 2187/2699/2716 2214/2702/2716
f 2136/2641/2717 2213/2750/2717 2212/2748/2717
f 2211/2746/2718 2136/2641/2718 2212/2748/2718
f 2140/2645/2719 2211/2746/2719 2210/2744/2719
f 2142/2647/2720 2210/2744/2720 2209/2742/2720
f 2208/2740/2721 2142/2647/2721 2209/2742/2721
f 2207/2739/2722 2144/2649/2722 2208/2740/2722
f 2206/2735/2723 2146/2654/2723 2207/2737/2723
f 2205/2733/2724 2148/2655/2724 2206/2735/2724
f 2152/2659/2725 2205/2733/2726 2204/2697/2726
f 2154/2661/2727 2204/2697/2727 2186/2695/2727
f 2202/2730/2728 2156/2663/2728 2203/2694/2728
f 2203/2694/2729 2154/2661/2729 2186/2695/2729
f 2201/2728/2730 2158/2665/2731 2202/2730/2730
f 2162/2669/2732 2201/2728/2732 2200/2726/2732
f 2199/2724/2733 2162/2669/2733 2200/2726/2734
f 2166/2673/2735 2199/2724/2736 2198/2722/2736
f 2168/2675/2737 2198/2722/2737 2197/2720/2737
f 2170/2677/2738 2197/2720/2738 2196/2718/2738
f 2195/2716/2739 2170/2677/2739 2196/2718/2739
f 2194/2714/2740 2172/2679/2741 2195/2716/2740
f 2176/2683/2742 2194/2714/2742 2193/2712/2742
f 2178/2685/2743 2193/2712/2743 2192/2689/2743
f 2124/2629/2744 2191/2708/2744 2190/2706/2744
f 2191/2708/2745 2120/2625/2745 2184/2690/2745
f 2189/2704/2746 2124/2629/2746 2190/2706/2746
f 2188/2700/2747 2126/2631/2747 2189/2704/2747
f 2130/2635/2748 2188/2700/2748 2187/2699/2748
f 2217/2752/2749 1859/2353/2749 2216/2356/2749
f 2215/2753/2750 1856/2350/2750 1859/2353/2750
f 1769/2268/2751 2217/2752/2751 2216/2356/2751
f 2217/2752/2752 2218/2754/2752 2215/2753/2752
f 2219/2755/2753 2218/2756/2753 2217/2752/2753
f 1772/2757/2754 2219/2755/2754 1769/2268/2754
f 2220/2758/2755 2218/2759/2755 2219/2755/2755
f 2221/2760/2756 1772/2757/2756 1775/2275/2756
f 2221/2760/2757 2218/2761/2757 2220/2758/2757
f 1778/2762/2758 2221/2760/2758 1775/2275/2758
f 2222/2763/2759 2218/2764/2759 2221/2760/2759
f 2223/2765/2760 1778/2762/2760 1781/2280/2760
f 2223/2765/2761 2218/2766/2761 2222/2763/2761
f 1784/2283/2762 2223/2765/2762 1781/2280/2762
f 2224/2767/2763 2218/2768/2763 2223/2765/2763
f 1787/2286/2764 2224/2767/2764 1784/2283/2765
f 2225/2769/2766 2218/2770/2766 2224/2767/2766
f 2226/2771/2767 1787/2286/2767 1790/2292/2767
f 2226/2771/2768 2218/2772/2768 2225/2769/2768
f 2227/2773/2769 1790/2292/2769 1793/2774/2769
f 2227/2773/2770 2218/2775/2770 2226/2771/2770
f 2228/2776/2771 1793/2295/2771 1796/2300/2771
f 2228/2776/2772 2218/2777/2772 2227/2778/2772
f 2229/2779/2773 1796/2300/2773 1799/2303/2773
f 2229/2779/2774 2218/2780/2774 2228/2776/2774
f 1802/2781/2775 2229/2779/2776 1799/2303/2775
f 2230/2782/2777 2218/2783/2777 2229/2779/2777
f 1805/2305/2778 2230/2782/2778 1802/2781/2778
f 2231/2784/2779 2218/2785/2779 2230/2782/2779
f 2232/2786/2780 1805/2305/2780 1808/2311/2780
f 2232/2786/2781 2218/2787/2781 2231/2784/2781
f 2233/2788/2782 1808/2311/2782 1811/2789/2782
f 2233/2788/2783 2218/2790/2783 2232/2786/2783
f 2234/2791/2784 1811/2789/2785 1814/2313/2785
f 2234/2791/2786 2218/2792/2786 2233/2788/2786
f 1817/2793/2787 2234/2791/2787 1814/2313/2787
f 2235/2794/2788 2218/2795/2788 2234/2791/2788
f 2236/2796/2789 1817/2793/2789 1820/2318/2789
f 2236/2796/2790 2218/2797/2790 2235/2794/2790
f 1823/2798/2791 2236/2796/2792 1820/2318/2791
f 2237/2799/2793 2218/2800/2793 2236/2796/2793
f 1826/2323/2222 2237/2799/2222 1823/2798/2222
f 2238/2801/2794 2218/2802/2794 2237/2799/2794
f 1829/2329/2795 2238/2801/2795 1826/2323/2795
f 2239/2803/2796 2218/2804/2796 2238/2801/2796
f 2240/2805/2797 1829/2329/2797 1832/2332/2797
f 2240/2805/2798 2218/2806/2798 2239/2803/2798
f 2241/2807/2799 1832/2332/2800 1835/2808/2800
f 2241/2807/2801 2218/2809/2801 2240/2805/2801
f 1838/2334/2802 2241/2807/2802 1835/2808/2802
f 2242/2810/2803 2218/2811/2803 2241/2807/2803
f 1841/2812/2804 2242/2810/2804 1838/2334/2804
f 2243/2813/2805 2218/2814/2805 2242/2810/2805
f 2244/2815/2806 1841/2812/2806 1844/2339/2806
f 2244/2815/2807 2218/2816/2807 2243/2813/2807
f 2245/2817/2808 1844/2339/2808 1847/2342/2808
f 2245/2817/2809 2218/2818/2809 2244/2815/2809
f 2246/2819/2810 2218/2820/2810 2245/2817/2810
f 2246/2819/2811 1847/2342/2811 1850/2348/2811
f 2247/2821/2812 1850/2348/2812 1853/2822/2812
f 2247/2821/2813 2218/2823/2813 2246/2819/2813
f 1856/2350/2814 2247/2821/2814 1853/2822/2814
f 2248/2824/2815 2218/2825/2815 2247/2821/2815
f 2215/2753/2816 2218/2826/2816 2248/2824/2816
f 4337/2827/2294 4786/2828/2294 4338/2829/2294
f 4340/2830/2295 4338/2829/2295 4432/2831/2295
f 4341/2832/2296 4339/2833/2296 4337/2827/2296
f 4343/2834/2817 4337/2827/2817 4340/2830/2297
f 4345/2835/2298 4341/2832/2818 4344/2836/2818
f 4346/2837/2299 4341/2832/2299 4343/2834/2299
f 4347/2838/2300 4345/2835/2300 4344/2836/2300
f 4349/2839/2301 4344/2836/2301 4346/2837/2301
f 4351/2840/2302 4347/2838/2302 4350/2841/2302
f 4350/2841/2819 4349/2839/2303 4352/2842/2303
f 4353/2843/2820 4351/2840/2820 4350/2841/2820
f 4355/2844/2305 4350/2841/2305 4352/2842/2305
f 4357/2845/2306 4353/2843/2306 4356/2846/2306
f 4358/2847/2307 4353/2843/2307 4355/2844/2307
f 4360/2848/2308 4356/2846/2308 4359/2849/2308
f 4361/2850/2309 4356/2846/2309 4358/2847/2309
f 4362/2851/2310 4360/2848/2310 4359/2849/2310
f 4362/2851/2311 4361/2850/2311 4364/2852/2311
f 4365/2853/2312 4363/2854/2312 4362/2855/2312
f 4365/2853/2313 4364/2856/2313 4367/2857/2313
f 4368/2858/2314 4366/2859/2314 4365/2853/2314
f 4368/2858/2315 4367/2857/2315 4370/2860/2315
f 4371/2861/2316 4369/2862/2316 4368/2858/2316
f 4371/2861/2317 4370/2860/2317 4373/2863/2317
f 4375/2864/2821 4371/2861/2821 4374/2865/2821
f 4374/2865/2318 4373/2863/2318 4376/2866/2318
f 4378/2867/2319 4374/2865/2319 4377/2868/2319
f 4379/2869/2320 4374/2865/2321 4376/2866/2320
f 4380/2870/2322 4378/2867/2822 4377/2868/2322
f 4380/2870/2323 4379/2869/2323 4382/2871/2323
f 4384/2872/2823 4380/2870/2823 4383/2873/2823
f 4383/2873/2325 4382/2871/2325 4385/2874/2325
f 4386/2875/2824 4384/2872/2824 4383/2873/2824
f 4388/2876/2327 4383/2873/2327 4385/2874/2327
f 4390/2877/2328 4386/2875/2825 4389/2878/2825
f 4389/2878/2329 4388/2876/2329 4391/2879/2329
f 4392/2880/2826 4390/2877/2827 4389/2878/2826
f 4394/2881/2331 4389/2878/2331 4391/2879/2331
f 4396/2882/2828 4392/2880/2332 4395/2883/2332
f 4395/2883/2333 4394/2881/2333 4397/2884/2333
f 4398/2885/2335 4396/2882/2335 4395/2883/2335
f 4398/2885/2829 4397/2884/2829 4400/2886/2829
f 4401/2887/2224 4399/2888/2224 4398/2885/2337
f 4403/2889/2338 4398/2885/2338 4400/2886/2338
f 4405/2890/2339 4401/2887/2339 4404/2891/2339
f 4406/2892/2340 4401/2887/2340 4403/2889/2340
f 4408/2893/2341 4404/2891/2341 4407/2894/2341
f 4409/2895/2342 4404/2891/2342 4406/2892/2342
f 4410/2896/2343 4408/2893/2343 4407/2894/2343
f 4412/2897/2344 4407/2894/2344 4409/2895/2344
f 4414/2898/2345 4410/2896/2345 4413/2899/2345
f 4413/2899/2346 4412/2897/2346 4415/2900/2346
f 4416/2901/2347 4414/2898/2347 4413/2899/2347
f 4418/2902/2348 4413/2899/2348 4415/2900/2348
f 4419/2903/2349 4417/2904/2349 4416/2901/2349
f 4419/2903/2350 4418/2902/2350 4421/2905/2350
f 4423/2906/2351 4419/2903/2351 4422/2907/2351
f 4422/2907/2352 4421/2905/2352 4424/2908/2352
f 4425/2909/2353 4423/2906/2353 4422/2907/2353
f 4427/2910/2355 4422/2907/2355 4424/2908/2355
f 4428/2911/2356 4426/2912/2830 4425/2909/2356
f 4430/2913/2357 4425/2909/2357 4427/2910/2357
f 4786/2828/2831 4428/2911/2831 4338/2829/2831
f 4338/2829/2360 4430/2913/2360 4432/2831/2360
f 4433/2914/2361 4430/2913/2361 4431/2915/2361
f 4430/2913/2362 4493/2916/2362 4431/2915/2362
f 4435/2917/2363 4432/2831/2363 4433/2914/2363
f 4436/2918/2364 4433/2914/2364 4434/2919/2364
f 4434/2919/2365 4431/2915/2365 4496/2920/2365
f 4343/2834/2366 4435/2917/2366 4437/2921/2366
f 4438/2922/2367 4435/2917/2367 4436/2918/2367
f 4439/2923/2368 4343/2834/2368 4437/2921/2368
f 4440/2924/2369 4437/2921/2369 4438/2922/2369
f 4441/2925/2370 4346/2837/2370 4439/2923/2370
f 4441/2925/2371 4440/2924/2371 4442/2926/2371
f 4352/2842/2372 4441/2925/2372 4443/2927/2372
f 4444/2928/2373 4441/2925/2373 4442/2926/2373
f 4355/2844/2374 4443/2927/2374 4445/2929/2374
f 4446/2930/2832 4443/2927/2832 4444/2928/2832
f 4447/2931/2376 4355/2844/2376 4445/2929/2376
f 4448/2932/2377 4445/2929/2377 4446/2930/2377
f 4361/2850/2378 4447/2931/2378 4449/2933/2378
f 4449/2933/2379 4448/2932/2379 4450/2934/2379
f 4451/2935/2380 4361/2850/2380 4449/2933/2380
f 4451/2935/2381 4450/2934/2381 4452/2936/2381
f 4453/2937/2382 4364/2856/2382 4451/2938/2382
f 4453/2937/2247 4452/2939/2247 4454/2940/2247
f 4455/2941/2244 4367/2857/2244 4453/2937/2244
f 4456/2942/2383 4453/2937/2383 4454/2940/2383
f 4373/2863/2384 4455/2941/2384 4457/2943/2384
f 4457/2943/2385 4456/2942/2385 4458/2944/2385
f 4459/2945/2386 4373/2863/2386 4457/2943/2386
f 4459/2945/2387 4458/2944/2387 4460/2946/2387
f 4461/2947/2388 4376/2866/2388 4459/2945/2388
f 4461/2947/2389 4460/2946/2389 4462/2948/2389
f 4382/2871/2390 4461/2947/2390 4463/2949/2390
f 4464/2950/2392 4461/2947/2392 4462/2948/2392
f 4385/2874/2393 4463/2949/2393 4465/2951/2393
f 4465/2951/2394 4464/2950/2394 4466/2952/2394
f 4467/2953/2396 4385/2874/2396 4465/2951/2396
f 4468/2954/2397 4465/2951/2397 4466/2952/2397
f 4391/2879/2399 4467/2953/2399 4469/2955/2399
f 4469/2955/2400 4468/2954/2400 4470/2956/2400
f 4471/2957/2401 4391/2879/2401 4469/2955/2401
f 4471/2957/2402 4470/2956/2402 4472/2958/2402
f 4473/2959/2403 4394/2881/2403 4471/2957/2403
f 4473/2959/2404 4472/2958/2404 4474/2960/2404
f 4475/2961/2405 4397/2884/2405 4473/2959/2405
f 4476/2962/2406 4473/2959/2406 4474/2960/2406
f 4403/2889/2407 4475/2961/2407 4477/2963/2407
f 4477/2963/2408 4476/2962/2408 4478/2964/2408
f 4479/2965/2409 4403/2889/2409 4477/2963/2409
f 4479/2965/2410 4478/2964/2410 4480/2966/2410
f 4409/2895/2229 4479/2965/2229 4481/2967/2229
f 4481/2967/2411 4480/2966/2411 4482/2968/2411
f 4412/2897/2414 4481/2967/2414 4483/2969/2414
f 4483/2969/2232 4482/2968/2232 4484/2970/2232
f 4485/2971/2833 4412/2897/2833 4483/2969/2833
f 4486/2972/2416 4483/2969/2416 4484/2970/2416
f 4487/2973/2417 4415/2900/2417 4485/2971/2417
f 4488/2974/2418 4485/2971/2418 4486/2972/2418
f 4489/2975/2419 4418/2902/2419 4487/2973/2419
f 4489/2975/2420 4488/2974/2420 4490/2976/2420
f 4491/2977/2421 4421/2905/2421 4489/2975/2421
f 4491/2977/2422 4490/2976/2422 4492/2978/2422
f 4493/2916/2423 4424/2908/2423 4491/2977/2423
f 4493/2916/2424 4492/2978/2424 4494/2979/2424
f 4431/2915/2425 4494/2979/2425 4496/2920/2425
f 4497/2980/2834 4494/2979/2834 4495/2981/2834
f 4495/2981/2427 4492/2978/2427 4557/2982/2427
f 4499/2983/2428 4496/2920/2428 4497/2980/2428
f 4499/2983/2429 4498/2984/2429 4500/2985/2429
f 4497/2980/2835 4560/2986/2835 4498/2984/2430
f 4436/2918/2431 4499/2983/2431 4501/2987/2431
f 4501/2987/2432 4500/2985/2432 4502/2988/2432
f 4504/2989/2434 4501/2987/2434 4502/2988/2434
f 4438/2922/2436 4501/2987/2436 4503/2990/2436
f 4440/2924/2437 4503/2990/2437 4505/2991/2437
f 4506/2992/2438 4503/2990/2438 4504/2989/2438
f 4507/2993/2836 4440/2924/2836 4505/2991/2836
f 4507/2993/2837 4506/2992/2837 4508/2994/2837
f 4509/2995/2441 4442/2926/2441 4507/2993/2441
f 4509/2995/2442 4508/2994/2442 4510/2996/2838
f 4511/2997/2839 4444/2928/2839 4509/2995/2839
f 4512/2998/2840 4509/2995/2444 4510/2996/2444
f 4513/2999/2445 4446/2930/2445 4511/2997/2445
f 4513/2999/2446 4512/2998/2446 4514/3000/2446
f 4515/3001/2447 4448/2932/2447 4513/2999/2447
f 4515/3001/2841 4514/3000/2841 4516/3002/2841
f 4517/3003/2449 4450/2934/2449 4515/3001/2449
f 4517/3003/2251 4516/3002/2251 4518/3004/2251
f 4519/3005/2450 4452/2939/2450 4517/3006/2450
f 4520/3007/2451 4517/3006/2451 4518/3008/2451
f 4456/2942/2452 4519/3005/2452 4521/3009/2452
f 4522/3010/2842 4519/3005/2842 4520/3007/2842
f 4523/3011/2454 4456/2942/2454 4521/3009/2454
f 4524/3012/2455 4521/3009/2455 4522/3010/2455
f 4525/3013/2456 4458/2944/2456 4523/3011/2456
f 4525/3013/2457 4524/3012/2457 4526/3014/2843
f 4462/2948/2458 4525/3013/2458 4527/3015/2458
f 4528/3016/2844 4525/3013/2844 4526/3014/2459
f 4529/3017/2460 4462/2948/2460 4527/3015/2845
f 4530/3018/2846 4527/3015/2846 4528/3016/2846
f 4531/3019/2462 4464/2950/2462 4529/3017/2462
f 4532/3020/626 4529/3017/626 4530/3018/626
f 4533/3021/2463 4466/2952/2463 4531/3019/2463
f 4533/3021/628 4532/3020/627 4534/3022/628
f 4470/2956/2465 4533/3021/2465 4535/3023/2465
f 4536/3024/2063 4533/3021/2063 4534/3022/623
f 4537/3025/2466 4470/2956/2466 4535/3023/2466
f 4537/3025/620 4536/3024/620 4538/3026/620
f 4474/2960/2467 4537/3025/2467 4539/3027/2847
f 4539/3027/2848 4538/3026/2848 4540/3028/2848
f 4541/3029/2469 4474/2960/2469 4539/3027/2469
f 4541/3029/2849 4540/3028/2849 4542/3030/2849
f 4543/3031/2471 4476/2962/2471 4541/3029/2471
f 4543/3031/2472 4542/3030/2472 4544/3032/2850
f 4545/3033/2473 4478/2964/2473 4543/3031/2473
f 4545/3033/2474 4544/3032/2474 4546/3034/2474
f 4547/3035/2475 4480/2966/2475 4545/3033/2475
f 4547/3035/2851 4546/3034/2851 4548/3036/2851
f 4549/3037/2477 4482/2968/2477 4547/3035/2477
f 4549/3037/2478 4548/3036/2478 4550/3038/2852
f 4486/2972/2479 4549/3037/2479 4551/3039/2479
f 4552/3040/2237 4549/3037/2237 4550/3038/2853
f 4488/2974/2480 4551/3039/2480 4553/3041/2480
f 4554/3042/2854 4551/3039/2854 4552/3040/2854
f 4490/2976/2482 4553/3041/2482 4555/3043/2482
f 4556/3044/2483 4553/3041/2483 4554/3042/2483
f 4492/2978/2484 4555/3043/2484 4557/2982/2484
f 4558/3045/2855 4555/3043/2855 4556/3044/2485
f 4560/2986/2486 4557/2982/2486 4558/3045/2486
f 4560/2986/2488 4559/3046/2488 4561/3047/2488
f 4558/3045/2856 4621/3048/2856 4559/3046/2856
f 4563/3049/2857 4560/2986/2857 4561/3047/2857
f 4563/3049/2858 4562/3050/2858 4564/3051/2858
f 4561/3047/2492 4624/3052/2492 4562/3050/2492
f 4565/3053/2493 4498/2984/2493 4563/3049/2493
f 4565/3053/2494 4564/3051/2494 4566/3054/2494
f 4567/3055/2495 4500/2985/2495 4565/3053/2859
f 4568/3056/2497 4565/3053/2497 4566/3054/2497
f 4504/2989/2498 4567/3055/2498 4569/3057/2860
f 4570/3058/2499 4567/3055/2499 4568/3056/2499
f 4506/2992/2500 4569/3057/2500 4571/3059/2500
f 4572/3060/2501 4569/3057/2501 4570/3058/2501
f 4573/3061/2861 4506/2992/2861 4571/3059/2861
f 4573/3061/2504 4572/3060/2504 4574/3062/2504
f 4575/3063/2505 4508/2994/2505 4573/3061/2505
f 4575/3063/2506 4574/3062/2506 4576/3064/2506
f 4512/2998/2862 4575/3063/2862 4577/3065/2507
f 4577/3065/2863 4576/3064/2863 4578/3066/2863
f 4579/3067/2511 4512/2998/2511 4577/3065/2511
f 4579/3067/2512 4578/3066/2512 4580/3068/2512
f 4581/3069/2864 4514/3000/2864 4579/3067/2864
f 4581/3069/2255 4580/3068/2255 4582/3070/2255
f 4583/3071/2514 4516/3002/2514 4581/3069/2514
f 4583/3071/2515 4582/3070/2515 4584/3072/2515
f 4520/3007/2516 4583/3073/2516 4585/3074/2516
f 4585/3074/2517 4584/3075/2517 4586/3076/2517
f 4522/3010/2865 4585/3074/2865 4587/3077/2865
f 4588/3078/2520 4585/3074/2520 4586/3076/2520
f 4524/3012/2521 4587/3077/2521 4589/3079/2521
f 4589/3079/2522 4588/3078/2522 4590/3080/2522
f 4591/3081/2866 4524/3012/2866 4589/3079/2523
f 4591/3081/2524 4590/3080/2524 4592/3082/2524
f 4528/3016/2526 4591/3081/2526 4593/3083/2526
f 4594/3084/603 4591/3081/603 4592/3082/2867
f 4530/3018/2868 4593/3083/2868 4595/3085/600
f 4595/3085/601 4594/3084/601 4596/3086/601
f 4532/3020/2528 4595/3085/2528 4597/3087/2528
f 4597/3087/2529 4596/3086/2529 4598/3088/2529
f 4534/3022/2869 4597/3087/2531 4599/3089/2869
f 4599/3089/2532 4598/3088/2532 4600/3090/2532
f 4536/3024/2870 4599/3089/2870 4601/3091/2870
f 4602/3092/2534 4599/3089/2534 4600/3090/2534
f 4603/3093/2535 4536/3024/2535 4601/3091/2535
f 4603/3093/2537 4602/3092/2537 4604/3094/2537
f 4605/3095/2871 4538/3026/2871 4603/3093/2871
f 4606/3096/2872 4603/3093/2872 4604/3094/616
f 4607/3097/2873 4540/3028/2873 4605/3095/2538
f 4607/3097/618 4606/3096/618 4608/3098/618
f 4609/3099/2539 4542/3030/2539 4607/3097/2539
f 4609/3099/2540 4608/3098/2540 4610/3100/2540
f 4611/3101/2541 4544/3032/2541 4609/3099/2541
f 4611/3101/2542 4610/3100/2542 4612/3102/2542
f 4613/3103/2543 4546/3034/2543 4611/3101/2543
f 4613/3103/2544 4612/3102/2544 4614/3104/2544
f 4615/3105/2545 4548/3036/2545 4613/3103/2545
f 4615/3105/2546 4614/3104/2546 4616/3106/2546
f 4552/3040/2547 4615/3105/2547 4617/3107/2547
f 4618/3108/2549 4615/3105/2549 4616/3106/2549
f 4554/3042/2214 4617/3107/2214 4619/3109/2551
f 4620/3110/2217 4617/3107/2217 4618/3108/2217
f 4556/3044/2552 4619/3109/2552 4621/3048/2552
f 4622/3111/2553 4619/3109/2553 4620/3110/2553
f 4624/3052/2554 4621/3048/2554 4622/3111/2554
f 4625/3112/2555 4622/3111/2555 4623/3113/2874
f 4623/3113/2556 4620/3110/2556 4685/3114/2556
f 4627/3115/2557 4624/3052/2557 4625/3112/2557
f 4627/3115/2558 4626/3116/2558 4628/3117/2558
f 4625/3112/2560 4688/3118/2560 4626/3116/2560
f 4629/3119/2561 4562/3050/2561 4627/3115/2561
f 4630/3120/2562 4627/3115/2562 4628/3117/2562
f 4566/3054/2563 4629/3119/2563 4631/3121/2563
f 4631/3121/2564 4630/3120/2564 4632/3122/2564
f 4568/3056/2565 4631/3121/2565 4633/3123/2565
f 4633/3123/2566 4632/3122/2566 4634/3124/2566
f 4570/3058/2567 4633/3123/2567 4635/3125/2567
f 4636/3126/2568 4633/3123/2568 4634/3124/2568
f 4572/3060/2569 4635/3125/2569 4637/3127/2569
f 4637/3127/2570 4636/3126/2570 4638/3128/2570
f 4639/3129/2571 4572/3060/2571 4637/3127/2571
f 4639/3129/2572 4638/3128/2572 4640/3130/2572
f 4576/3064/2573 4639/3129/2573 4641/3131/2573
f 4642/3132/2574 4639/3129/2574 4640/3130/2574
f 4578/3066/2875 4641/3131/2875 4643/3133/2876
f 4644/3134/2577 4641/3131/2577 4642/3132/2577
f 4580/3068/2578 4643/3133/2578 4645/3135/2578
f 4645/3135/2257 4644/3134/2257 4646/3136/2257
f 4647/3137/2579 4580/3068/2579 4645/3135/2579
f 4648/3138/2580 4645/3135/2580 4646/3136/2580
f 4649/3139/2581 4582/3070/2581 4647/3137/2581
f 4649/3139/2582 4648/3138/2582 4650/3140/2582
f 4651/3141/2584 4584/3075/2584 4649/3142/2584
f 4651/3141/2585 4650/3143/2585 4652/3144/2877
f 4588/3078/2587 4651/3141/2587 4653/3145/2587
f 4653/3145/2588 4652/3144/2588 4654/3146/2588
f 4655/3147/2589 4588/3078/2589 4653/3145/2589
f 4656/3148/2590 4653/3145/2590 4654/3146/2590
f 4657/3149/2591 4590/3080/2591 4655/3147/2878
f 4657/3149/2592 4656/3148/2592 4658/3150/2592
f 4659/3151/612 4592/3082/612 4657/3149/612
f 4659/3151/610 4658/3150/610 4660/3152/2879
f 4596/3086/2593 4659/3151/2593 4661/3153/2593
f 4662/3154/2594 4659/3151/2594 4660/3152/2594
f 4663/3155/2595 4596/3086/2595 4661/3153/2595
f 4664/3156/2596 4661/3153/2596 4662/3154/2596
f 4600/3090/2597 4663/3155/2597 4665/3157/2597
f 4665/3157/2880 4664/3156/2880 4666/3158/2880
f 4667/3159/2599 4600/3090/2599 4665/3157/2599
f 4668/3160/2881 4665/3157/2881 4666/3158/2881
f 4669/3161/2601 4602/3092/2601 4667/3159/2601
f 4669/3161/2602 4668/3160/2602 4670/3162/2602
f 4671/3163/2603 4604/3094/2603 4669/3161/2603
f 4671/3163/2604 4670/3162/2604 4672/3164/2604
f 4608/3098/615 4671/3163/615 4673/3165/615
f 4673/3165/614 4672/3164/614 4674/3166/614
f 4675/3167/2606 4608/3098/2606 4673/3165/2606
f 4676/3168/2607 4673/3165/2607 4674/3166/2607
f 4677/3169/2608 4610/3100/2608 4675/3167/2608
f 4677/3169/2609 4676/3168/2609 4678/3170/2609
f 4679/3171/2610 4612/3102/2610 4677/3169/2610
f 4680/3172/2611 4677/3169/2611 4678/3170/2611
f 4681/3173/2612 4614/3104/2612 4679/3171/2612
f 4682/3174/2882 4679/3171/2882 4680/3172/2883
f 4618/3108/2615 4681/3173/2615 4683/3175/2615
f 4683/3175/2884 4682/3174/2884 4684/3176/2885
f 4620/3110/2618 4683/3175/2618 4685/3114/2618
f 4685/3114/2619 4684/3176/2619 4686/3177/2619
f 4623/3113/2274 4686/3177/2274 4688/3118/2274
f 4689/3178/2620 4686/3177/2620 4687/3179/2620
f 4686/3177/2621 4749/3180/2621 4687/3179/2621
f 4691/3181/2622 4688/3118/2622 4689/3178/2622
f 4692/3182/2886 4689/3178/2886 4690/3183/2886
f 4689/3178/2624 4752/3184/2624 4690/3183/2624
f 4628/3117/2280 4691/3181/2280 4693/3185/2280
f 4693/3185/2625 4692/3182/2625 4694/3186/2625
f 4630/3120/2626 4693/3185/2626 4695/3187/2626
f 4695/3187/2627 4694/3186/2887 4696/3188/2887
f 4697/3189/2628 4630/3120/2628 4695/3187/2628
f 4698/3190/2888 4695/3187/2888 4696/3188/2888
f 4634/3124/2630 4697/3189/2630 4699/3191/2630
f 4699/3191/2631 4698/3190/2631 4700/3192/2631
f 4701/3193/2632 4634/3124/2632 4699/3191/2889
f 4702/3194/2633 4699/3191/2633 4700/3192/2633
f 4638/3128/2634 4701/3193/2634 4703/3195/2634
f 4704/3196/2890 4701/3193/2890 4702/3194/2891
f 4640/3130/2636 4703/3195/2636 4705/3197/2636
f 4705/3197/2637 4704/3196/2892 4706/3198/2892
f 4707/3199/2261 4640/3130/2638 4705/3197/2261
f 4708/3200/2639 4705/3197/2639 4706/3198/2639
f 4644/3134/2640 4707/3199/2640 4709/3201/2640
f 4709/3201/2893 4708/3200/2893 4710/3202/2893
f 4646/3136/2642 4709/3201/2642 4711/3203/2642
f 4712/3204/2643 4709/3201/2643 4710/3202/2643
f 4648/3138/2644 4711/3203/2644 4713/3205/2644
f 4714/3206/2645 4711/3203/2645 4712/3204/2894
f 4715/3207/2646 4648/3138/2646 4713/3205/2646
f 4715/3207/2647 4714/3206/2647 4716/3208/2647
f 4717/3209/2648 4650/3143/2648 4715/3210/2648
f 4717/3209/2649 4716/3211/2649 4718/3212/2649
f 4719/3213/2650 4652/3144/2650 4717/3209/2650
f 4719/3213/2651 4718/3212/2651 4720/3214/2895
f 4721/3215/2652 4654/3146/2652 4719/3213/2652
f 4721/3215/2653 4720/3214/2653 4722/3216/2653
f 4723/3217/2654 4656/3148/2654 4721/3215/2654
f 4724/3218/2896 4721/3215/2896 4722/3216/2655
f 4660/3152/2656 4723/3217/2897 4725/3219/2897
f 4726/3220/2657 4723/3217/2657 4724/3218/2657
f 4727/3221/609 4660/3152/609 4725/3219/609
f 4727/3221/2658 4726/3220/2898 4728/3222/2898
f 4729/3223/2659 4662/3154/2659 4727/3221/2659
f 4730/3224/574 4727/3221/574 4728/3222/574
f 4666/3158/2661 4729/3223/2661 4731/3225/2661
f 4731/3225/572 4730/3224/572 4732/3226/572
f 4733/3227/2662 4666/3158/2662 4731/3225/2662
f 4734/3228/571 4731/3225/571 4732/3226/571
f 4670/3162/2663 4733/3227/2663 4735/3229/2663
f 4735/3229/2899 4734/3228/2899 4736/3230/2899
f 4737/3231/613 4670/3162/613 4735/3229/613
f 4738/3232/2900 4735/3229/2900 4736/3230/2900
f 4739/3233/2665 4672/3164/2665 4737/3231/2665
f 4739/3233/2667 4738/3232/2667 4740/3234/2667
f 4676/3168/2668 4739/3233/2668 4741/3235/2668
f 4741/3235/2901 4740/3234/2901 4742/3236/2901
f 4678/3170/2670 4741/3235/2670 4743/3237/2670
f 4744/3238/2671 4741/3235/2671 4742/3236/2671
f 4680/3172/2672 4743/3237/2672 4745/3239/2672
f 4746/3240/2673 4743/3237/2673 4744/3238/2673
f 4682/3174/2674 4745/3239/2674 4747/3241/2674
f 4747/3241/2675 4746/3240/2675 4748/3242/2675
f 4749/3180/2676 4682/3174/2676 4747/3241/2676
f 4750/3243/2677 4747/3241/2677 4748/3242/2677
f 4687/3179/2678 4750/3243/2678 4752/3184/2678
f 4752/3184/2902 4751/3244/2902 4753/3245/2902
f 4751/3244/2680 4748/3242/2680 4762/3246/2680
f 4690/3183/2681 4753/3245/2681 4754/3247/2681
f 4755/3248/2682 4754/3247/2682 4753/3245/2682
f 4755/3249/2903 4753/3245/2903 4751/3244/2903
f 4755/3250/2684 4773/3251/2684 4756/3252/2684
f 4755/3253/2685 4756/3252/2685 4774/3254/2685
f 4755/3255/2686 4757/3256/2686 4758/3257/2686
f 4755/3258/2687 4784/3259/2687 4757/3256/2687
f 4755/3260/2688 4758/3257/2688 4759/3261/2688
f 4755/3262/2689 4759/3261/2689 4760/3263/2689
f 4755/3264/2690 4760/3263/2690 4761/3265/2690
f 4755/3266/2691 4761/3265/2691 4754/3247/2691
f 4755/3267/2692 4751/3244/2692 4762/3246/2692
f 4755/3268/2693 4762/3246/2693 4763/3269/2693
f 4755/3270/2694 4763/3269/2694 4764/3271/2694
f 4755/3272/2695 4764/3271/2695 4765/3273/2695
f 4755/3274/2696 4765/3273/2696 4766/3275/2696
f 4755/3276/2697 4766/3275/2697 4767/3277/2697
f 4755/3278/2698 4767/3277/2698 4768/3279/2698
f 4755/3280/2904 4768/3279/2904 4769/3281/2904
f 4755/3282/2700 4769/3281/2700 4770/3283/2700
f 4755/3284/2701 4770/3283/2701 4771/3285/2701
f 4755/3286/2905 4771/3285/2905 4772/3287/2905
f 4755/3288/2703 4772/3287/2703 4773/3251/2703
f 4755/3289/2704 4774/3254/2704 4775/3290/2704
f 4755/3291/2906 4775/3290/2906 4776/3292/2906
f 4755/3293/2706 4776/3292/2706 4777/3294/2706
f 4755/3295/2707 4777/3296/2707 4778/3297/2707
f 4755/3298/2907 4778/3297/2907 4779/3299/2907
f 4755/3300/2709 4779/3299/2709 4780/3301/2709
f 4755/3302/2710 4780/3301/2710 4781/3303/2710
f 4755/3304/2711 4781/3303/2711 4782/3305/2711
f 4755/3306/2712 4782/3305/2712 4783/3307/2712
f 4755/3308/2713 4783/3307/2713 4784/3259/2713
f 4704/3196/2908 4784/3259/2908 4783/3307/2714
f 4784/3259/2716 4700/3192/2716 4757/3256/2909
f 4782/3305/2717 4704/3196/2717 4783/3307/2717
f 4781/3303/2910 4706/3198/2910 4782/3305/2910
f 4710/3202/2719 4781/3303/2719 4780/3301/2719
f 4712/3204/2720 4780/3301/2720 4779/3299/2720
f 4778/3297/2911 4712/3204/2911 4779/3299/2911
f 4716/3208/2722 4778/3297/2722 4777/3296/2722
f 4776/3292/2723 4716/3211/2723 4777/3294/2723
f 4720/3214/2912 4776/3292/2912 4775/3290/2912
f 4774/3254/2725 4720/3214/2725 4775/3290/2725
f 4756/3252/2727 4722/3216/2727 4774/3254/2727
f 4728/3222/2728 4773/3251/2728 4772/3287/2728
f 4726/3220/2913 4756/3252/2913 4773/3251/2913
f 4771/3285/2731 4728/3222/2914 4772/3287/2731
f 4732/3226/2732 4771/3285/2732 4770/3283/2732
f 4769/3281/2734 4732/3226/2733 4770/3283/2734
f 4736/3230/2915 4769/3281/2915 4768/3279/2915
f 4767/3277/2737 4736/3230/2737 4768/3279/2737
f 4740/3234/2916 4767/3277/2916 4766/3275/2916
f 4742/3236/2739 4766/3275/2739 4765/3273/2739
f 4764/3271/2741 4742/3236/2741 4765/3273/2741
f 4763/3269/2917 4744/3238/2917 4764/3271/2917
f 4748/3242/2743 4763/3269/2743 4762/3246/2743
f 4760/3263/2744 4692/3182/2918 4761/3265/2744
f 4761/3265/2745 4690/3183/2745 4754/3247/2745
f 4696/3188/2746 4760/3263/2746 4759/3261/2746
f 4758/3257/2919 4696/3188/2919 4759/3261/2919
f 4700/3192/2748 4758/3257/2748 4757/3256/2748
f 4787/3309/2920 4429/3310/2749 4786/2828/2749
f 4429/3310/2750 4818/3311/2750 4426/2912/2750
f 4339/2833/2751 4787/3309/2751 4786/2828/2751
f 4787/3309/2921 4788/3312/2921 4785/3313/2921
f 4789/3314/2753 4788/3315/2753 4787/3309/2753
f 4790/3316/2754 4339/2833/2754 4342/3317/2754
f 4790/3316/2755 4788/3318/2755 4789/3314/2755
f 4345/2835/2922 4790/3316/2756 4342/3317/2922
f 4791/3319/2923 4788/3320/2923 4790/3316/2923
f 4792/3321/2758 4345/2835/2758 4348/3322/2758
f 4792/3321/2924 4788/3323/2924 4791/3319/2924
f 4793/3324/2760 4348/3322/2760 4351/2840/2760
f 4793/3324/2761 4788/3325/2761 4792/3321/2761
f 4354/3326/2762 4793/3324/2762 4351/2840/2762
f 4794/3327/2763 4788/3328/2763 4793/3324/2763
f 4357/2845/2764 4794/3327/2764 4354/3326/2764
f 4795/3329/2766 4788/3330/2766 4794/3327/2766
f 4796/3331/2925 4357/2845/2925 4360/2848/2925
f 4796/3331/2926 4788/3332/2926 4795/3329/2926
f 4363/3333/2769 4796/3331/2769 4360/2848/2769
f 4797/3334/2770 4788/3335/2770 4796/3331/2770
f 4798/3336/2771 4363/2854/2771 4366/2859/2771
f 4798/3336/2772 4788/3337/2772 4797/3338/2772
f 4369/2862/2773 4798/3336/2773 4366/2859/2927
f 4799/3339/2774 4788/3340/2774 4798/3336/2774
f 4800/3341/2775 4369/2862/2775 4372/3342/2775
f 4800/3341/2777 4788/3343/2777 4799/3339/2777
f 4801/3344/2778 4372/3342/2778 4375/2864/2778
f 4801/3344/2779 4788/3345/2779 4800/3341/2779
f 4378/2867/2780 4801/3344/2928 4375/2864/2780
f 4802/3346/2781 4788/3347/2781 4801/3344/2781
f 4381/3348/2782 4802/3346/2782 4378/2867/2782
f 4803/3349/2929 4788/3350/2929 4802/3346/2929
f 4804/3351/2785 4381/3348/2785 4384/2872/2785
f 4804/3351/2930 4788/3352/2930 4803/3349/2930
f 4387/3353/2787 4804/3351/2787 4384/2872/2931
f 4805/3354/2788 4788/3355/2788 4804/3351/2788
f 4806/3356/2789 4387/3353/2789 4390/2877/2789
f 4806/3356/2790 4788/3357/2790 4805/3354/2790
f 4393/3358/2791 4806/3356/2791 4390/2877/2791
f 4807/3359/2932 4788/3360/2932 4806/3356/2932
f 4808/3361/2222 4393/3358/2222 4396/2882/2222
f 4808/3361/2933 4788/3362/2933 4807/3359/2933
f 4399/2888/2934 4808/3361/2934 4396/2882/2934
f 4809/3363/2796 4788/3364/2796 4808/3361/2796
f 4402/3365/2797 4809/3363/2797 4399/2888/2797
f 4810/3366/2935 4788/3367/2935 4809/3363/2935
f 4811/3368/2800 4402/3365/2800 4405/2890/2800
f 4811/3368/2801 4788/3369/2801 4810/3366/2801
f 4812/3370/2802 4405/2890/2802 4408/2893/2802
f 4812/3370/2803 4788/3371/2803 4811/3368/2803
f 4411/3372/2804 4812/3370/2804 4408/2893/2804
f 4813/3373/2805 4788/3374/2805 4812/3370/2805
f 4814/3375/2806 4411/3372/2806 4414/2898/2806
f 4814/3375/2807 4788/3376/2807 4813/3373/2807
f 4417/2904/2808 4814/3375/2808 4414/2898/2936
f 4815/3377/2809 4788/3378/2809 4814/3375/2809
f 4816/3379/2810 4788/3380/2810 4815/3377/2810
f 4420/3381/2811 4815/3377/2811 4417/2904/2811
f 4817/3382/2812 4420/3381/2812 4423/2906/2812
f 4817/3382/2813 4788/3383/2813 4816/3379/2813
f 4818/3311/2814 4423/2906/2814 4426/2912/2937
f 4818/3311/2938 4788/3384/2938 4817/3382/2938
f 4785/3313/2939 4788/3385/2939 4818/3311/2939
f 1769/2268/2294 2216/2356/2294 1768/2269/2294
f 1767/2270/2295 1768/2269/2295 1862/2271/2295
f 1771/2273/2296 1772/2757/2296 1769/2268/2296
f 1773/2274/2297 1771/2273/2297 1767/2270/2297
f 1775/2275/2298 1772/2757/2298 1771/2273/2298
f 1774/2276/2299 1771/2273/2299 1773/2274/2299
f 1777/2278/2300 1778/2762/2300 1775/2275/2300
f 1777/2278/2301 1774/2276/2940 1776/2277/2301
f 1781/2280/2302 1778/2762/2302 1777/2278/2302
f 1782/2282/2303 1780/2281/2303 1777/2278/2303
f 1784/2283/2304 1781/2280/2304 1780/2281/2304
f 1783/2284/2305 1780/2281/2305 1782/2282/2305
f 1787/2286/2306 1784/2283/2306 1783/2284/2306
f 1786/2287/2307 1783/2284/2307 1785/2285/2307
f 1789/2289/2308 1790/2292/2308 1787/2286/2308
f 1791/2290/2309 1789/2289/2309 1786/2287/2309
f 1792/2291/2310 1793/2774/2310 1790/2292/2310
f 1794/2293/2311 1792/2291/2311 1789/2289/2311
f 1795/2294/2312 1796/2300/2312 1793/2295/2312
f 1795/2294/2313 1792/2296/2313 1794/2297/2313
f 1798/2299/2314 1799/2303/2314 1796/2300/2314
f 1798/2299/2315 1795/2294/2315 1797/2298/2315
f 1801/2302/2316 1802/2781/2316 1799/2303/2316
f 1801/2302/2317 1798/2299/2317 1800/2301/2317
f 1805/2305/2239 1802/2781/2239 1801/2302/2239
f 1804/2306/2318 1801/2302/2318 1803/2304/2318
f 1807/2308/2319 1808/2311/2319 1805/2305/2319
f 1807/2308/2320 1804/2306/2320 1806/2307/2320
f 1810/2310/2322 1811/2789/2322 1808/2311/2322
f 1812/2312/2323 1810/2310/2941 1807/2308/2323
f 1814/2313/2324 1811/2789/2324 1810/2310/2324
f 1813/2314/2325 1810/2310/2325 1812/2312/2325
f 1816/2316/2326 1817/2793/2326 1814/2313/2326
f 1818/2317/2327 1816/2316/2327 1813/2314/2327
f 1820/2318/2328 1817/2793/2328 1816/2316/2328
f 1819/2319/2329 1816/2316/2329 1818/2317/2329
f 1822/2321/2330 1823/2798/2330 1820/2318/2330
f 1824/2322/2331 1822/2321/2331 1819/2319/2331
f 1826/2323/2332 1823/2798/2332 1822/2321/2332
f 1825/2324/2333 1822/2321/2333 1824/2322/2333
f 1828/2326/2335 1829/2329/2335 1826/2323/2335
f 1830/2327/2336 1828/2326/2336 1825/2324/2336
f 1831/2328/2224 1832/2332/2224 1829/2329/2224
f 1831/2328/2338 1828/2326/2338 1830/2327/2338
f 1834/2331/2339 1835/2808/2339 1832/2332/2339
f 1836/2333/2340 1834/2331/2340 1831/2328/2340
f 1838/2334/2341 1835/2808/2341 1834/2331/2341
f 1837/2335/2342 1834/2331/2342 1836/2333/2342
f 1840/2337/2343 1841/2812/2343 1838/2334/2343
f 1840/2337/2344 1837/2335/2344 1839/2336/2344
f 1844/2339/2345 1841/2812/2345 1840/2337/2345
f 1843/2340/2346 1840/2337/2346 1842/2338/2346
f 1847/2342/2347 1844/2339/2347 1843/2340/2347
f 1846/2343/2348 1843/2340/2348 1845/2341/2348
f 1849/2345/2349 1850/2348/2349 1847/2342/2349
f 1851/2346/2350 1849/2345/2350 1846/2343/2350
f 1852/2347/2351 1853/2822/2351 1850/2348/2351
f 1854/2349/2352 1852/2347/2352 1849/2345/2352
f 1856/2350/2353 1853/2822/2353 1852/2347/2353
f 1855/2351/2354 1852/2347/2354 1854/2349/2355
f 1859/2353/2356 1856/2350/2356 1855/2351/2356
f 1858/2354/2357 1855/2351/2357 1857/2352/2358
f 2216/2356/2359 1859/2353/2359 1858/2354/2359
f 1862/2271/2360 1768/2269/2360 1858/2354/2360
f 1863/2357/2361 1862/2271/2361 1860/2355/2361
f 1860/2355/2362 1857/2352/2362 1923/2359/2362
f 1770/2272/2363 1862/2271/2363 1863/2357/2363
f 1866/2361/2364 1865/2360/2364 1863/2357/2364
f 1863/2357/2365 1861/2358/2365 1926/2363/2365
f 1867/2364/2366 1773/2274/2366 1770/2272/2366
f 1867/2364/2367 1865/2360/2367 1866/2361/2367
f 1776/2277/2368 1773/2274/2368 1867/2364/2368
f 1870/2367/2369 1869/2366/2369 1867/2364/2369
f 1871/2368/2370 1779/2279/2370 1776/2277/2370
f 1871/2368/2371 1869/2366/2371 1870/2367/2371
f 1873/2370/2372 1782/2282/2942 1779/2279/2372
f 1873/2370/2373 1871/2368/2373 1872/2369/2373
f 1875/2372/2374 1785/2285/2374 1782/2282/2374
f 1875/2372/2375 1873/2370/2832 1874/2371/2375
f 1877/2374/2376 1788/2288/2376 1785/2285/2376
f 1878/2375/2377 1877/2374/2377 1875/2372/2377
f 1791/2290/2378 1788/2288/2378 1877/2374/2378
f 1880/2377/2379 1879/2376/2379 1877/2374/2379
f 1794/2293/2380 1791/2290/2943 1879/2376/2380
f 1881/2378/2381 1879/2376/2381 1880/2377/2381
f 1883/2380/2382 1797/2298/2944 1794/2297/2382
f 1884/2382/2247 1883/2380/2247 1881/2381/2247
f 1800/2301/2244 1797/2298/2244 1883/2380/2244
f 1885/2384/2383 1883/2380/2383 1884/2382/2383
f 1803/2304/2384 1800/2301/2384 1885/2384/2384
f 1888/2387/2385 1887/2386/2385 1885/2384/2385
f 1889/2388/2386 1806/2307/2386 1803/2304/2386
f 1889/2388/2387 1887/2386/2387 1888/2387/2387
f 1891/2390/2388 1809/2309/2388 1806/2307/2388
f 1891/2390/2389 1889/2388/2389 1890/2389/2389
f 1893/2392/2390 1812/2312/2390 1809/2309/2390
f 1893/2392/2392 1891/2390/2392 1892/2391/2392
f 1815/2315/2393 1812/2312/2393 1893/2392/2393
f 1895/2394/2394 1893/2392/2394 1894/2393/2394
f 1897/2396/2395 1818/2317/2395 1815/2315/2395
f 1898/2397/2397 1897/2396/2397 1895/2394/2397
f 1821/2320/2398 1818/2317/2398 1897/2396/2398
f 1899/2398/2400 1897/2396/2400 1898/2397/2400
f 1901/2400/2401 1824/2322/2401 1821/2320/2401
f 1902/2401/2402 1901/2400/2402 1899/2398/2402
f 1827/2325/2403 1824/2322/2403 1901/2400/2403
f 1904/2403/2404 1903/2402/2404 1901/2400/2404
f 1830/2327/2405 1827/2325/2945 1903/2402/2405
f 1905/2404/2406 1903/2402/2406 1904/2403/2406
f 1907/2406/2407 1833/2330/2407 1830/2327/2407
f 1907/2406/2408 1905/2404/2408 1906/2405/2408
f 1909/2408/2409 1836/2333/2409 1833/2330/2409
f 1910/2409/2410 1909/2408/2410 1907/2406/2410
f 1911/2410/2229 1839/2336/2229 1836/2333/2229
f 1912/2411/2411 1911/2410/2411 1909/2408/2411
f 1842/2338/2412 1839/2336/2412 1911/2410/2413
f 1914/2413/2232 1913/2412/2232 1911/2410/2232
f 1845/2341/2415 1842/2338/2946 1913/2412/2415
f 1915/2414/2416 1913/2412/2416 1914/2413/2416
f 1917/2416/2417 1848/2344/2417 1845/2341/2417
f 1918/2417/2418 1917/2416/2418 1915/2414/2418
f 1851/2346/2419 1848/2344/2419 1917/2416/2419
f 1919/2418/2420 1917/2416/2420 1918/2417/2420
f 1854/2349/2421 1851/2346/2421 1919/2418/2421
f 1921/2420/2422 1919/2418/2422 1920/2419/2422
f 1857/2352/2423 1854/2349/2947 1921/2420/2423
f 1923/2359/2424 1921/2420/2424 1922/2421/2424
f 1861/2358/2425 1923/2359/2425 1924/2422/2425
f 1927/2423/2426 1926/2363/2426 1924/2422/2426
f 1925/2424/2427 1924/2422/2427 1922/2421/2427
f 1864/2362/2428 1926/2363/2428 1927/2423/2428
f 1930/2427/2429 1929/2426/2429 1927/2423/2429
f 1927/2423/2430 1925/2424/2430 1990/2429/2430
f 1931/2430/2431 1866/2361/2431 1864/2362/2431
f 1932/2431/2432 1931/2430/2948 1929/2426/2432
f 1934/2432/2434 1933/2433/2434 1931/2430/2434
f 1933/2433/2436 1868/2365/2436 1866/2361/2436
f 1935/2434/2437 1870/2367/2437 1868/2365/2437
f 1936/2435/2438 1935/2434/2438 1933/2433/2438
f 1937/2436/2439 1872/2369/2836 1870/2367/2439
f 1938/2437/2440 1937/2436/2440 1935/2434/2440
f 1874/2371/2441 1872/2369/2441 1937/2436/2441
f 1940/2439/2442 1939/2438/2442 1937/2436/2442
f 1876/2373/2443 1874/2371/2949 1939/2438/2443
f 1942/2441/2444 1941/2440/2950 1939/2438/2444
f 1943/2442/2445 1878/2375/2445 1876/2373/2445
f 1944/2443/2446 1943/2442/2446 1941/2440/2446
f 1945/2444/2447 1880/2377/2447 1878/2375/2447
f 1945/2444/2448 1943/2442/2951 1944/2443/2448
f 1947/2446/2449 1882/2379/2449 1880/2377/2449
f 1948/2447/2251 1947/2446/2251 1945/2444/2251
f 1884/2382/2450 1882/2383/2450 1947/2448/2450
f 1950/2450/2451 1949/2449/2451 1947/2448/2451
f 1886/2385/2452 1884/2382/2452 1949/2449/2452
f 1952/2453/2453 1951/2452/2952 1949/2449/2453
f 1953/2454/2454 1888/2387/2454 1886/2385/2454
f 1954/2455/2455 1953/2454/2455 1951/2452/2455
f 1890/2389/2456 1888/2387/2456 1953/2454/2456
f 1956/2457/2457 1955/2456/2457 1953/2454/2457
f 1892/2391/2458 1890/2389/2458 1955/2456/2458
f 1958/2459/2459 1957/2458/2844 1955/2456/2459
f 1959/2460/2460 1894/2393/2845 1892/2391/2460
f 1960/2461/2461 1959/2460/2461 1957/2458/2461
f 1961/2462/2462 1896/2395/2462 1894/2393/2462
f 1962/2463/626 1961/2462/626 1959/2460/626
f 1963/2464/2463 1898/2397/2463 1896/2395/2463
f 1964/2465/2464 1963/2464/628 1961/2462/2464
f 1900/2399/2465 1898/2397/2465 1963/2464/2465
f 1966/2467/623 1965/2466/623 1963/2464/623
f 1902/2401/2466 1900/2399/2466 1965/2466/2466
f 1968/2469/620 1967/2468/2953 1965/2466/620
f 1969/2470/2467 1904/2403/2467 1902/2401/2467
f 1969/2470/2468 1967/2468/2468 1968/2469/2468
f 1971/2472/2469 1906/2405/2469 1904/2403/2469
f 1971/2472/2470 1969/2470/2470 1970/2471/2470
f 1973/2474/2471 1908/2407/2471 1906/2405/2471
f 1973/2474/2472 1971/2472/2472 1972/2473/2472
f 1910/2409/2473 1908/2407/2473 1973/2474/2473
f 1975/2476/2474 1973/2474/2474 1974/2475/2474
f 1977/2478/2475 1912/2411/2475 1910/2409/2475
f 1977/2478/2476 1975/2476/2476 1976/2477/2476
f 1979/2480/2477 1914/2413/2477 1912/2411/2477
f 1979/2480/2478 1977/2478/2478 1978/2479/2478
f 1981/2482/2479 1916/2415/2479 1914/2413/2479
f 1981/2482/2237 1979/2480/2853 1980/2481/2237
f 1983/2484/2480 1918/2417/2480 1916/2415/2480
f 1983/2484/2481 1981/2482/2954 1982/2483/2481
f 1985/2486/2482 1920/2419/2482 1918/2417/2482
f 1985/2486/2483 1983/2484/2483 1984/2485/2483
f 1987/2425/2484 1922/2421/2484 1920/2419/2484
f 1987/2425/2485 1985/2486/2485 1986/2487/2485
f 1925/2424/2486 1987/2425/2486 1988/2488/2486
f 1991/2489/2488 1990/2429/2955 1988/2488/2488
f 1989/2490/2489 1988/2488/2489 1986/2487/2489
f 1928/2428/2490 1990/2429/2490 1991/2489/2490
f 1993/2492/2491 1991/2489/2491 1992/2493/2491
f 1991/2489/2492 1989/2490/2492 2054/2495/2492
f 1930/2427/2493 1928/2428/2493 1993/2492/2493
f 1996/2497/2494 1995/2496/2494 1993/2492/2494
f 1932/2431/2495 1930/2427/2859 1995/2496/2495
f 1997/2498/2497 1995/2496/2497 1996/2497/2497
f 1934/2432/2498 1932/2431/2956 1997/2498/2498
f 1999/2500/2499 1997/2498/2499 1998/2499/2499
f 1936/2435/2500 1934/2432/2500 1999/2500/2500
f 2001/2502/2501 1999/2500/2501 2000/2501/2501
f 1938/2437/2502 1936/2435/2502 2001/2502/2502
f 2003/2504/2503 2001/2502/2503 2002/2503/2503
f 1940/2439/2505 1938/2437/2505 2003/2504/2505
f 2006/2507/2506 2005/2506/2506 2003/2504/2506
f 1942/2441/2507 1940/2439/2862 2005/2506/2507
f 2008/2509/2509 2007/2508/2509 2005/2506/2509
f 1944/2443/2511 1942/2441/2511 2007/2508/2511
f 2009/2510/2512 2007/2508/2512 2008/2509/2512
f 2011/2512/2256 1946/2445/2256 1944/2443/2256
f 2011/2512/2255 2009/2510/2255 2010/2511/2255
f 1948/2447/2514 1946/2445/2514 2011/2512/2514
f 2013/2514/2515 2011/2512/2515 2012/2513/2515
f 1950/2450/2516 1948/2451/2516 2013/2516/2516
f 2016/2518/2517 2015/2517/2517 2013/2516/2517
f 1952/2453/2518 1950/2450/2518 2015/2517/2518
f 2018/2521/2520 2017/2520/2520 2015/2517/2520
f 1954/2455/2521 1952/2453/2521 2017/2520/2521
f 2019/2522/2522 2017/2520/2522 2018/2521/2522
f 1956/2457/2523 1954/2455/2523 2019/2522/2523
f 2022/2525/2524 2021/2524/2524 2019/2522/2524
f 1958/2459/2525 1956/2457/2525 2021/2524/2525
f 2024/2527/603 2023/2526/603 2021/2524/603
f 1960/2461/600 1958/2459/600 2023/2526/600
f 2025/2528/2527 2023/2526/601 2024/2527/2527
f 1962/2463/2528 1960/2461/2528 2025/2528/2528
f 2027/2530/2529 2025/2528/2529 2026/2529/2529
f 1964/2465/2530 1962/2463/2530 2027/2530/2530
f 2029/2532/2532 2027/2530/2532 2028/2531/2532
f 1966/2467/2533 1964/2465/2870 2029/2532/2533
f 2032/2535/2534 2031/2534/2534 2029/2532/2534
f 1968/2469/2535 1966/2467/2535 2031/2534/2535
f 2034/2537/2537 2033/2536/2957 2031/2534/2537
f 2035/2538/619 1970/2471/619 1968/2469/619
f 2035/2538/616 2033/2536/616 2034/2537/616
f 2037/2540/2538 1972/2473/2538 1970/2471/2538
f 2037/2540/618 2035/2538/618 2036/2539/618
f 2039/2542/2539 1974/2475/2539 1972/2473/2539
f 2039/2542/2540 2037/2540/2540 2038/2541/2540
f 2041/2544/2541 1976/2477/2541 1974/2475/2541
f 2042/2545/2542 2041/2544/2542 2039/2542/2542
f 2043/2546/2543 1978/2479/2543 1976/2477/2543
f 2043/2546/2544 2041/2544/2544 2042/2545/2544
f 2045/2548/2545 1980/2481/2545 1978/2479/2545
f 2045/2548/2546 2043/2546/2546 2044/2547/2546
f 2047/2550/2547 1982/2483/2547 1980/2481/2547
f 2047/2550/2549 2045/2548/2549 2046/2549/2549
f 2049/2552/2550 1984/2485/2550 1982/2483/2550
f 2049/2552/2217 2047/2550/2217 2048/2551/2217
f 2051/2491/2552 1986/2487/2552 1984/2485/2552
f 2051/2491/2553 2049/2552/2553 2050/2553/2553
f 1989/2490/2554 2051/2491/2554 2052/2554/2554
f 2055/2555/2555 2054/2495/2555 2052/2554/2555
f 2053/2556/2556 2052/2554/2556 2050/2553/2556
f 2057/2558/2557 1992/2493/2557 2054/2495/2557
f 2058/2559/2558 2057/2558/2558 2055/2555/2558
f 2056/2560/2560 2055/2555/2560 2053/2556/2560
f 2059/2562/2561 1994/2494/2561 1992/2493/2561
f 2060/2563/2562 2059/2562/2562 2057/2558/2562
f 1996/2497/2563 1994/2494/2563 2059/2562/2563
f 2061/2564/2564 2059/2562/2564 2060/2563/2564
f 1998/2499/2565 1996/2497/2565 2061/2564/2565
f 2064/2567/2566 2063/2566/2566 2061/2564/2566
f 2065/2568/2567 2000/2501/2567 1998/2499/2567
f 2065/2568/2568 2063/2566/2568 2064/2567/2568
f 2002/2503/2569 2000/2501/2569 2065/2568/2569
f 2068/2571/2570 2067/2570/2570 2065/2568/2570
f 2069/2572/2571 2004/2505/2571 2002/2503/2571
f 2069/2572/2572 2067/2570/2572 2068/2571/2572
f 2071/2574/2573 2006/2507/2573 2004/2505/2573
f 2071/2574/2574 2069/2572/2574 2070/2573/2574
f 2073/2576/2576 2008/2509/2576 2006/2507/2576
f 2073/2576/2577 2071/2574/2577 2072/2575/2577
f 2010/2511/2578 2008/2509/2578 2073/2576/2578
f 2075/2578/2257 2073/2576/2257 2074/2577/2257
f 2012/2513/2579 2010/2511/2579 2075/2578/2579
f 2078/2581/2580 2077/2580/2580 2075/2578/2580
f 2079/2582/2581 2014/2515/2581 2012/2513/2581
f 2080/2583/2582 2079/2582/2582 2077/2580/2582
f 2016/2518/2584 2014/2519/2584 2079/2584/2584
f 2081/2585/2585 2079/2584/2585 2080/2586/2585
f 2083/2588/2587 2018/2521/2587 2016/2518/2587
f 2084/2589/2588 2083/2588/2588 2081/2585/2588
f 2020/2523/2589 2018/2521/2589 2083/2588/2589
f 2086/2591/2590 2085/2590/2590 2083/2588/2590
f 2087/2592/2591 2022/2525/2591 2020/2523/2591
f 2087/2592/2592 2085/2590/2592 2086/2591/2592
f 2089/2594/612 2024/2527/612 2022/2525/612
f 2089/2594/610 2087/2592/610 2088/2593/610
f 2091/2596/2593 2026/2529/2593 2024/2527/2593
f 2091/2596/2594 2089/2594/2958 2090/2595/2594
f 2093/2598/2595 2028/2531/2595 2026/2529/2595
f 2094/2599/2596 2093/2598/2596 2091/2596/2596
f 2030/2533/2597 2028/2531/2597 2093/2598/2597
f 2095/2600/2598 2093/2598/2598 2094/2599/2598
f 2097/2602/2599 2032/2535/2599 2030/2533/2599
f 2098/2603/2600 2097/2602/2600 2095/2600/2600
f 2034/2537/2601 2032/2535/2601 2097/2602/2601
f 2099/2604/2602 2097/2602/2602 2098/2603/2602
f 2036/2539/2603 2034/2537/2603 2099/2604/2603
f 2102/2607/2604 2101/2606/2604 2099/2604/2604
f 2103/2608/615 2038/2541/615 2036/2539/615
f 2104/2609/614 2103/2608/614 2101/2606/614
f 2105/2610/2605 2040/2543/2605 2038/2541/2605
f 2105/2610/2607 2103/2608/2607 2104/2609/2607
f 2042/2545/2608 2040/2543/2608 2105/2610/2608
f 2107/2612/2609 2105/2610/2609 2106/2611/2609
f 2044/2547/2610 2042/2545/2610 2107/2612/2610
f 2109/2614/2611 2107/2612/2611 2108/2613/2611
f 2046/2549/2612 2044/2547/2612 2109/2614/2612
f 2112/2617/2613 2111/2616/2614 2109/2614/2614
f 2113/2618/2615 2048/2551/2615 2046/2549/2615
f 2114/2619/2616 2113/2618/2616 2111/2616/2616
f 2050/2553/2618 2048/2551/2618 2113/2618/2618
f 2115/2557/2619 2113/2618/2619 2114/2619/2619
f 2118/2561/2274 2053/2556/2274 2115/2557/2274
f 2118/2561/2620 2116/2620/2620 2117/2621/2620
f 2117/2621/2621 2116/2620/2621 2114/2619/2621
f 2056/2560/2622 2118/2561/2622 2119/2622/2622
f 2121/2624/2623 2119/2622/2623 2120/2625/2623
f 2119/2622/2624 2117/2621/2624 2182/2627/2624
f 2123/2628/2280 2058/2559/2280 2056/2560/2280
f 2124/2629/2625 2123/2628/2625 2121/2624/2625
f 2125/2630/2626 2060/2563/2626 2058/2559/2626
f 2126/2631/2627 2125/2630/2627 2123/2628/2627
f 2062/2565/2628 2060/2563/2628 2125/2630/2628
f 2128/2633/2629 2127/2632/2629 2125/2630/2629
f 2129/2634/2630 2064/2567/2630 2062/2565/2630
f 2129/2634/2631 2127/2632/2631 2128/2633/2631
f 2066/2569/2632 2064/2567/2632 2129/2634/2632
f 2131/2636/2633 2129/2634/2633 2130/2635/2633
f 2133/2638/2634 2068/2571/2634 2066/2569/2634
f 2134/2639/2635 2133/2638/2635 2131/2636/2635
f 2135/2640/2636 2070/2573/2636 2068/2571/2636
f 2135/2640/2637 2133/2638/2637 2134/2639/2637
f 2072/2575/2638 2070/2573/2638 2135/2640/2638
f 2138/2643/2639 2137/2642/2639 2135/2640/2639
f 2139/2644/2640 2074/2577/2640 2072/2575/2640
f 2140/2645/2641 2139/2644/2641 2137/2642/2641
f 2141/2646/2642 2076/2579/2642 2074/2577/2642
f 2142/2647/2643 2141/2646/2643 2139/2644/2643
f 2078/2581/2644 2076/2579/2644 2141/2646/2644
f 2143/2648/2645 2141/2646/2645 2142/2647/2645
f 2080/2583/2646 2078/2581/2646 2143/2648/2646
f 2145/2650/2647 2143/2648/2647 2144/2649/2647
f 2147/2652/2648 2082/2587/2648 2080/2586/2648
f 2147/2652/2649 2145/2653/2649 2146/2654/2649
f 2149/2656/2650 2084/2589/2650 2082/2587/2650
f 2149/2656/2651 2147/2652/2651 2148/2655/2651
f 2151/2658/2652 2086/2591/2652 2084/2589/2652
f 2151/2658/2653 2149/2656/2653 2150/2657/2653
f 2153/2660/2654 2088/2593/2654 2086/2591/2654
f 2154/2661/2655 2153/2660/2655 2151/2658/2655
f 2155/2662/2656 2090/2595/2656 2088/2593/2656
f 2155/2662/2657 2153/2660/2657 2154/2661/2657
f 2092/2597/609 2090/2595/609 2155/2662/609
f 2157/2664/2658 2155/2662/2658 2156/2663/2658
f 2159/2666/2659 2094/2599/2659 2092/2597/2659
f 2160/2667/2660 2159/2666/2660 2157/2664/2660
f 2096/2601/2661 2094/2599/2661 2159/2666/2661
f 2161/2668/572 2159/2666/2959 2160/2667/572
f 2163/2670/2662 2098/2603/2662 2096/2601/2662
f 2164/2671/571 2163/2670/2960 2161/2668/571
f 2100/2605/2663 2098/2603/2663 2163/2670/2663
f 2165/2672/569 2163/2670/569 2164/2671/569
f 2167/2674/613 2102/2607/613 2100/2605/613
f 2168/2675/2664 2167/2674/2664 2165/2672/2664
f 2104/2609/2665 2102/2607/2665 2167/2674/2666
f 2169/2676/2667 2167/2674/2667 2168/2675/2667
f 2171/2678/2668 2106/2611/2668 2104/2609/2668
f 2171/2678/2669 2169/2676/2901 2170/2677/2669
f 2108/2613/2670 2106/2611/2670 2171/2678/2670
f 2173/2680/2671 2171/2678/2671 2172/2679/2671
f 2175/2682/2672 2110/2615/2672 2108/2613/2672
f 2176/2683/2673 2175/2682/2673 2173/2680/2673
f 2177/2684/2674 2112/2617/2674 2110/2615/2674
f 2177/2684/2675 2175/2682/2675 2176/2683/2675
f 2179/2623/2676 2114/2619/2676 2112/2617/2676
f 2180/2686/2677 2179/2623/2677 2177/2684/2677
f 2182/2627/2678 2117/2621/2678 2179/2623/2678
f 2183/2687/2679 2182/2627/2679 2180/2686/2679
f 2181/2688/2680 2180/2686/2680 2178/2685/2680
f 2184/2690/2681 2120/2625/2681 2182/2627/2681
f 2213/2750/2714 2134/2639/2715 2132/2637/2715
f 2132/2637/2716 2130/2635/2716 2187/2699/2716
f 2136/2641/2717 2134/2639/2717 2213/2750/2717
f 2211/2746/2718 2138/2643/2718 2136/2641/2718
f 2140/2645/2719 2138/2643/2719 2211/2746/2719
f 2142/2647/2720 2140/2645/2961 2210/2744/2720
f 2208/2740/2721 2144/2649/2721 2142/2647/2721
f 2207/2739/2722 2146/2651/2722 2144/2649/2722
f 2206/2735/2723 2148/2655/2723 2146/2654/2723
f 2205/2733/2724 2150/2657/2724 2148/2655/2724
f 2152/2659/2725 2150/2657/2725 2205/2733/2726
f 2154/2661/2727 2152/2659/2727 2204/2697/2727
f 2202/2730/2728 2158/2665/2728 2156/2663/2728
f 2203/2694/2729 2156/2663/2729 2154/2661/2729
f 2201/2728/2730 2160/2667/2731 2158/2665/2731
f 2162/2669/2732 2160/2667/2732 2201/2728/2732
f 2199/2724/2733 2164/2671/2733 2162/2669/2733
f 2166/2673/2735 2164/2671/2735 2199/2724/2736
f 2168/2675/2737 2166/2673/2737 2198/2722/2737
f 2170/2677/2738 2168/2675/2738 2197/2720/2738
f 2195/2716/2739 2172/2679/2739 2170/2677/2739
f 2194/2714/2740 2174/2681/2741 2172/2679/2741
f 2176/2683/2742 2174/2681/2742 2194/2714/2742
f 2178/2685/2743 2176/2683/2743 2193/2712/2743
f 2124/2629/2744 2122/2626/2744 2191/2708/2744
f 2191/2708/2745 2122/2626/2745 2120/2625/2745
f 2189/2704/2746 2126/2631/2746 2124/2629/2746
f 2188/2700/2747 2128/2633/2747 2126/2631/2747
f 2130/2635/2748 2128/2633/2748 2188/2700/2748
f 2217/2752/2749 2215/2753/2749 1859/2353/2749
f 2215/2753/2750 2248/2824/2750 1856/2350/2750
f 1769/2268/2751 2219/2755/2751 2217/2752/2751
f 1772/2757/2754 2220/2758/2754 2219/2755/2754
f 2221/2760/2756 2220/2758/2756 1772/2757/2756
f 1778/2762/2758 2222/2763/2758 2221/2760/2758
f 2223/2765/2760 2222/2763/2962 1778/2762/2760
f 1784/2283/2762 2224/2767/2762 2223/2765/2762
f 1787/2286/2764 2225/2769/2764 2224/2767/2764
f 2226/2771/2767 2225/2769/2767 1787/2286/2767
f 2227/2773/2769 2226/2771/2769 1790/2292/2769
f 2228/2776/2771 2227/2778/2771 1793/2295/2771
f 2229/2779/2773 2228/2776/2773 1796/2300/2773
f 1802/2781/2775 2230/2782/2776 2229/2779/2776
f 1805/2305/2778 2231/2784/2778 2230/2782/2778
f 2232/2786/2780 2231/2784/2780 1805/2305/2780
f 2233/2788/2782 2232/2786/2782 1808/2311/2782
f 2234/2791/2784 2233/2788/2784 1811/2789/2785
f 1817/2793/2787 2235/2794/2787 2234/2791/2787
f 2236/2796/2789 2235/2794/2963 1817/2793/2789
f 1823/2798/2791 2237/2799/2792 2236/2796/2792
f 1826/2323/2222 2238/2801/2222 2237/2799/2222
f 1829/2329/2795 2239/2803/2795 2238/2801/2795
f 2240/2805/2797 2239/2803/2797 1829/2329/2797
f 2241/2807/2799 2240/2805/2799 1832/2332/2800
f 1838/2334/2802 2242/2810/2802 2241/2807/2802
f 1841/2812/2804 2243/2813/2804 2242/2810/2804
f 2244/2815/2806 2243/2813/2806 1841/2812/2806
f 2245/2817/2808 2244/2815/2808 1844/2339/2808
f 2246/2819/2811 2245/2817/2811 1847/2342/2811
f 2247/2821/2812 2246/2819/2812 1850/2348/2812
f 1856/2350/2814 2248/2824/2814 2247/2821/2814
f 4337/2827/2294 4339/2833/2294 4786/2828/2294
f 4340/2830/2295 4337/2827/2295 4338/2829/2295
f 4341/2832/2296 4342/3317/2296 4339/2833/2296
f 4343/2834/2817 4341/2832/2817 4337/2827/2817
f 4345/2835/2298 4342/3317/2964 4341/2832/2818
f 4346/2837/2299 4344/2836/2299 4341/2832/2299
f 4347/2838/2300 4348/3322/2300 4345/2835/2300
f 4349/2839/2301 4347/2838/2301 4344/2836/2301
f 4351/2840/2302 4348/3322/2302 4347/2838/2302
f 4350/2841/2819 4347/2838/2819 4349/2839/2303
f 4353/2843/2820 4354/3326/2304 4351/2840/2820
f 4355/2844/2305 4353/2843/2305 4350/2841/2305
f 4357/2845/2306 4354/3326/2306 4353/2843/2306
f 4358/2847/2307 4356/2846/2307 4353/2843/2307
f 4360/2848/2308 4357/2845/2965 4356/2846/2308
f 4361/2850/2309 4359/2849/2309 4356/2846/2309
f 4362/2851/2310 4363/3333/2310 4360/2848/2310
f 4362/2851/2311 4359/2849/2311 4361/2850/2311
f 4365/2853/2312 4366/2859/2312 4363/2854/2312
f 4365/2853/2313 4362/2855/2313 4364/2856/2313
f 4368/2858/2314 4369/2862/2966 4366/2859/2314
f 4368/2858/2315 4365/2853/2315 4367/2857/2315
f 4371/2861/2316 4372/3342/2316 4369/2862/2316
f 4371/2861/2317 4368/2858/2317 4370/2860/2317
f 4375/2864/2821 4372/3342/2239 4371/2861/2821
f 4374/2865/2318 4371/2861/2318 4373/2863/2318
f 4378/2867/2319 4375/2864/2319 4374/2865/2319
f 4379/2869/2320 4377/2868/2321 4374/2865/2321
f 4380/2870/2322 4381/3348/2822 4378/2867/2822
f 4380/2870/2323 4377/2868/2323 4379/2869/2323
f 4384/2872/2823 4381/3348/2967 4380/2870/2823
f 4383/2873/2325 4380/2870/2325 4382/2871/2325
f 4386/2875/2824 4387/3353/2326 4384/2872/2824
f 4388/2876/2327 4386/2875/2327 4383/2873/2327
f 4390/2877/2328 4387/3353/2328 4386/2875/2825
f 4389/2878/2329 4386/2875/2329 4388/2876/2329
f 4392/2880/2826 4393/3358/2827 4390/2877/2827
f 4394/2881/2331 4392/2880/2331 4389/2878/2331
f 4396/2882/2828 4393/3358/2828 4392/2880/2332
f 4395/2883/2333 4392/2880/2333 4394/2881/2333
f 4398/2885/2335 4399/2888/2335 4396/2882/2335
f 4398/2885/2829 4395/2883/2829 4397/2884/2829
f 4401/2887/2224 4402/3365/2224 4399/2888/2224
f 4403/2889/2338 4401/2887/2338 4398/2885/2338
f 4405/2890/2339 4402/3365/2339 4401/2887/2339
f 4406/2892/2340 4404/2891/2340 4401/2887/2340
f 4408/2893/2341 4405/2890/2341 4404/2891/2341
f 4409/2895/2342 4407/2894/2342 4404/2891/2342
f 4410/2896/2343 4411/3372/2343 4408/2893/2343
f 4412/2897/2344 4410/2896/2344 4407/2894/2344
f 4414/2898/2345 4411/3372/2345 4410/2896/2345
f 4413/2899/2346 4410/2896/2346 4412/2897/2346
f 4416/2901/2347 4417/2904/2347 4414/2898/2347
f 4418/2902/2348 4416/2901/2348 4413/2899/2348
f 4419/2903/2349 4420/3381/2349 4417/2904/2349
f 4419/2903/2350 4416/2901/2350 4418/2902/2350
f 4423/2906/2351 4420/3381/2351 4419/2903/2351
f 4422/2907/2352 4419/2903/2352 4421/2905/2352
f 4425/2909/2353 4426/2912/2353 4423/2906/2353
f 4427/2910/2355 4425/2909/2355 4422/2907/2355
f 4428/2911/2356 4429/3310/2830 4426/2912/2830
f 4430/2913/2357 4428/2911/2357 4425/2909/2357
f 4786/2828/2831 4429/3310/2968 4428/2911/2831
f 4338/2829/2360 4428/2911/2360 4430/2913/2360
f 4433/2914/2361 4432/2831/2361 4430/2913/2361
f 4430/2913/2362 4427/2910/2362 4493/2916/2362
f 4435/2917/2363 4340/2830/2363 4432/2831/2363
f 4436/2918/2364 4435/2917/2364 4433/2914/2364
f 4434/2919/2365 4433/2914/2365 4431/2915/2365
f 4343/2834/2366 4340/2830/2366 4435/2917/2366
f 4438/2922/2367 4437/2921/2367 4435/2917/2367
f 4439/2923/2368 4346/2837/2368 4343/2834/2368
f 4440/2924/2369 4439/2923/2369 4437/2921/2369
f 4441/2925/2370 4349/2839/2370 4346/2837/2370
f 4441/2925/2371 4439/2923/2371 4440/2924/2371
f 4352/2842/2372 4349/2839/2372 4441/2925/2372
f 4444/2928/2373 4443/2927/2373 4441/2925/2373
f 4355/2844/2374 4352/2842/2374 4443/2927/2374
f 4446/2930/2832 4445/2929/2832 4443/2927/2832
f 4447/2931/2376 4358/2847/2376 4355/2844/2376
f 4448/2932/2377 4447/2931/2377 4445/2929/2377
f 4361/2850/2378 4358/2847/2378 4447/2931/2378
f 4449/2933/2379 4447/2931/2379 4448/2932/2379
f 4451/2935/2380 4364/2852/2380 4361/2850/2380
f 4451/2935/2381 4449/2933/2381 4450/2934/2381
f 4453/2937/2382 4367/2857/2969 4364/2856/2382
f 4453/2937/2247 4451/2938/2247 4452/2939/2247
f 4455/2941/2244 4370/2860/2244 4367/2857/2244
f 4456/2942/2383 4455/2941/2383 4453/2937/2383
f 4373/2863/2384 4370/2860/2384 4455/2941/2384
f 4457/2943/2385 4455/2941/2385 4456/2942/2385
f 4459/2945/2386 4376/2866/2386 4373/2863/2386
f 4459/2945/2387 4457/2943/2387 4458/2944/2387
f 4461/2947/2388 4379/2869/2970 4376/2866/2388
f 4461/2947/2389 4459/2945/2389 4460/2946/2389
f 4382/2871/2390 4379/2869/2390 4461/2947/2390
f 4464/2950/2392 4463/2949/2392 4461/2947/2392
f 4385/2874/2393 4382/2871/2393 4463/2949/2393
f 4465/2951/2394 4463/2949/2394 4464/2950/2394
f 4467/2953/2396 4388/2876/2396 4385/2874/2396
f 4468/2954/2397 4467/2953/2397 4465/2951/2397
f 4391/2879/2399 4388/2876/2399 4467/2953/2399
f 4469/2955/2400 4467/2953/2400 4468/2954/2400
f 4471/2957/2401 4394/2881/2401 4391/2879/2401
f 4471/2957/2402 4469/2955/2402 4470/2956/2402
f 4473/2959/2403 4397/2884/2403 4394/2881/2403
f 4473/2959/2404 4471/2957/2404 4472/2958/2404
f 4475/2961/2405 4400/2886/2405 4397/2884/2405
f 4476/2962/2406 4475/2961/2406 4473/2959/2406
f 4403/2889/2407 4400/2886/2407 4475/2961/2407
f 4477/2963/2408 4475/2961/2408 4476/2962/2408
f 4479/2965/2409 4406/2892/2409 4403/2889/2409
f 4479/2965/2410 4477/2963/2410 4478/2964/2410
f 4409/2895/2229 4406/2892/2229 4479/2965/2229
f 4481/2967/2411 4479/2965/2411 4480/2966/2411
f 4412/2897/2414 4409/2895/2971 4481/2967/2414
f 4483/2969/2232 4481/2967/2232 4482/2968/2232
f 4485/2971/2833 4415/2900/2972 4412/2897/2833
f 4486/2972/2416 4485/2971/2416 4483/2969/2416
f 4487/2973/2417 4418/2902/2417 4415/2900/2417
f 4488/2974/2418 4487/2973/2418 4485/2971/2418
f 4489/2975/2419 4421/2905/2419 4418/2902/2419
f 4489/2975/2420 4487/2973/2420 4488/2974/2420
f 4491/2977/2421 4424/2908/2421 4421/2905/2421
f 4491/2977/2422 4489/2975/2422 4490/2976/2422
f 4493/2916/2423 4427/2910/2423 4424/2908/2423
f 4493/2916/2424 4491/2977/2424 4492/2978/2424
f 4431/2915/2425 4493/2916/2425 4494/2979/2425
f 4497/2980/2834 4496/2920/2834 4494/2979/2834
f 4495/2981/2427 4494/2979/2427 4492/2978/2427
f 4499/2983/2428 4434/2919/2428 4496/2920/2428
f 4499/2983/2429 4497/2980/2429 4498/2984/2429
f 4497/2980/2835 4495/2981/2835 4560/2986/2835
f 4436/2918/2431 4434/2919/2431 4499/2983/2431
f 4501/2987/2432 4499/2983/2433 4500/2985/2432
f 4504/2989/2434 4503/2990/2973 4501/2987/2434
f 4438/2922/2436 4436/2918/2436 4501/2987/2436
f 4440/2924/2437 4438/2922/2437 4503/2990/2437
f 4506/2992/2438 4505/2991/2438 4503/2990/2438
f 4507/2993/2836 4442/2926/2439 4440/2924/2836
f 4507/2993/2837 4505/2991/2974 4506/2992/2837
f 4509/2995/2441 4444/2928/2441 4442/2926/2441
f 4509/2995/2442 4507/2993/2442 4508/2994/2442
f 4511/2997/2839 4446/2930/2839 4444/2928/2839
f 4512/2998/2840 4511/2997/2840 4509/2995/2444
f 4513/2999/2445 4448/2932/2445 4446/2930/2445
f 4513/2999/2446 4511/2997/2446 4512/2998/2446
f 4515/3001/2447 4450/2934/2447 4448/2932/2447
f 4515/3001/2841 4513/2999/2841 4514/3000/2841
f 4517/3003/2449 4452/2936/2449 4450/2934/2449
f 4517/3003/2251 4515/3001/2251 4516/3002/2251
f 4519/3005/2450 4454/2940/2450 4452/2939/2450
f 4520/3007/2451 4519/3005/2451 4517/3006/2451
f 4456/2942/2452 4454/2940/2452 4519/3005/2452
f 4522/3010/2842 4521/3009/2842 4519/3005/2842
f 4523/3011/2454 4458/2944/2454 4456/2942/2454
f 4524/3012/2455 4523/3011/2455 4521/3009/2455
f 4525/3013/2456 4460/2946/2456 4458/2944/2456
f 4525/3013/2457 4523/3011/2457 4524/3012/2457
f 4462/2948/2458 4460/2946/2975 4525/3013/2458
f 4528/3016/2844 4527/3015/2844 4525/3013/2844
f 4529/3017/2460 4464/2950/2460 4462/2948/2460
f 4530/3018/2846 4529/3017/2461 4527/3015/2846
f 4531/3019/2462 4466/2952/2462 4464/2950/2462
f 4532/3020/626 4531/3019/626 4529/3017/626
f 4533/3021/2463 4468/2954/2463 4466/2952/2463
f 4533/3021/628 4531/3019/627 4532/3020/627
f 4470/2956/2465 4468/2954/2465 4533/3021/2465
f 4536/3024/2063 4535/3023/2063 4533/3021/2063
f 4537/3025/2466 4472/2958/2466 4470/2956/2466
f 4537/3025/620 4535/3023/620 4536/3024/620
f 4474/2960/2467 4472/2958/2467 4537/3025/2467
f 4539/3027/2848 4537/3025/2848 4538/3026/2848
f 4541/3029/2469 4476/2962/2469 4474/2960/2469
f 4541/3029/2849 4539/3027/2470 4540/3028/2849
f 4543/3031/2471 4478/2964/2471 4476/2962/2471
f 4543/3031/2472 4541/3029/2472 4542/3030/2472
f 4545/3033/2473 4480/2966/2473 4478/2964/2473
f 4545/3033/2474 4543/3031/2474 4544/3032/2474
f 4547/3035/2475 4482/2968/2475 4480/2966/2475
f 4547/3035/2851 4545/3033/2476 4546/3034/2851
f 4549/3037/2477 4484/2970/2477 4482/2968/2477
f 4549/3037/2478 4547/3035/2478 4548/3036/2478
f 4486/2972/2479 4484/2970/2479 4549/3037/2479
f 4552/3040/2237 4551/3039/2237 4549/3037/2237
f 4488/2974/2480 4486/2972/2480 4551/3039/2480
f 4554/3042/2854 4553/3041/2954 4551/3039/2854
f 4490/2976/2482 4488/2974/2482 4553/3041/2482
f 4556/3044/2483 4555/3043/2483 4553/3041/2483
f 4492/2978/2484 4490/2976/2484 4555/3043/2484
f 4558/3045/2855 4557/2982/2855 4555/3043/2855
f 4560/2986/2486 4495/2981/2486 4557/2982/2486
f 4560/2986/2488 4558/3045/2488 4559/3046/2488
f 4558/3045/2856 4556/3044/2489 4621/3048/2856
f 4563/3049/2857 4498/2984/2857 4560/2986/2857
f 4563/3049/2858 4561/3047/2858 4562/3050/2858
f 4561/3047/2492 4559/3046/2492 4624/3052/2492
f 4565/3053/2493 4500/2985/2493 4498/2984/2493
f 4565/3053/2494 4563/3049/2494 4564/3051/2494
f 4567/3055/2495 4502/2988/2495 4500/2985/2495
f 4568/3056/2497 4567/3055/2497 4565/3053/2497
f 4504/2989/2498 4502/2988/2498 4567/3055/2498
f 4570/3058/2499 4569/3057/2499 4567/3055/2499
f 4506/2992/2500 4504/2989/2500 4569/3057/2500
f 4572/3060/2501 4571/3059/2501 4569/3057/2501
f 4573/3061/2861 4508/2994/2861 4506/2992/2861
f 4573/3061/2504 4571/3059/2504 4572/3060/2504
f 4575/3063/2505 4510/2996/2976 4508/2994/2505
f 4575/3063/2506 4573/3061/2506 4574/3062/2506
f 4512/2998/2862 4510/2996/2862 4575/3063/2862
f 4577/3065/2863 4575/3063/2863 4576/3064/2863
f 4579/3067/2511 4514/3000/2511 4512/2998/2511
f 4579/3067/2512 4577/3065/2512 4578/3066/2512
f 4581/3069/2864 4516/3002/2513 4514/3000/2864
f 4581/3069/2255 4579/3067/2255 4580/3068/2255
f 4583/3071/2514 4518/3004/2514 4516/3002/2514
f 4583/3071/2515 4581/3069/2515 4582/3070/2515
f 4520/3007/2516 4518/3008/2516 4583/3073/2516
f 4585/3074/2517 4583/3073/2517 4584/3075/2517
f 4522/3010/2865 4520/3007/2519 4585/3074/2865
f 4588/3078/2520 4587/3077/2520 4585/3074/2520
f 4524/3012/2521 4522/3010/2521 4587/3077/2521
f 4589/3079/2522 4587/3077/2522 4588/3078/2522
f 4591/3081/2866 4526/3014/2866 4524/3012/2866
f 4591/3081/2524 4589/3079/2524 4590/3080/2524
f 4528/3016/2526 4526/3014/2525 4591/3081/2526
f 4594/3084/603 4593/3083/603 4591/3081/603
f 4530/3018/2868 4528/3016/2868 4593/3083/2868
f 4595/3085/601 4593/3083/601 4594/3084/601
f 4532/3020/2528 4530/3018/2528 4595/3085/2528
f 4597/3087/2529 4595/3085/2529 4596/3086/2529
f 4534/3022/2869 4532/3020/2531 4597/3087/2531
f 4599/3089/2532 4597/3087/2532 4598/3088/2532
f 4536/3024/2870 4534/3022/2533 4599/3089/2870
f 4602/3092/2534 4601/3091/2534 4599/3089/2534
f 4603/3093/2535 4538/3026/2977 4536/3024/2535
f 4603/3093/2537 4601/3091/2537 4602/3092/2537
f 4605/3095/2871 4540/3028/2871 4538/3026/2871
f 4606/3096/2872 4605/3095/2872 4603/3093/2872
f 4607/3097/2873 4542/3030/2873 4540/3028/2873
f 4607/3097/618 4605/3095/618 4606/3096/618
f 4609/3099/2539 4544/3032/2978 4542/3030/2539
f 4609/3099/2540 4607/3097/2979 4608/3098/2540
f 4611/3101/2541 4546/3034/2541 4544/3032/2541
f 4611/3101/2542 4609/3099/2542 4610/3100/2542
f 4613/3103/2543 4548/3036/2980 4546/3034/2543
f 4613/3103/2544 4611/3101/2544 4612/3102/2544
f 4615/3105/2545 4550/3038/2981 4548/3036/2545
f 4615/3105/2546 4613/3103/2546 4614/3104/2546
f 4552/3040/2547 4550/3038/2548 4615/3105/2547
f 4618/3108/2549 4617/3107/2549 4615/3105/2549
f 4554/3042/2214 4552/3040/2214 4617/3107/2214
f 4620/3110/2217 4619/3109/2217 4617/3107/2217
f 4556/3044/2552 4554/3042/2552 4619/3109/2552
f 4622/3111/2553 4621/3048/2553 4619/3109/2553
f 4624/3052/2554 4559/3046/2554 4621/3048/2554
f 4625/3112/2555 4624/3052/2555 4622/3111/2555
f 4623/3113/2556 4622/3111/2556 4620/3110/2556
f 4627/3115/2557 4562/3050/2557 4624/3052/2557
f 4627/3115/2558 4625/3112/2558 4626/3116/2558
f 4625/3112/2560 4623/3113/2560 4688/3118/2560
f 4629/3119/2561 4564/3051/2561 4562/3050/2561
f 4630/3120/2562 4629/3119/2562 4627/3115/2562
f 4566/3054/2563 4564/3051/2563 4629/3119/2563
f 4631/3121/2564 4629/3119/2564 4630/3120/2564
f 4568/3056/2565 4566/3054/2565 4631/3121/2565
f 4633/3123/2566 4631/3121/2566 4632/3122/2566
f 4570/3058/2567 4568/3056/2567 4633/3123/2567
f 4636/3126/2568 4635/3125/2568 4633/3123/2568
f 4572/3060/2569 4570/3058/2569 4635/3125/2569
f 4637/3127/2570 4635/3125/2570 4636/3126/2570
f 4639/3129/2571 4574/3062/2571 4572/3060/2571
f 4639/3129/2572 4637/3127/2572 4638/3128/2572
f 4576/3064/2573 4574/3062/2573 4639/3129/2573
f 4642/3132/2574 4641/3131/2574 4639/3129/2574
f 4578/3066/2875 4576/3064/2875 4641/3131/2875
f 4644/3134/2577 4643/3133/2577 4641/3131/2577
f 4580/3068/2578 4578/3066/2578 4643/3133/2578
f 4645/3135/2257 4643/3133/2257 4644/3134/2257
f 4647/3137/2579 4582/3070/2579 4580/3068/2579
f 4648/3138/2580 4647/3137/2580 4645/3135/2580
f 4649/3139/2581 4584/3072/2581 4582/3070/2581
f 4649/3139/2582 4647/3137/2582 4648/3138/2582
f 4651/3141/2584 4586/3076/2584 4584/3075/2584
f 4651/3141/2585 4649/3142/2585 4650/3143/2585
f 4588/3078/2587 4586/3076/2587 4651/3141/2587
f 4653/3145/2588 4651/3141/2588 4652/3144/2588
f 4655/3147/2589 4590/3080/2589 4588/3078/2589
f 4656/3148/2590 4655/3147/2590 4653/3145/2590
f 4657/3149/2591 4592/3082/2591 4590/3080/2591
f 4657/3149/2592 4655/3147/2592 4656/3148/2592
f 4659/3151/612 4594/3084/612 4592/3082/612
f 4659/3151/610 4657/3149/610 4658/3150/610
f 4596/3086/2593 4594/3084/2593 4659/3151/2593
f 4662/3154/2594 4661/3153/2594 4659/3151/2594
f 4663/3155/2595 4598/3088/2595 4596/3086/2595
f 4664/3156/2596 4663/3155/2596 4661/3153/2596
f 4600/3090/2597 4598/3088/2597 4663/3155/2597
f 4665/3157/2880 4663/3155/2598 4664/3156/2880
f 4667/3159/2599 4602/3092/2599 4600/3090/2599
f 4668/3160/2881 4667/3159/2600 4665/3157/2881
f 4669/3161/2601 4604/3094/2601 4602/3092/2601
f 4669/3161/2602 4667/3159/2602 4668/3160/2602
f 4671/3163/2603 4606/3096/2603 4604/3094/2603
f 4671/3163/2604 4669/3161/2604 4670/3162/2604
f 4608/3098/615 4606/3096/615 4671/3163/615
f 4673/3165/614 4671/3163/614 4672/3164/614
f 4675/3167/2606 4610/3100/2606 4608/3098/2606
f 4676/3168/2607 4675/3167/2607 4673/3165/2607
f 4677/3169/2608 4612/3102/2608 4610/3100/2608
f 4677/3169/2609 4675/3167/2609 4676/3168/2609
f 4679/3171/2610 4614/3104/2610 4612/3102/2610
f 4680/3172/2611 4679/3171/2611 4677/3169/2611
f 4681/3173/2612 4616/3106/2612 4614/3104/2612
f 4682/3174/2882 4681/3173/2882 4679/3171/2882
f 4618/3108/2615 4616/3106/2615 4681/3173/2615
f 4683/3175/2884 4681/3173/2884 4682/3174/2884
f 4620/3110/2618 4618/3108/2618 4683/3175/2618
f 4685/3114/2619 4683/3175/2619 4684/3176/2619
f 4623/3113/2274 4685/3114/2274 4686/3177/2274
f 4689/3178/2620 4688/3118/2620 4686/3177/2620
f 4686/3177/2621 4684/3176/2621 4749/3180/2621
f 4691/3181/2622 4626/3116/2622 4688/3118/2622
f 4692/3182/2886 4691/3181/2886 4689/3178/2886
f 4689/3178/2624 4687/3179/2624 4752/3184/2624
f 4628/3117/2280 4626/3116/2280 4691/3181/2280
f 4693/3185/2625 4691/3181/2625 4692/3182/2625
f 4630/3120/2626 4628/3117/2626 4693/3185/2626
f 4695/3187/2627 4693/3185/2627 4694/3186/2887
f 4697/3189/2628 4632/3122/2628 4630/3120/2628
f 4698/3190/2888 4697/3189/2888 4695/3187/2888
f 4634/3124/2630 4632/3122/2630 4697/3189/2630
f 4699/3191/2631 4697/3189/2631 4698/3190/2631
f 4701/3193/2632 4636/3126/2632 4634/3124/2632
f 4702/3194/2633 4701/3193/2633 4699/3191/2633
f 4638/3128/2634 4636/3126/2634 4701/3193/2634
f 4704/3196/2890 4703/3195/2890 4701/3193/2890
f 4640/3130/2636 4638/3128/2636 4703/3195/2636
f 4705/3197/2637 4703/3195/2637 4704/3196/2892
f 4707/3199/2261 4642/3132/2638 4640/3130/2638
f 4708/3200/2639 4707/3199/2639 4705/3197/2639
f 4644/3134/2640 4642/3132/2640 4707/3199/2640
f 4709/3201/2893 4707/3199/2893 4708/3200/2893
f 4646/3136/2642 4644/3134/2642 4709/3201/2642
f 4712/3204/2643 4711/3203/2643 4709/3201/2643
f 4648/3138/2644 4646/3136/2644 4711/3203/2644
f 4714/3206/2645 4713/3205/2645 4711/3203/2645
f 4715/3207/2646 4650/3140/2646 4648/3138/2646
f 4715/3207/2647 4713/3205/2647 4714/3206/2647
f 4717/3209/2648 4652/3144/2648 4650/3143/2648
f 4717/3209/2649 4715/3210/2649 4716/3211/2649
f 4719/3213/2650 4654/3146/2650 4652/3144/2650
f 4719/3213/2651 4717/3209/2651 4718/3212/2651
f 4721/3215/2652 4656/3148/2652 4654/3146/2652
f 4721/3215/2653 4719/3213/2653 4720/3214/2653
f 4723/3217/2654 4658/3150/2654 4656/3148/2654
f 4724/3218/2896 4723/3217/2896 4721/3215/2896
f 4660/3152/2656 4658/3150/2656 4723/3217/2897
f 4726/3220/2657 4725/3219/2657 4723/3217/2657
f 4727/3221/609 4662/3154/609 4660/3152/609
f 4727/3221/2658 4725/3219/2658 4726/3220/2898
f 4729/3223/2659 4664/3156/2659 4662/3154/2659
f 4730/3224/574 4729/3223/574 4727/3221/574
f 4666/3158/2661 4664/3156/2661 4729/3223/2661
f 4731/3225/572 4729/3223/572 4730/3224/572
f 4733/3227/2662 4668/3160/2662 4666/3158/2662
f 4734/3228/571 4733/3227/571 4731/3225/571
f 4670/3162/2663 4668/3160/2663 4733/3227/2663
f 4735/3229/2899 4733/3227/2899 4734/3228/2899
f 4737/3231/613 4672/3164/613 4670/3162/613
f 4738/3232/2900 4737/3231/2664 4735/3229/2900
f 4739/3233/2665 4674/3166/2665 4672/3164/2665
f 4739/3233/2667 4737/3231/2667 4738/3232/2667
f 4676/3168/2668 4674/3166/2668 4739/3233/2668
f 4741/3235/2901 4739/3233/2901 4740/3234/2901
f 4678/3170/2670 4676/3168/2670 4741/3235/2670
f 4744/3238/2671 4743/3237/2671 4741/3235/2671
f 4680/3172/2672 4678/3170/2672 4743/3237/2672
f 4746/3240/2673 4745/3239/2673 4743/3237/2673
f 4682/3174/2674 4680/3172/2674 4745/3239/2674
f 4747/3241/2675 4745/3239/2675 4746/3240/2675
f 4749/3180/2676 4684/3176/2676 4682/3174/2676
f 4750/3243/2677 4749/3180/2677 4747/3241/2677
f 4687/3179/2678 4749/3180/2678 4750/3243/2678
f 4752/3184/2902 4750/3243/2902 4751/3244/2902
f 4751/3244/2680 4750/3243/2680 4748/3242/2680
f 4690/3183/2681 4752/3184/2681 4753/3245/2681
f 4704/3196/2908 4702/3194/2908 4784/3259/2908
f 4784/3259/2716 4702/3194/2716 4700/3192/2716
f 4782/3305/2717 4706/3198/2717 4704/3196/2717
f 4781/3303/2910 4708/3200/2910 4706/3198/2910
f 4710/3202/2719 4708/3200/2719 4781/3303/2719
f 4712/3204/2720 4710/3202/2720 4780/3301/2720
f 4778/3297/2911 4714/3206/2911 4712/3204/2911
f 4716/3208/2722 4714/3206/2722 4778/3297/2722
f 4776/3292/2723 4718/3212/2723 4716/3211/2723
f 4720/3214/2912 4718/3212/2912 4776/3292/2912
f 4774/3254/2725 4722/3216/2725 4720/3214/2725
f 4756/3252/2727 4724/3218/2727 4722/3216/2727
f 4728/3222/2728 4726/3220/2728 4773/3251/2728
f 4726/3220/2913 4724/3218/2913 4756/3252/2913
f 4771/3285/2731 4730/3224/2914 4728/3222/2914
f 4732/3226/2732 4730/3224/2982 4771/3285/2732
f 4769/3281/2734 4734/3228/2733 4732/3226/2733
f 4736/3230/2915 4734/3228/2915 4769/3281/2915
f 4767/3277/2737 4738/3232/2737 4736/3230/2737
f 4740/3234/2916 4738/3232/2916 4767/3277/2916
f 4742/3236/2739 4740/3234/2739 4766/3275/2739
f 4764/3271/2741 4744/3238/2741 4742/3236/2741
f 4763/3269/2917 4746/3240/2917 4744/3238/2917
f 4748/3242/2743 4746/3240/2743 4763/3269/2743
f 4760/3263/2744 4694/3186/2918 4692/3182/2918
f 4761/3265/2745 4692/3182/2745 4690/3183/2745
f 4696/3188/2746 4694/3186/2746 4760/3263/2746
f 4758/3257/2919 4698/3190/2919 4696/3188/2919
f 4700/3192/2748 4698/3190/2748 4758/3257/2748
f 4787/3309/2920 4785/3313/2920 4429/3310/2749
f 4429/3310/2750 4785/3313/2750 4818/3311/2750
f 4339/2833/2751 4789/3314/2751 4787/3309/2751
f 4790/3316/2754 4789/3314/2754 4339/2833/2754
f 4345/2835/2922 4791/3319/2756 4790/3316/2756
f 4792/3321/2758 4791/3319/2758 4345/2835/2758
f 4793/3324/2760 4792/3321/2760 4348/3322/2760
f 4354/3326/2762 4794/3327/2762 4793/3324/2762
f 4357/2845/2764 4795/3329/2764 4794/3327/2764
f 4796/3331/2925 4795/3329/2925 4357/2845/2925
f 4363/3333/2769 4797/3334/2769 4796/3331/2769
f 4798/3336/2771 4797/3338/2771 4363/2854/2771
f 4369/2862/2773 4799/3339/2773 4798/3336/2773
f 4800/3341/2775 4799/3339/2775 4369/2862/2775
f 4801/3344/2778 4800/3341/2778 4372/3342/2778
f 4378/2867/2780 4802/3346/2928 4801/3344/2928
f 4381/3348/2782 4803/3349/2782 4802/3346/2782
f 4804/3351/2785 4803/3349/2785 4381/3348/2785
f 4387/3353/2787 4805/3354/2787 4804/3351/2787
f 4806/3356/2789 4805/3354/2789 4387/3353/2789
f 4393/3358/2791 4807/3359/2983 4806/3356/2791
f 4808/3361/2222 4807/3359/2222 4393/3358/2222
f 4399/2888/2934 4809/3363/2934 4808/3361/2934
f 4402/3365/2797 4810/3366/2797 4809/3363/2797
f 4811/3368/2800 4810/3366/2800 4402/3365/2800
f 4812/3370/2802 4811/3368/2802 4405/2890/2802
f 4411/3372/2804 4813/3373/2804 4812/3370/2804
f 4814/3375/2806 4813/3373/2806 4411/3372/2806
f 4417/2904/2808 4815/3377/2808 4814/3375/2808
f 4420/3381/2811 4816/3379/2811 4815/3377/2811
f 4817/3382/2812 4816/3379/2812 4420/3381/2812
f 4818/3311/2814 4817/3382/2814 4423/2906/2814
usemtl 接続部
f 2329/3386/411 2249/3387/411 2250/3388/411
f 2249/3387/2984 2322/3388/2984 2250/3388/2984
f 2338/3389/175 2337/3390/175 2251/3391/175
f 2327/3392/175 2273/3393/175 2272/3394/175
f 2253/3395/2985 2260/3396/2985 2259/3397/2985
f 2255/3398/477 2258/3399/477 2256/3400/477
f 2339/3401/207 2340/3402/207 2322/3403/207
f 2329/3386/207 2269/3404/207 2270/3405/207
f 2263/3406/2986 2260/3396/2986 2254/3407/2986
f 2264/3408/2987 2261/3409/2987 2263/3406/2988
f 2265/3410/2989 2262/3411/2990 2264/3408/2990
f 2266/3412/2991 2267/3413/2991 2265/3410/2991
f 2271/3414/2992 2268/3415/2993 2266/3412/2992
f 2272/3416/2994 2269/3417/2994 2271/3414/2994
f 2273/3418/2995 2270/3419/2995 2272/3416/2995
f 2274/3420/2996 2275/3421/2997 2273/3418/2996
f 2279/3422/2998 2276/3423/2998 2274/3420/2998
f 2280/3424/2999 2277/3425/2999 2279/3422/2999
f 2281/3426/3000 2278/3427/3000 2280/3424/3000
f 2282/3428/3001 2283/3429/3001 2281/3426/3001
f 2290/3430/567 2287/3431/446 2285/3432/567
f 2324/3433/207 2295/3434/207 2296/3435/207
f 2291/3436/418 2287/3431/418 2289/3437/418
f 2298/3438/175 2293/3439/175 2310/3440/175
f 2291/3436/432 2294/3441/432 2288/3442/432
f 2292/3443/460 2295/3444/460 2294/3441/460
f 2293/3445/3002 2296/3446/3002 2295/3444/3002
f 2298/3447/3003 2297/3448/3004 2296/3446/3004
f 2299/3449/3005 2302/3450/3005 2297/3448/3006
f 2300/3451/3007 2303/3452/3007 2302/3450/3007
f 2301/3453/3008 2304/3454/3009 2303/3452/3009
f 2307/3455/3010 2331/3456/3011 2305/3457/3012
f 2309/3458/175 2312/3391/175 2251/3391/175
f 2309/3458/175 2313/3440/175 2311/3459/175
f 2311/3459/175 2316/3460/175 2312/3391/175
f 2311/3459/175 2315/3440/175 2314/3461/175
f 2314/3462/159 2319/3463/159 2317/3464/159
f 2314/3462/159 2320/3403/159 2316/3465/159
f 2318/3466/207 2320/3403/207 2317/3464/207
f 2318/3466/207 2319/3463/207 2325/3463/207
f 2321/3388/3013 2316/3387/3013 2320/3388/3013
f 2323/3467/207 2321/3403/207 2318/3466/207
f 2251/3387/3014 2321/3388/3014 2322/3388/3014
f 2323/3467/207 2325/3463/207 2324/3433/207
f 2286/3468/3015 2310/3469/3015 2326/3469/3015
f 2324/3468/3016 2313/3469/3016 2310/3469/3016
f 2325/3468/3017 2315/3469/3017 2313/3469/3017
f 2286/3468/475 2327/3392/475 2328/3470/475
f 2328/3470/191 2252/3471/191 2329/3386/191
f 2308/3472/3018 2332/3473/3018 2331/3474/3018
f 2330/3475/3019 2333/3476/3020 2332/3473/3020
f 2335/3477/3021 2334/3478/3021 2333/3476/3021
f 2336/3479/3022 2339/3480/3023 2334/3478/3024
f 2337/3481/3025 2340/3482/3026 2339/3480/3026
f 2338/3483/3027 2341/3484/3028 2340/3482/3028
f 2343/3485/3029 2342/3486/3029 2341/3484/3029
f 2344/3487/510 2258/3399/510 2342/3486/510
f 4241/3488/2984 4330/3489/2984 4242/3489/2984
f 4322/3490/411 4241/3488/411 4242/3489/411
f 4317/3491/175 4301/3492/175 4306/3493/175
f 4256/3494/175 4257/3495/175 4244/3496/175
f 4245/3497/2985 4250/3498/553 4247/3499/3030
f 4247/3499/477 4251/3500/477 4248/3501/477
f 4259/3502/207 4258/3503/207 4330/3504/207
f 4254/3505/510 4251/3500/510 4252/3506/510
f 4255/3507/3029 4252/3506/3029 4253/3508/3029
f 4256/3509/3027 4253/3508/3031 4258/3510/3031
f 4257/3511/3026 4258/3510/3026 4259/3512/3026
f 4262/3513/3024 4259/3512/3024 4260/3514/3024
f 4263/3515/3032 4260/3514/3032 4261/3516/3032
f 4264/3517/3020 4261/3516/3020 4266/3518/3020
f 4265/3519/3033 4266/3518/3033 4267/3520/3033
f 4273/3521/3034 4267/3522/3035 4268/3523/3036
f 4320/3524/207 4280/3525/207 4279/3526/207
f 4274/3527/3008 4270/3528/3008 4271/3529/3008
f 4281/3530/175 4282/3531/175 4318/3532/175
f 4275/3533/3037 4271/3529/3037 4277/3534/3037
f 4278/3535/3038 4275/3533/3038 4277/3534/3038
f 4281/3536/3003 4278/3535/3003 4279/3537/3003
f 4282/3538/3039 4279/3537/3002 4280/3539/3002
f 4283/3540/460 4280/3539/460 4285/3541/460
f 4284/3542/432 4285/3541/432 4286/3543/432
f 4284/3542/418 4287/3544/418 4289/3545/418
f 4290/3546/446 4288/3547/567 4292/3548/3040
f 4292/3548/3001 4295/3549/3001 4293/3550/3001
f 4322/3490/207 4305/3551/207 4304/3552/207
f 4293/3550/3000 4296/3553/3000 4298/3554/3000
f 4298/3554/3041 4297/3555/3041 4299/3556/3041
f 4299/3556/3042 4302/3557/3042 4300/3558/3042
f 4301/3559/2996 4302/3557/2996 4303/3560/2996
f 4306/3561/2995 4303/3560/2995 4304/3562/3043
f 4306/3561/2994 4305/3563/2994 4307/3564/2994
f 4307/3564/2993 4310/3565/2993 4308/3566/2993
f 4309/3567/3044 4310/3565/3044 4311/3568/3044
f 4309/3567/3045 4312/3569/3046 4314/3570/2989
f 4314/3570/2987 4313/3571/2987 4315/3572/3047
f 4315/3572/2986 4316/3573/2986 4246/3574/2986
f 4319/3575/475 4317/3491/475 4321/3576/475
f 4291/3577/3015 4320/3575/3015 4318/3577/3015
f 4321/3576/191 4243/3578/191 4322/3490/191
f 4320/3575/3016 4324/3577/3016 4318/3577/3016
f 4269/3579/207 4323/3524/207 4320/3524/207
f 4323/3575/3017 4335/3577/3017 4324/3577/3017
f 4326/3580/207 4325/3524/207 4323/3524/207
f 4269/3579/207 4328/3504/207 4326/3580/207
f 4326/3580/207 4329/3504/207 4327/3581/207
f 4331/3488/3013 4329/3489/3013 4328/3489/3013
f 4244/3488/3014 4328/3489/3014 4330/3489/3014
f 4336/3582/175 4331/3496/175 4244/3496/175
f 4332/3583/175 4333/3496/175 4331/3496/175
f 4334/3584/159 4329/3504/159 4333/3585/159
f 4334/3584/159 4325/3524/159 4327/3581/159
f 4332/3583/175 4335/3532/175 4334/3586/175
f 4336/3582/175 4324/3532/175 4332/3583/175
f 2329/3386/411 2252/3471/411 2249/3387/411
f 2249/3387/2984 2251/3387/2984 2322/3388/2984
f 2308/3587/175 2307/3588/175 2309/3458/175
f 2309/3458/175 2251/3391/175 2335/3589/175
f 2251/3391/175 2249/3460/175 2343/3590/175
f 2338/3389/175 2251/3391/175 2343/3590/175
f 2249/3460/175 2253/3591/175 2255/3592/175
f 2249/3460/175 2255/3592/175 2256/3593/175
f 2330/3594/175 2308/3587/175 2309/3458/175
f 2335/3589/175 2330/3594/175 2309/3458/175
f 2249/3460/175 2256/3593/175 2344/3595/175
f 2249/3460/175 2344/3595/175 2343/3590/175
f 2336/3596/175 2335/3589/175 2251/3391/175
f 2337/3390/175 2336/3596/175 2251/3391/175
f 2254/3597/175 2253/3591/175 2249/3460/175
f 2249/3460/175 2252/3471/175 2266/3598/175
f 2252/3471/175 2327/3392/175 2272/3394/175
f 2249/3460/175 2264/3599/175 2263/3600/175
f 2327/3392/175 2326/3440/175 2274/3601/175
f 2326/3440/175 2290/3602/175 2282/3603/175
f 2326/3440/175 2282/3603/175 2281/3604/175
f 2254/3597/175 2249/3460/175 2263/3600/175
f 2264/3599/175 2249/3460/175 2265/3605/175
f 2326/3440/175 2281/3604/175 2280/3606/175
f 2326/3440/175 2280/3606/175 2279/3607/175
f 2265/3605/175 2249/3460/175 2266/3598/175
f 2266/3598/175 2252/3471/175 2271/3608/175
f 2326/3440/175 2279/3607/175 2274/3601/175
f 2271/3608/175 2252/3471/175 2272/3394/175
f 2327/3392/175 2274/3601/175 2273/3393/175
f 2257/3609/2985 2255/3398/2985 2253/3395/2985
f 2253/3395/2985 2254/3407/2985 2260/3396/2985
f 2259/3397/2985 2257/3609/2985 2253/3395/2985
f 2255/3398/477 2257/3609/477 2258/3399/477
f 2257/3610/207 2259/3611/207 2250/3403/207
f 2250/3403/207 2322/3403/207 2341/3612/207
f 2322/3403/207 2323/3467/207 2333/3613/207
f 2334/3614/207 2322/3403/207 2333/3613/207
f 2323/3467/207 2305/3615/207 2331/3616/207
f 2323/3467/207 2331/3616/207 2332/3617/207
f 2258/3618/207 2257/3610/207 2250/3403/207
f 2342/3619/207 2258/3618/207 2250/3403/207
f 2323/3467/207 2332/3617/207 2333/3613/207
f 2341/3612/207 2342/3619/207 2250/3403/207
f 2340/3402/207 2341/3612/207 2322/3403/207
f 2322/3403/207 2334/3614/207 2339/3401/207
f 2286/3463/207 2328/3470/207 2276/3620/207
f 2328/3470/207 2329/3386/207 2270/3405/207
f 2286/3463/207 2284/3621/207 2285/3622/207
f 2329/3386/207 2250/3403/207 2268/3623/207
f 2250/3403/207 2259/3611/207 2260/3624/207
f 2250/3403/207 2260/3624/207 2261/3625/207
f 2284/3621/207 2286/3463/207 2283/3626/207
f 2283/3626/207 2286/3463/207 2278/3627/207
f 2250/3403/207 2261/3625/207 2262/3628/207
f 2250/3403/207 2262/3628/207 2267/3629/207
f 2278/3627/207 2286/3463/207 2277/3630/207
f 2277/3630/207 2286/3463/207 2276/3620/207
f 2250/3403/207 2267/3629/207 2268/3623/207
f 2276/3620/207 2328/3470/207 2275/3631/207
f 2275/3631/207 2328/3470/207 2270/3405/207
f 2329/3386/207 2268/3623/207 2269/3404/207
f 2263/3406/2986 2261/3409/2986 2260/3396/2986
f 2264/3408/2987 2262/3411/2987 2261/3409/2987
f 2265/3410/2989 2267/3413/2990 2262/3411/2990
f 2266/3412/2991 2268/3415/2991 2267/3413/2991
f 2271/3414/2992 2269/3417/2993 2268/3415/2993
f 2272/3416/2994 2270/3419/2994 2269/3417/2994
f 2273/3418/2995 2275/3421/2995 2270/3419/2995
f 2274/3420/2996 2276/3423/2997 2275/3421/2997
f 2279/3422/2998 2277/3425/2998 2276/3423/2998
f 2280/3424/2999 2278/3427/2999 2277/3425/2999
f 2281/3426/3000 2283/3429/3000 2278/3427/3000
f 2282/3428/3001 2284/3632/3001 2283/3429/3001
f 2284/3632/567 2282/3428/567 2290/3430/567
f 2290/3430/567 2289/3437/446 2287/3431/446
f 2285/3432/567 2284/3632/567 2290/3430/567
f 2305/3615/207 2323/3467/207 2304/3633/207
f 2323/3467/207 2324/3433/207 2302/3634/207
f 2304/3633/207 2323/3467/207 2303/3635/207
f 2324/3433/207 2286/3463/207 2295/3434/207
f 2286/3463/207 2285/3622/207 2287/3636/207
f 2286/3463/207 2287/3636/207 2288/3637/207
f 2303/3635/207 2323/3467/207 2302/3634/207
f 2286/3463/207 2288/3637/207 2294/3638/207
f 2286/3463/207 2294/3638/207 2295/3434/207
f 2297/3639/207 2302/3634/207 2324/3433/207
f 2296/3435/207 2297/3639/207 2324/3433/207
f 2291/3436/418 2288/3442/418 2287/3431/418
f 2289/3640/175 2290/3602/175 2326/3440/175
f 2326/3440/175 2310/3440/175 2293/3439/175
f 2310/3440/175 2309/3458/175 2300/3641/175
f 2298/3438/175 2310/3440/175 2299/3642/175
f 2309/3458/175 2307/3588/175 2306/3643/175
f 2309/3458/175 2306/3643/175 2301/3644/175
f 2291/3645/175 2289/3640/175 2326/3440/175
f 2292/3646/175 2291/3645/175 2326/3440/175
f 2309/3458/175 2301/3644/175 2300/3641/175
f 2300/3641/175 2299/3642/175 2310/3440/175
f 2293/3439/175 2292/3646/175 2326/3440/175
f 2291/3436/432 2292/3443/432 2294/3441/432
f 2292/3443/460 2293/3445/460 2295/3444/460
f 2293/3445/3002 2298/3447/3002 2296/3446/3002
f 2298/3447/3003 2299/3449/3003 2297/3448/3004
f 2299/3449/3005 2300/3451/3005 2302/3450/3005
f 2300/3451/3007 2301/3453/3007 2303/3452/3007
f 2301/3453/3008 2306/3647/3008 2304/3454/3009
f 2305/3457/3012 2304/3454/3048 2306/3647/3049
f 2307/3455/3010 2308/3648/3034 2331/3456/3011
f 2305/3457/3012 2306/3647/3049 2307/3455/3010
f 2309/3458/175 2311/3459/175 2312/3391/175
f 2309/3458/175 2310/3440/175 2313/3440/175
f 2311/3459/175 2314/3461/175 2316/3460/175
f 2311/3459/175 2313/3440/175 2315/3440/175
f 2314/3462/159 2315/3649/159 2319/3463/159
f 2314/3462/159 2317/3464/159 2320/3403/159
f 2318/3466/207 2321/3403/207 2320/3403/207
f 2318/3466/207 2317/3464/207 2319/3463/207
f 2321/3388/3013 2312/3387/3013 2316/3387/3013
f 2323/3467/207 2322/3403/207 2321/3403/207
f 2251/3387/3014 2312/3387/3014 2321/3388/3014
f 2323/3467/207 2318/3466/207 2325/3463/207
f 2286/3468/3015 2324/3468/3015 2310/3469/3015
f 2324/3468/3016 2325/3468/3016 2313/3469/3016
f 2325/3468/3017 2319/3468/3017 2315/3469/3017
f 2286/3468/475 2326/3469/475 2327/3392/475
f 2328/3470/191 2327/3392/191 2252/3471/191
f 2308/3472/3018 2330/3475/3018 2332/3473/3018
f 2330/3475/3019 2335/3477/3019 2333/3476/3020
f 2335/3477/3021 2336/3479/3021 2334/3478/3021
f 2336/3479/3022 2337/3481/3022 2339/3480/3023
f 2337/3481/3025 2338/3483/3025 2340/3482/3026
f 2338/3483/3027 2343/3485/3027 2341/3484/3028
f 2343/3485/3029 2344/3487/3029 2342/3486/3029
f 2344/3487/510 2256/3400/510 2258/3399/510
f 4241/3488/2984 4244/3488/2984 4330/3489/2984
f 4322/3490/411 4243/3578/411 4241/3488/411
f 4246/3650/175 4245/3651/175 4241/3496/175
f 4241/3496/175 4243/3578/175 4308/3652/175
f 4243/3578/175 4317/3491/175 4306/3493/175
f 4241/3496/175 4314/3653/175 4315/3654/175
f 4317/3491/175 4291/3532/175 4300/3655/175
f 4291/3532/175 4290/3656/175 4292/3657/175
f 4291/3532/175 4292/3657/175 4293/3658/175
f 4246/3650/175 4241/3496/175 4315/3654/175
f 4314/3653/175 4241/3496/175 4309/3659/175
f 4291/3532/175 4293/3658/175 4298/3660/175
f 4291/3532/175 4298/3660/175 4299/3661/175
f 4309/3659/175 4241/3496/175 4308/3652/175
f 4308/3652/175 4243/3578/175 4307/3662/175
f 4291/3532/175 4299/3661/175 4300/3655/175
f 4307/3662/175 4243/3578/175 4306/3493/175
f 4317/3491/175 4300/3655/175 4301/3492/175
f 4265/3663/175 4273/3664/175 4336/3582/175
f 4336/3582/175 4244/3496/175 4263/3665/175
f 4244/3496/175 4241/3496/175 4255/3666/175
f 4256/3494/175 4244/3496/175 4255/3666/175
f 4241/3496/175 4245/3651/175 4247/3667/175
f 4241/3496/175 4247/3667/175 4248/3668/175
f 4264/3669/175 4265/3663/175 4336/3582/175
f 4263/3665/175 4264/3669/175 4336/3582/175
f 4241/3496/175 4248/3668/175 4254/3670/175
f 4241/3496/175 4254/3670/175 4255/3666/175
f 4262/3671/175 4263/3665/175 4244/3496/175
f 4257/3495/175 4262/3671/175 4244/3496/175
f 4245/3497/2985 4246/3574/553 4316/3573/3050
f 4250/3498/553 4249/3672/3030 4247/3499/3030
f 4245/3497/2985 4316/3573/3050 4250/3498/553
f 4247/3499/477 4249/3672/477 4251/3500/477
f 4249/3673/207 4250/3674/207 4242/3504/207
f 4242/3504/207 4330/3504/207 4253/3675/207
f 4330/3504/207 4269/3579/207 4261/3676/207
f 4260/3677/207 4330/3504/207 4261/3676/207
f 4269/3579/207 4268/3678/207 4267/3679/207
f 4269/3579/207 4267/3679/207 4266/3680/207
f 4251/3681/207 4249/3673/207 4242/3504/207
f 4252/3682/207 4251/3681/207 4242/3504/207
f 4269/3579/207 4266/3680/207 4261/3676/207
f 4253/3675/207 4252/3682/207 4242/3504/207
f 4258/3503/207 4253/3675/207 4330/3504/207
f 4330/3504/207 4260/3677/207 4259/3502/207
f 4254/3505/510 4248/3501/510 4251/3500/510
f 4255/3507/3029 4254/3505/3029 4252/3506/3029
f 4256/3509/3027 4255/3507/3027 4253/3508/3031
f 4257/3511/3026 4256/3509/3026 4258/3510/3026
f 4262/3513/3024 4257/3511/3024 4259/3512/3024
f 4263/3515/3032 4262/3513/3032 4260/3514/3032
f 4264/3517/3020 4263/3515/3020 4261/3516/3020
f 4265/3519/3033 4264/3517/3033 4266/3518/3033
f 4268/3523/3036 4270/3528/3012 4272/3683/3034
f 4273/3521/3034 4265/3684/3034 4267/3522/3035
f 4268/3523/3036 4272/3683/3034 4273/3521/3034
f 4268/3678/207 4269/3579/207 4270/3685/207
f 4269/3579/207 4320/3524/207 4277/3686/207
f 4270/3685/207 4269/3579/207 4271/3687/207
f 4320/3524/207 4319/3524/207 4280/3525/207
f 4319/3524/207 4288/3688/207 4287/3689/207
f 4319/3524/207 4287/3689/207 4286/3690/207
f 4271/3687/207 4269/3579/207 4277/3686/207
f 4319/3524/207 4286/3690/207 4285/3691/207
f 4319/3524/207 4285/3691/207 4280/3525/207
f 4278/3692/207 4277/3686/207 4320/3524/207
f 4279/3526/207 4278/3692/207 4320/3524/207
f 4274/3527/3008 4272/3683/3008 4270/3528/3008
f 4289/3693/175 4290/3656/175 4291/3532/175
f 4291/3532/175 4318/3532/175 4282/3531/175
f 4318/3532/175 4336/3582/175 4275/3694/175
f 4281/3530/175 4318/3532/175 4276/3695/175
f 4336/3582/175 4273/3664/175 4272/3696/175
f 4336/3582/175 4272/3696/175 4274/3697/175
f 4284/3698/175 4289/3693/175 4291/3532/175
f 4283/3699/175 4284/3698/175 4291/3532/175
f 4336/3582/175 4274/3697/175 4275/3694/175
f 4275/3694/175 4276/3695/175 4318/3532/175
f 4282/3531/175 4283/3699/175 4291/3532/175
f 4275/3533/3037 4274/3527/3037 4271/3529/3037
f 4278/3535/3038 4276/3700/3005 4275/3533/3038
f 4281/3536/3003 4276/3700/3003 4278/3535/3003
f 4282/3538/3039 4281/3536/3039 4279/3537/3002
f 4283/3540/460 4282/3538/460 4280/3539/460
f 4284/3542/432 4283/3540/432 4285/3541/432
f 4284/3542/418 4286/3543/418 4287/3544/418
f 4290/3546/446 4289/3545/567 4287/3544/3051
f 4288/3547/567 4294/3701/446 4292/3548/3040
f 4290/3546/446 4287/3544/3051 4288/3547/567
f 4292/3548/3001 4294/3701/3001 4295/3549/3001
f 4319/3524/207 4321/3576/207 4302/3702/207
f 4321/3576/207 4322/3490/207 4304/3552/207
f 4319/3524/207 4294/3703/207 4288/3688/207
f 4322/3490/207 4242/3504/207 4310/3704/207
f 4242/3504/207 4250/3674/207 4316/3705/207
f 4242/3504/207 4316/3705/207 4313/3706/207
f 4294/3703/207 4319/3524/207 4295/3707/207
f 4295/3707/207 4319/3524/207 4296/3708/207
f 4242/3504/207 4313/3706/207 4312/3709/207
f 4242/3504/207 4312/3709/207 4311/3710/207
f 4296/3708/207 4319/3524/207 4297/3711/207
f 4297/3711/207 4319/3524/207 4302/3702/207
f 4242/3504/207 4311/3710/207 4310/3704/207
f 4302/3702/207 4321/3576/207 4303/3712/207
f 4303/3712/207 4321/3576/207 4304/3552/207
f 4322/3490/207 4310/3704/207 4305/3551/207
f 4293/3550/3000 4295/3549/3000 4296/3553/3000
f 4298/3554/3041 4296/3553/3041 4297/3555/3041
f 4299/3556/3042 4297/3555/3042 4302/3557/3042
f 4301/3559/2996 4300/3558/2996 4302/3557/2996
f 4306/3561/2995 4301/3559/2995 4303/3560/2995
f 4306/3561/2994 4304/3562/3052 4305/3563/2994
f 4307/3564/2993 4305/3563/2993 4310/3565/2993
f 4309/3567/3044 4308/3566/3044 4310/3565/3044
f 4309/3567/3045 4311/3568/3046 4312/3569/3046
f 4314/3570/2987 4312/3569/3047 4313/3571/2987
f 4315/3572/2986 4313/3571/2986 4316/3573/2986
f 4319/3575/475 4291/3577/475 4317/3491/475
f 4291/3577/3015 4319/3575/3015 4320/3575/3015
f 4321/3576/191 4317/3491/191 4243/3578/191
f 4320/3575/3016 4323/3575/3016 4324/3577/3016
f 4269/3579/207 4326/3580/207 4323/3524/207
f 4323/3575/3017 4325/3575/3017 4335/3577/3017
f 4326/3580/207 4327/3581/207 4325/3524/207
f 4269/3579/207 4330/3504/207 4328/3504/207
f 4326/3580/207 4328/3504/207 4329/3504/207
f 4331/3488/3013 4333/3488/3013 4329/3489/3013
f 4244/3488/3014 4331/3488/3014 4328/3489/3014
f 4336/3582/175 4332/3583/175 4331/3496/175
f 4332/3583/175 4334/3586/175 4333/3496/175
f 4334/3584/159 4327/3581/159 4329/3504/159
f 4334/3584/159 4335/3713/159 4325/3524/159
f 4332/3583/175 4324/3532/175 4335/3532/175
f 4336/3582/175 4318/3532/175 4324/3532/175
usemtl ボタン
f 12/3714/411 4/3715/411 36/3716/411
f 3/3717/159 2/3718/3053 1/3719/159
f 6/3720/3054 1/3721/159 4/3722/3054
f 7/3723/3055 4/3722/3054 5/3724/3055
f 31/3725/475 47/3726/475 63/3727/475
f 8/3728/3056 5/3724/3055 10/3729/3056
f 9/3730/3057 10/3729/3056 11/3731/3057
f 14/3732/3058 11/3731/3057 12/3733/3058
f 15/3734/3059 12/3733/3058 13/3735/3059
f 16/3736/3060 13/3735/3059 18/3737/3060
f 17/3738/175 18/3737/3060 19/3739/175
f 22/3740/177 19/3739/175 20/3741/177
f 23/3742/3061 20/3741/177 21/3743/3061
f 24/3744/3062 21/3743/3061 26/3745/3062
f 25/3746/3063 26/3745/3062 27/3747/3063
f 30/3748/3064 27/3747/3063 28/3749/3064
f 31/3750/3065 28/3749/3064 29/3751/3065
f 32/3752/3066 29/3751/3065 34/3753/3066
f 33/3754/191 34/3753/3066 35/3755/191
f 38/3756/3067 35/3755/191 36/3757/3067
f 39/3758/3068 36/3757/3067 37/3759/3068
f 40/3760/3069 37/3759/3068 42/3761/3069
f 41/3762/3070 42/3761/3069 43/3763/3070
f 46/3764/3071 43/3763/3070 44/3765/3071
f 47/3766/3072 44/3765/3071 45/3767/3072
f 48/3768/2218 45/3767/3072 50/3769/2218
f 49/3770/207 50/3769/2218 51/3771/207
f 54/3772/209 51/3771/207 52/3773/209
f 55/3774/3073 52/3773/209 53/3775/3073
f 56/3776/3074 53/3775/3073 58/3777/3074
f 57/3778/3075 58/3777/3074 59/3779/3075
f 62/3780/3076 59/3779/3075 60/3781/3076
f 63/3782/3077 60/3781/3076 61/3783/3077
f 64/3784/3053 61/3783/3077 2/3718/3053
f 4/3715/411 1/3785/411 60/3786/411
f 1/3785/411 2/3787/411 60/3786/411
f 2/3787/411 61/3788/411 60/3786/411
f 60/3786/411 59/3789/411 52/3790/411
f 59/3789/411 58/3791/411 52/3790/411
f 58/3791/411 53/3792/411 52/3790/411
f 52/3790/411 51/3793/411 44/3794/411
f 51/3793/411 50/3795/411 44/3794/411
f 50/3795/411 45/3796/411 44/3794/411
f 44/3794/411 43/3797/411 42/3798/411
f 42/3798/411 37/3799/411 36/3716/411
f 36/3716/411 35/3800/411 28/3801/411
f 35/3800/411 34/3802/411 28/3801/411
f 34/3802/411 29/3803/411 28/3801/411
f 28/3801/411 27/3804/411 26/3805/411
f 26/3805/411 21/3806/411 20/3807/411
f 20/3807/411 19/3808/411 12/3714/411
f 19/3808/411 18/3809/411 12/3714/411
f 18/3809/411 13/3810/411 12/3714/411
f 12/3714/411 11/3811/411 4/3715/411
f 11/3811/411 10/3812/411 4/3715/411
f 10/3812/411 5/3813/411 4/3715/411
f 44/3794/411 42/3798/411 36/3716/411
f 28/3801/411 26/3805/411 20/3807/411
f 4/3715/411 60/3786/411 52/3790/411
f 52/3790/411 44/3794/411 4/3715/411
f 44/3794/411 36/3716/411 4/3715/411
f 36/3716/411 28/3801/411 20/3807/411
f 20/3807/411 12/3714/411 36/3716/411
f 3/3717/159 64/3784/3053 2/3718/3053
f 6/3720/3054 3/3814/159 1/3721/159
f 7/3723/3055 6/3720/3054 4/3722/3054
f 63/3727/475 64/3815/475 3/3816/475
f 3/3816/475 6/3817/475 7/3818/475
f 7/3818/475 8/3819/475 9/3820/475
f 9/3820/475 14/3821/475 15/3822/475
f 15/3822/475 16/3823/475 17/3824/475
f 17/3824/475 22/3825/475 23/3826/475
f 23/3826/475 24/3827/475 25/3828/475
f 25/3828/475 30/3829/475 23/3826/475
f 30/3829/475 31/3725/475 23/3826/475
f 31/3725/475 32/3830/475 33/3831/475
f 33/3831/475 38/3832/475 39/3833/475
f 39/3833/475 40/3834/475 41/3835/475
f 41/3835/475 46/3836/475 39/3833/475
f 46/3836/475 47/3726/475 39/3833/475
f 47/3726/475 48/3837/475 49/3838/475
f 49/3838/475 54/3839/475 55/3840/475
f 55/3840/475 56/3841/475 57/3842/475
f 57/3842/475 62/3843/475 63/3727/475
f 63/3727/475 3/3816/475 7/3818/475
f 7/3818/475 9/3820/475 63/3727/475
f 9/3820/475 15/3822/475 63/3727/475
f 15/3822/475 17/3824/475 23/3826/475
f 31/3725/475 33/3831/475 47/3726/475
f 33/3831/475 39/3833/475 47/3726/475
f 47/3726/475 49/3838/475 55/3840/475
f 55/3840/475 57/3842/475 47/3726/475
f 57/3842/475 63/3727/475 47/3726/475
f 15/3822/475 23/3826/475 63/3727/475
f 23/3826/475 31/3725/475 63/3727/475
f 8/3728/3056 7/3723/3055 5/3724/3055
f 9/3730/3057 8/3728/3056 10/3729/3056
f 14/3732/3058 9/3730/3057 11/3731/3057
f 15/3734/3059 14/3732/3058 12/3733/3058
f 16/3736/3060 15/3734/3059 13/3735/3059
f 17/3738/175 16/3736/3060 18/3737/3060
f 22/3740/177 17/3738/175 19/3739/175
f 23/3742/3061 22/3740/177 20/3741/177
f 24/3744/3062 23/3742/3061 21/3743/3061
f 25/3746/3063 24/3744/3062 26/3745/3062
f 30/3748/3064 25/3746/3063 27/3747/3063
f 31/3750/3065 30/3748/3064 28/3749/3064
f 32/3752/3066 31/3750/3065 29/3751/3065
f 33/3754/191 32/3752/3066 34/3753/3066
f 38/3756/3067 33/3754/191 35/3755/191
f 39/3758/3068 38/3756/3067 36/3757/3067
f 40/3760/3069 39/3758/3068 37/3759/3068
f 41/3762/3070 40/3760/3069 42/3761/3069
f 46/3764/3071 41/3762/3070 43/3763/3070
f 47/3766/3072 46/3764/3071 44/3765/3071
f 48/3768/2218 47/3766/3072 45/3767/3072
f 49/3770/207 48/3768/2218 50/3769/2218
f 54/3772/209 49/3770/207 51/3771/207
f 55/3774/3073 54/3772/209 52/3773/209
f 56/3776/3074 55/3774/3073 53/3775/3073
f 57/3778/3075 56/3776/3074 58/3777/3074
f 62/3780/3076 57/3778/3075 59/3779/3075
f 63/3782/3077 62/3780/3076 60/3781/3076
f 64/3784/3053 63/3782/3077 61/3783/3077
